"id","date","dive_number","boat","dive_guide","dive_site","max_depth","water_temperature","sightings"
10,"2023-09-24",2,"Fin & Tonic","Lenny","Babylon",22,29,"[{""species"" : ""Caribbean Reef Shark"", ""count"" : 2}, {""species"" : ""Green Turtle"", ""count"" : 10}, {""species"" : ""Hawksbill Turtle"", ""count"" : 2}, {""species"" : ""Lionfish Alive"", ""count"" : 2}]"
9,"2023-09-24",1,"Fin & Tonic","Lenny","Diamond Rock",25,29,"[{""species"" : ""Roughtail Stingray"", ""count"" : 2}, {""species"" : ""Green Turtle"", ""count"" : 3}]"
12,"2023-09-25",2,"Fin & Tonic","Aaron","Tent Shallow",22,29,"[{""species"" : ""Caribbean Reef Shark"", ""count"" : 1}, {""species"" : ""Green Turtle"", ""count"" : 3}]"
11,"2023-09-25",1,"Fin & Tonic","Josef","Customs House",28,29,"[{""species"" : ""Green Turtle"", ""count"" : 2}, {""species"" : ""Nurse Shark"", ""count"" : 1}, {""species"" : ""Roughtail Stingray"", ""count"" : 1}]"
8,"2023-09-25",3,"Fin & Tonic","Josef","Man of War Shoals",22,27,"[{""species"" : ""Nassau Grouper"", ""count"" : 1}, {""species"" : ""Green Turtle"", ""count"" : 1}]"
14,"2023-09-26",2,"Fin & Tonic","Svenja","Big Rock Deep",25,30,"[{""species"" : ""Green Turtle"", ""count"" : 1}, {""species"" : ""Caribbean Reef Shark"", ""count"" : 1}, {""species"" : ""Lionfish Alive"", ""count"" : 3}]"
16,"2023-09-29",3,"Fin & Tonic","Otto","Tent Shallow",23,29,"[{""species"" : ""Green Turtle"", ""count"" : 7}, {""species"" : ""Nurse Shark"", ""count"" : 1}, {""species"" : ""Southern Stingray"", ""count"" : 4}, {""species"" : ""Longspine Sea Urchin"", ""count"" : 4}, {""species"" : ""Lionfish Alive"", ""count"" : 1}]"
15,"2023-09-30",2,"Fin & Tonic","Otto","Abraham's Hole",24,29,"[{""species"" : ""Caribbean Reef Shark"", ""count"" : 1}]"
17,"2023-09-30",3,"Shark Bait","Josef","Twilight Zone",36,29,"[{""species"" : ""Caribbean Reef Shark"", ""count"" : 1}, {""species"" : ""Longspine Sea Urchin"", ""count"" : 1}]"
18,"2023-09-30",1,"Fin & Tonic","Otto","Customs House",25,29,"[{""species"" : ""Lettuce Sea Slug"", ""count"" : 2}, {""species"" : ""Green Turtle"", ""count"" : 2}, {""species"" : ""Caribbean Reef Shark"", ""count"" : 3}, {""species"" : ""Roughtail Stingray"", ""count"" : 1}, {""species"" : ""Southern Stingray"", ""count"" : 4}, {""species"" : ""Yellowfin Grouper"", ""count"" : 1}, {""species"" : ""Lionfish Alive"", ""count"" : 4}]"
19,"2023-09-30",3,"Fin & Tonic","Otto","Ladder Drift",32,29,"[{""species"" : ""Caribbean Reef Shark"", ""count"" : 2}, {""species"" : ""Southern Stingray"", ""count"" : 3}, {""species"" : ""Yellowfin Grouper"", ""count"" : 1}, {""species"" : ""Lettuce Sea Slug"", ""count"" : 2}, {""species"" : ""Lionfish Alive"", ""count"" : 7}]"
20,"2023-10-01",1,"Shark Bait","Josef","Third Encounter",31,29,"[{""species"" : ""Caribbean Reef Shark"", ""count"" : 1}, {""species"" : ""Longspine Sea Urchin"", ""count"" : 1}, {""species"" : ""Lionfish Alive"", ""count"" : 1}]"
21,"2023-10-05",2,"Fin & Tonic","Zachary","Twilight Zone",30,29,"[{""species"" : ""Caribbean Reef Shark"", ""count"" : 2}, {""species"" : ""Yellowfin Grouper"", ""count"" : 3}]"
22,"2023-10-06",1,"Fin & Tonic","Richard","Diamond Rock",26,30,"[{""species"" : ""Green Turtle"", ""count"" : 2}, {""species"" : ""Hawksbill Turtle"", ""count"" : 1}, {""species"" : ""Nassau Grouper"", ""count"" : 3}, {""species"" : ""Longspine Sea Urchin"", ""count"" : 4}, {""species"" : ""Lionfish Alive"", ""count"" : 3}]"
23,"2023-10-06",3,"Fin & Tonic","Richard","Torrens Point",12,30,"[{""species"" : ""Green Turtle"", ""count"" : 2}, {""species"" : ""Caribbean Reef Shark"", ""count"" : 1}, {""species"" : ""Longspine Sea Urchin"", ""count"" : 6}, {""species"" : ""Lionfish Alive"", ""count"" : 1}]"
25,"2023-10-07",2,"Fin & Tonic","Josef","Otto Limits",14,29,"[{""species"" : ""Hawksbill Turtle"", ""count"" : 1}, {""species"" : ""Longspine Sea Urchin"", ""count"" : 1}]"
26,"2023-10-07",1,"Fin & Tonic","Richard","Man of War Shoals",22,30,"[{""species"" : ""Green Turtle"", ""count"" : 1}, {""species"" : ""Nurse Shark"", ""count"" : 1}, {""species"" : ""Southern Stingray"", ""count"" : 2}, {""species"" : ""Longspine Sea Urchin"", ""count"" : 3}]"
27,"2023-10-07",2,"Fin & Tonic","Richard","Otto Limits",14,30,"[{""species"" : ""Green Turtle"", ""count"" : 1}, {""species"" : ""Hawksbill Turtle"", ""count"" : 2}, {""species"" : ""Nurse Shark"", ""count"" : 1}]"
28,"2023-10-07",3,"Fin & Tonic","Lenny","Tent Drift",22,29,"[{""species"" : ""Sea Egg"", ""count"" : 5}, {""species"" : ""Green Turtle"", ""count"" : 4}, {""species"" : ""Caribbean Reef Shark"", ""count"" : 5}, {""species"" : ""Roughtail Stingray"", ""count"" : 1}, {""species"" : ""Southern Stingray"", ""count"" : 2}, {""species"" : ""Nassau Grouper"", ""count"" : 2}, {""species"" : ""Reef Urchin"", ""count"" : 2}, {""species"" : ""Lettuce Sea Slug"", ""count"" : 6}, {""species"" : ""Flamingo Tongue"", ""count"" : 8}]"
29,"2023-10-08",3,"Fin & Tonic","Richard","Otto Limits",15,30,"[{""species"" : ""Hawksbill Turtle"", ""count"" : 1}, {""species"" : ""Nurse Shark"", ""count"" : 2}, {""species"" : ""Southern Stingray"", ""count"" : 1}, {""species"" : ""Tiger Grouper"", ""count"" : 1}, {""species"" : ""Longspine Sea Urchin"", ""count"" : 2}]"
30,"2023-10-08",1,"Shark Bait","Josef","Man of War Shoals",22,29,"[{""species"" : ""Green Turtle"", ""count"" : 3}]"
31,"2023-10-08",2,"Shark Bait","Josef","Hot Springs",25,29,"[{""species"" : ""Green Turtle"", ""count"" : 4}]"
32,"2023-10-08",1,"Shark Bait","Otto","Man of War Shoals",22,29,"[{""species"" : ""Yellowfin Grouper"", ""count"" : 1}, {""species"" : ""Lionfish Alive"", ""count"" : 1}]"
33,"2023-10-08",3,"Shark Bait","Otto","Tent Reef",23,29,"[{""species"" : ""Green Turtle"", ""count"" : 4}, {""species"" : ""Nurse Shark"", ""count"" : 1}, {""species"" : ""Southern Stingray"", ""count"" : 2}, {""species"" : ""Longspine Sea Urchin"", ""count"" : 3}, {""species"" : ""Lionfish Alive"", ""count"" : 2}]"
34,"2023-10-08",1,"Fin & Tonic","Lenny","Diamond Rock",26,29,"[{""species"" : ""Green Turtle"", ""count"" : 3}, {""species"" : ""Caribbean Reef Shark"", ""count"" : 2}, {""species"" : ""Southern Stingray"", ""count"" : 2}, {""species"" : ""Yellowfin Grouper"", ""count"" : 3}, {""species"" : ""Tiger Grouper"", ""count"" : 1}, {""species"" : ""Lionfish Alive"", ""count"" : 3}]"
35,"2023-10-08",2,"Fin & Tonic","Lenny","Ladder Drift",23,29,"[{""species"" : ""Green Turtle"", ""count"" : 6}, {""species"" : ""Caribbean Reef Shark"", ""count"" : 2}, {""species"" : ""Roughtail Stingray"", ""count"" : 1}, {""species"" : ""Southern Stingray"", ""count"" : 3}, {""species"" : ""Sea Egg"", ""count"" : 2}, {""species"" : ""Lionfish Alive"", ""count"" : 9}]"
36,"2023-10-09",1,"Shark Bait","Vicky","Diamond Rock",26,30,"[{""species"" : ""Green Turtle"", ""count"" : 1}, {""species"" : ""Hawksbill Turtle"", ""count"" : 1}, {""species"" : ""Yellowfin Grouper"", ""count"" : 2}]"
37,"2023-10-09",2,"Shark Bait","Vicky","Tent Reef Wall",23,30,"[{""species"" : ""Green Turtle"", ""count"" : 3}, {""species"" : ""Southern Stingray"", ""count"" : 1}, {""species"" : ""Flamingo Tongue"", ""count"" : 5}]"
38,"2023-10-09",1,"Fin & Tonic","Richard","Customs House",30,30,"[{""species"" : ""Green Turtle"", ""count"" : 1}, {""species"" : ""Hawksbill Turtle"", ""count"" : 1}, {""species"" : ""Caribbean Reef Shark"", ""count"" : 1}, {""species"" : ""Nassau Grouper"", ""count"" : 2}, {""species"" : ""Lionfish Alive"", ""count"" : 1}, {""species"" : ""Lionfish Dead"", ""count"" : 1}]"
39,"2023-10-09",2,"Shark Bait","Aaron","Tent Reef Wall",24,29,"[{""species"" : ""Green Turtle"", ""count"" : 4}, {""species"" : ""Caribbean Reef Shark"", ""count"" : 1}, {""species"" : ""Yellowfin Grouper"", ""count"" : 2}, {""species"" : ""Lettuce Sea Slug"", ""count"" : 4}, {""species"" : ""Flamingo Tongue"", ""count"" : 2}, {""species"" : ""Lionfish Alive"", ""count"" : 2}]"
40,"2023-10-09",1,"Shark Bait","Josef","Diamond Rock",25,29,"[{""species"" : ""Caribbean Reef Shark"", ""count"" : 3}, {""species"" : ""Yellowfin Grouper"", ""count"" : 3}, {""species"" : ""Lionfish Alive"", ""count"" : 2}]"
47,"2023-10-10",3,"Shark Bait","Aaron","Tent Deep",18,29,"[{""species"" : ""Green Turtle"", ""count"" : 5}, {""species"" : ""Southern Stingray"", ""count"" : 2}, {""species"" : ""Caribbean Reef Shark"", ""count"" : 1}, {""species"" : ""Lettuce Sea Slug"", ""count"" : 4}, {""species"" : ""Flamingo Tongue"", ""count"" : 4}, {""species"" : ""Lionfish Alive"", ""count"" : 2}, {""species"" : ""Yellowfin Grouper"", ""count"" : 1}]"
41,"2023-10-10",3,"Shark Bait","Josef","Hole in the Corner",25,29,"[{""species"" : ""Caribbean Reef Shark"", ""count"" : 2}, {""species"" : ""Nurse Shark"", ""count"" : 1}]"
42,"2023-10-10",1,"Fin & Tonic","Zachary","Tedran Wall",27,29,"[{""species"" : ""Green Turtle"", ""count"" : 1}, {""species"" : ""Caribbean Reef Shark"", ""count"" : 1}, {""species"" : ""Lionfish Alive"", ""count"" : 2}]"
43,"2023-10-10",1,"Shark Bait","Vicky","Customs House",31,30,"[{""species"" : ""Green Turtle"", ""count"" : 1}, {""species"" : ""Nurse Shark"", ""count"" : 1}, {""species"" : ""Southern Stingray"", ""count"" : 3}]"
44,"2023-10-10",2,"Shark Bait","Vicky","Greer Gut",23,30,"[{""species"" : ""Nurse Shark"", ""count"" : 1}, {""species"" : ""Southern Stingray"", ""count"" : 2}, {""species"" : ""Lionfish Alive"", ""count"" : 4}]"
45,"2023-10-10",3,"Fin & Tonic","Zachary","Hole in the Corner",20,29,"[{""species"" : ""Longspine Sea Urchin"", ""count"" : 5}, {""species"" : ""Lettuce Sea Slug"", ""count"" : 1}, {""species"" : ""Lionfish Alive"", ""count"" : 2}]"
46,"2023-10-10",2,"Shark Bait","Aaron","Greer Gut",22,29,"[{""species"" : ""Sea Egg"", ""count"" : 2}, {""species"" : ""Nurse Shark"", ""count"" : 1}, {""species"" : ""Southern Stingray"", ""count"" : 2}, {""species"" : ""Yellowfin Grouper"", ""count"" : 2}, {""species"" : ""Flamingo Tongue"", ""count"" : 5}, {""species"" : ""Lionfish Alive"", ""count"" : 2}]"
48,"2023-10-10",2,"Fin & Tonic","Richard","Otto Limits",21,29,"[{""species"" : ""Hawksbill Turtle"", ""count"" : 2}, {""species"" : ""Caribbean Reef Shark"", ""count"" : 1}, {""species"" : ""Nurse Shark"", ""count"" : 2}]"
49,"2023-10-10",2,"Shark Bait","Josef","Otto Limits",15,29,"[{""species"" : null, ""count"" : null}]"
51,"2023-10-11",1,"Shark Bait","Josef","Twilight Zone",37,29,"[{""species"" : ""Lionfish Alive"", ""count"" : 1}]"
60,"2023-10-11",2,"Fin & Tonic","Otto","Green Island",20,29,"[{""species"" : ""Lionfish Alive"", ""count"" : 3}, {""species"" : ""Southern Stingray"", ""count"" : 1}]"
52,"2023-10-11",3,"Shark Bait","Josef","David's Drop-off Deep",37,29,"[{""species"" : ""Lionfish Dead"", ""count"" : 1}, {""species"" : ""Lionfish Alive"", ""count"" : 9}]"
53,"2023-10-11",5,"Shark Bait","Josef","Hot Springs",15,28,"[{""species"" : null, ""count"" : null}]"
54,"2023-10-11",3,"Shark Bait","Zachary","David's Drop-off Deep",27,29,"[{""species"" : ""Lettuce Sea Slug"", ""count"" : 3}, {""species"" : ""Lionfish Alive"", ""count"" : 8}, {""species"" : ""Nurse Shark"", ""count"" : 1}, {""species"" : ""Caribbean Reef Shark"", ""count"" : 1}]"
50,"2023-10-11",1,"Fin & Tonic","Otto","Third Encounter",31,29,"[{""species"" : ""Caribbean Reef Shark"", ""count"" : 1}, {""species"" : ""Yellowfin Grouper"", ""count"" : 1}, {""species"" : ""Tiger Grouper"", ""count"" : 1}, {""species"" : ""Nurse Shark"", ""count"" : 1}]"
61,"2023-10-12",1,"Shark Bait","Josef","Third Encounter",30,29,"[{""species"" : ""Nurse Shark"", ""count"" : 2}]"
62,"2023-10-12",2,"Shark Bait","Josef","Man of War Shoals",7,-2,"[{""species"" : null, ""count"" : null}]"
63,"2023-10-12",5,"Shark Bait","Chad","Blackwater",15,29,"[{""species"" : ""White-nosed Pipefish"", ""count"" : 1}]"
67,"2023-10-12",5,"Shark Bait","Otto","Blackwater",12,29,"[{""species"" : ""White-nosed Pipefish"", ""count"" : 1}]"
55,"2023-10-12",3,"Fin & Tonic","Zachary","Man of War Shoals",20,29,"[{""species"" : ""Tiger Grouper"", ""count"" : 1}, {""species"" : ""Green Turtle"", ""count"" : 1}, {""species"" : ""Roughtail Stingray"", ""count"" : 3}]"
56,"2023-10-12",1,"Shark Bait","Vicky","Third Encounter",32,29,"[{""species"" : ""Lionfish Alive"", ""count"" : 3}, {""species"" : ""Caribbean Reef Shark"", ""count"" : 2}, {""species"" : ""Yellowfin Grouper"", ""count"" : 1}]"
57,"2023-10-12",2,"Shark Bait","Vicky","Man of War Shoals",22,29,"[{""species"" : ""Longspine Sea Urchin"", ""count"" : 1}, {""species"" : ""Southern Stingray"", ""count"" : 2}, {""species"" : ""Lettuce Sea Slug"", ""count"" : 1}, {""species"" : ""Green Turtle"", ""count"" : 1}]"
58,"2023-10-12",1,"Fin & Tonic","Otto","Airport Drift",30,29,"[{""species"" : ""Nassau Grouper"", ""count"" : 1}, {""species"" : ""Nurse Shark"", ""count"" : 1}, {""species"" : ""Tiger Grouper"", ""count"" : 1}, {""species"" : ""Lionfish Alive"", ""count"" : 10}]"
59,"2023-10-12",2,"Fin & Tonic","Otto","Core Gut",30,29,"[{""species"" : ""Caribbean Reef Shark"", ""count"" : 1}, {""species"" : ""Lettuce Sea Slug"", ""count"" : 3}, {""species"" : ""Lionfish Alive"", ""count"" : 5}, {""species"" : ""Nassau Grouper"", ""count"" : 1}]"
66,"2023-10-13",3,"Fin & Tonic","Richard","Cove Bay",24,30,"[{""species"" : ""Nurse Shark"", ""count"" : 2}, {""species"" : ""Lionfish Dead"", ""count"" : 6}, {""species"" : ""Lionfish Alive"", ""count"" : 1}]"
64,"2023-10-13",1,"Fin & Tonic","Richard","Airport Drift",27,30,"[{""species"" : ""Lionfish Dead"", ""count"" : 12}, {""species"" : ""Tiger Grouper"", ""count"" : 1}, {""species"" : ""Nurse Shark"", ""count"" : 1}, {""species"" : ""Green Turtle"", ""count"" : 1}]"
65,"2023-10-13",2,"Fin & Tonic","Richard","Airport Drift",27,30,"[{""species"" : ""Lionfish Dead"", ""count"" : 12}, {""species"" : ""Nurse Shark"", ""count"" : 2}, {""species"" : ""Southern Stingray"", ""count"" : 2}, {""species"" : ""Lionfish Alive"", ""count"" : 5}]"
69,"2023-10-14",3,"Fin & Tonic","Zachary","Cove Bay",30,29,"[{""species"" : ""Tiger Grouper"", ""count"" : 1}, {""species"" : ""Nassau Grouper"", ""count"" : 2}, {""species"" : ""Nurse Shark"", ""count"" : 2}, {""species"" : ""Lionfish Alive"", ""count"" : 13}, {""species"" : ""Yellowfin Grouper"", ""count"" : 1}]"
70,"2023-10-14",2,"Fin & Tonic","Otto","Airport North",1,-28,"[{""species"" : ""Lettuce Sea Slug"", ""count"" : 2}, {""species"" : ""Hawksbill Turtle"", ""count"" : 1}, {""species"" : ""Tiger Grouper"", ""count"" : 1}, {""species"" : ""Lionfish Alive"", ""count"" : 4}]"
68,"2023-10-14",1,"Fin & Tonic","Richard","End of the Runway",24,30,"[{""species"" : ""Lionfish Dead"", ""count"" : 5}, {""species"" : ""Lionfish Alive"", ""count"" : 2}]"
72,"2023-10-15",1,"Fin & Tonic","Otto","Tent Boulders",24,29,"[{""species"" : ""Caribbean Reef Shark"", ""count"" : 1}, {""species"" : ""Green Turtle"", ""count"" : 3}, {""species"" : ""Hawksbill Turtle"", ""count"" : 1}]"
71,"2023-10-15",3,"Fin & Tonic","Richard ","Otto Limits",15,30,"[{""species"" : ""Tiger Grouper"", ""count"" : 2}, {""species"" : ""Southern Stingray"", ""count"" : 1}, {""species"" : ""Hawksbill Turtle"", ""count"" : 1}, {""species"" : ""Caribbean Reef Shark"", ""count"" : 2}, {""species"" : ""Nurse Shark"", ""count"" : 2}, {""species"" : ""Lionfish Alive"", ""count"" : 1}]"
84,"2023-10-16",3,"Shark Bait","Zachary","Hole in the Corner",21,29,"[{""species"" : ""Lionfish Alive"", ""count"" : 3}, {""species"" : ""Lettuce Sea Slug"", ""count"" : 3}]"
73,"2023-10-16",1,"Fin & Tonic","Vicky","Third Encounter",102,30,"[{""species"" : ""Lionfish Alive"", ""count"" : 3}, {""species"" : ""Caribbean Reef Shark"", ""count"" : 1}, {""species"" : ""Nurse Shark"", ""count"" : 1}, {""species"" : ""Tiger Grouper"", ""count"" : 1}]"
74,"2023-10-16",2,"Fin & Tonic","Vicky","Man of War Shoals",22,30,"[{""species"" : ""Yellowfin Grouper"", ""count"" : 1}, {""species"" : ""Lionfish Alive"", ""count"" : 2}, {""species"" : ""Green Turtle"", ""count"" : 2}, {""species"" : ""Caribbean Reef Shark"", ""count"" : 3}, {""species"" : ""Southern Stingray"", ""count"" : 3}]"
75,"2023-10-16",3,"Shark Bait","Chad","Hole in the Corner",20,30,"[{""species"" : ""Lionfish Dead"", ""count"" : 3}, {""species"" : ""Longspine Sea Urchin"", ""count"" : 1}, {""species"" : ""Flamingo Tongue"", ""count"" : 2}, {""species"" : ""Lionfish Alive"", ""count"" : 1}]"
76,"2023-10-16",2,"Shark Bait","Zachary","Tent Reef",23,29,"[{""species"" : ""Roughtail Stingray"", ""count"" : 4}, {""species"" : ""Green Turtle"", ""count"" : 4}, {""species"" : ""Caribbean Reef Shark"", ""count"" : 2}]"
78,"2023-10-17",2,"Shark Bait","Chad","End of the Runway",20,29,"[{""species"" : null, ""count"" : null}]"
79,"2023-10-17",1,"Fin & Tonic","Vicky","Tedran Wall",30,30,"[{""species"" : ""Lionfish Alive"", ""count"" : 3}, {""species"" : ""Green Turtle"", ""count"" : 2}, {""species"" : ""Caribbean Reef Shark"", ""count"" : 2}, {""species"" : ""Roughtail Stingray"", ""count"" : 2}, {""species"" : ""Tiger Grouper"", ""count"" : 1}, {""species"" : ""Flamingo Tongue"", ""count"" : 2}]"
80,"2023-10-17",2,"Fin & Tonic","Vicky","Hot Springs",26,30,"[{""species"" : ""Green Turtle"", ""count"" : 5}, {""species"" : ""Southern Stingray"", ""count"" : 2}]"
81,"2023-10-17",1,"Shark Bait","Richard","Customs House",30,30,"[{""species"" : ""Flamingo Tongue"", ""count"" : 1}, {""species"" : ""Southern Stingray"", ""count"" : 3}, {""species"" : ""Leech Head Shield Slug"", ""count"" : 5}, {""species"" : ""Caribbean Reef Shark"", ""count"" : 1}, {""species"" : ""Green Turtle"", ""count"" : 3}]"
82,"2023-10-17",2,"Shark Bait","Richard","Airport Drift",24,30,"[{""species"" : ""Lionfish Alive"", ""count"" : 2}, {""species"" : ""Lionfish Dead"", ""count"" : 3}]"
83,"2023-10-17",3,"Shark Bait","Zachary","Man of War Shoals",21,27,"[{""species"" : ""Longspine Sea Urchin"", ""count"" : 2}, {""species"" : ""Lettuce Sea Slug"", ""count"" : 1}, {""species"" : ""Southern Stingray"", ""count"" : 4}, {""species"" : ""Tiger Grouper"", ""count"" : 2}, {""species"" : ""Green Turtle"", ""count"" : 1}, {""species"" : ""Caribbean Reef Shark"", ""count"" : 2}]"
77,"2023-10-17",1,"Shark Bait","Chad","Customs House",23,29,"[{""species"" : ""Southern Stingray"", ""count"" : 2}, {""species"" : ""Leech Head Shield Slug"", ""count"" : 5}, {""species"" : ""Green Turtle"", ""count"" : 2}]"
86,"2023-10-18",1,"Shark Bait","Chad","Babylon",30,30,"[{""species"" : ""Longspine Sea Urchin"", ""count"" : 5}, {""species"" : ""Caribbean Reef Shark"", ""count"" : 2}]"
85,"2023-10-18",1,"Shark Bait","Otto","Babylon",24,29,"[{""species"" : ""Flamingo Tongue"", ""count"" : 2}]"
87,"2023-10-18",2,"Shark Bait","Chad","Big Rock Deep",23,29,"[{""species"" : ""Lionfish Dead"", ""count"" : 1}, {""species"" : ""Yellowfin Grouper"", ""count"" : 1}, {""species"" : ""Nassau Grouper"", ""count"" : 2}, {""species"" : ""Nurse Shark"", ""count"" : 5}, {""species"" : ""Longspine Sea Urchin"", ""count"" : 2}]"
88,"2023-10-18",2,"Shark Bait","Zachary","Big Rock Deep",21,29,"[{""species"" : ""Nurse Shark"", ""count"" : 2}, {""species"" : ""Caribbean Reef Shark"", ""count"" : 1}, {""species"" : ""Lettuce Sea Slug"", ""count"" : 2}]"
89,"2023-10-18",1,"Fin & Tonic","Vicky","Hot Springs",2,-18,"[{""species"" : ""Roughtail Stingray"", ""count"" : 1}, {""species"" : ""Green Turtle"", ""count"" : 3}, {""species"" : ""Flamingo Tongue"", ""count"" : 2}, {""species"" : ""Southern Stingray"", ""count"" : 2}, {""species"" : ""Caribbean Reef Shark"", ""count"" : 1}]"
90,"2023-10-18",2,"Fin & Tonic","Vicky","Tent Reef",22,30,"[{""species"" : ""Caribbean Reef Shark"", ""count"" : 1}, {""species"" : ""Southern Stingray"", ""count"" : 2}, {""species"" : ""Flamingo Tongue"", ""count"" : 3}, {""species"" : ""Lionfish Alive"", ""count"" : 2}, {""species"" : ""Green Turtle"", ""count"" : 4}]"
91,"2023-10-19",4,"Shark Bait","Otto","Big Rock Market",17,29,"[{""species"" : ""Nurse Shark"", ""count"" : 1}, {""species"" : ""Southern Stingray"", ""count"" : 2}, {""species"" : ""Flamingo Tongue"", ""count"" : 6}]"
108,"2023-10-24",2,"Fin & Tonic","Josef","Core Gut",36,29,"[{""species"" : ""Lionfish Alive"", ""count"" : 4}]"
92,"2023-10-24",1,"Fin & Tonic","Richard","Airport Drift",24,30,"[{""species"" : ""Lionfish Alive"", ""count"" : 2}, {""species"" : ""Nurse Shark"", ""count"" : 1}]"
94,"2023-10-24",1,"Shark Bait","Vicky","David's Drop-off Deep",23,30,"[{""species"" : ""Southern Stingray"", ""count"" : 1}]"
95,"2023-10-24",2,"Shark Bait","Vicky","Core Gut",23,30,"[{""species"" : ""Lionfish Alive"", ""count"" : 2}, {""species"" : ""Nurse Shark"", ""count"" : 1}, {""species"" : ""Southern Stingray"", ""count"" : 2}, {""species"" : ""Lettuce Sea Slug"", ""count"" : 1}, {""species"" : ""Flamingo Tongue"", ""count"" : 2}]"
96,"2023-10-24",1,"Shark Bait","Otto","David's Drop-off Deep",22,29,"[{""species"" : ""Southern Stingray"", ""count"" : 2}, {""species"" : ""Lettuce Sea Slug"", ""count"" : 1}, {""species"" : ""Lionfish Alive"", ""count"" : 2}]"
97,"2023-10-24",2,"Shark Bait","Otto","Core Gut",21,29,"[{""species"" : ""Nurse Shark"", ""count"" : 1}, {""species"" : ""Southern Stingray"", ""count"" : 3}, {""species"" : ""Lionfish Alive"", ""count"" : 2}, {""species"" : ""Green Turtle"", ""count"" : 1}]"
98,"2023-10-24",3,"Shark Bait","Otto","Hole in the Corner",18,29,"[{""species"" : ""Caribbean Reef Shark"", ""count"" : 1}, {""species"" : ""Lionfish Alive"", ""count"" : 3}, {""species"" : ""Lettuce Sea Slug"", ""count"" : 3}]"
107,"2023-10-24",1,"Fin & Tonic","Josef","Big Rock Deep",22,29,"[{""species"" : null, ""count"" : null}]"
93,"2023-10-24",3,"Fin & Tonic","Richard","Core Gut",22,30,"[{""species"" : ""Southern Stingray"", ""count"" : 1}, {""species"" : ""Nassau Grouper"", ""count"" : 1}, {""species"" : ""Lionfish Alive"", ""count"" : 3}]"
101,"2023-10-25",1,"Fin & Tonic","Richard","Core Gut",24,30,"[{""species"" : ""Southern Stingray"", ""count"" : 2}]"
102,"2023-10-25",1,"Shark Bait","Otto","Customs House",30,29,"[{""species"" : ""Green Turtle"", ""count"" : 3}, {""species"" : ""Southern Stingray"", ""count"" : 3}, {""species"" : ""Lionfish Alive"", ""count"" : 2}]"
103,"2023-10-25",2,"Shark Bait","Otto","Big Rock Deep",21,29,"[{""species"" : ""Nurse Shark"", ""count"" : 3}, {""species"" : ""Tiger Grouper"", ""count"" : 1}, {""species"" : ""Lionfish Alive"", ""count"" : 1}]"
104,"2023-10-25",3,"Shark Bait","Otto","Tent Shallow",21,29,"[{""species"" : ""Green Turtle"", ""count"" : 4}, {""species"" : ""Caribbean Reef Shark"", ""count"" : 1}]"
99,"2023-10-25",1,"Shark Bait","Vicky","Customs House",29,30,"[{""species"" : ""Roughtail Stingray"", ""count"" : 1}, {""species"" : ""Green Turtle"", ""count"" : 3}, {""species"" : ""Southern Stingray"", ""count"" : 2}, {""species"" : ""Lionfish Alive"", ""count"" : 2}]"
100,"2023-10-25",2,"Shark Bait","Vicky","Big Rock Deep",23,30,"[{""species"" : ""Lettuce Sea Slug"", ""count"" : 2}, {""species"" : ""Nurse Shark"", ""count"" : 2}, {""species"" : ""Southern Stingray"", ""count"" : 1}]"
109,"2023-10-26",1,"Shark Bait","Vicky","Third Encounter",32,30,"[{""species"" : ""Caribbean Reef Shark"", ""count"" : 1}]"
105,"2023-10-26",1,"Fin & Tonic","Chad","Big Rock Deep",21,30,"[{""species"" : ""Longspine Sea Urchin"", ""count"" : 1}, {""species"" : ""Lettuce Sea Slug"", ""count"" : 1}]"
106,"2023-10-26",2,"Fin & Tonic","Aaron","Core Gut",24,29,"[{""species"" : ""Caribbean Reef Shark"", ""count"" : 1}, {""species"" : ""Nassau Grouper"", ""count"" : 1}]"
110,"2023-10-26",2,"Shark Bait","Vicky","Abraham's Hole",23,30,"[{""species"" : ""Flamingo Tongue"", ""count"" : 2}, {""species"" : ""Caribbean Reef Shark"", ""count"" : 1}, {""species"" : ""Green Turtle"", ""count"" : 1}]"
111,"2023-10-26",5,"Shark Bait","Chad","Blackwater",15,29,"[{""species"" : null, ""count"" : null}]"
114,"2023-10-26",1,"Shark Bait","Otto","Third Encounter",32,29,"[{""species"" : ""Caribbean Reef Shark"", ""count"" : 1}, {""species"" : ""Yellowfin Grouper"", ""count"" : 2}]"
115,"2023-10-26",2,"Shark Bait","Otto","Big Rock Deep",23,29,"[{""species"" : ""Nurse Shark"", ""count"" : 3}]"
116,"2023-10-26",3,"Shark Bait","Otto","Tent Shallow",21,29,"[{""species"" : ""Yellowfin Grouper"", ""count"" : 1}, {""species"" : ""Longspine Sea Urchin"", ""count"" : 3}, {""species"" : ""Caribbean Reef Shark"", ""count"" : 1}, {""species"" : ""Green Turtle"", ""count"" : 12}]"
117,"2023-10-27",1,"Fin & Tonic","Josef","Tent Deep",29,29,"[{""species"" : ""Lionfish Alive"", ""count"" : 2}]"
112,"2023-10-27",1,"Shark Bait","Otto","Twilight Zone",34,29,"[{""species"" : ""Lionfish Alive"", ""count"" : 2}, {""species"" : ""Tiger Grouper"", ""count"" : 1}, {""species"" : ""Caribbean Reef Shark"", ""count"" : 2}]"
113,"2023-10-27",2,"Shark Bait","Otto","Tent Reef",23,29,"[{""species"" : ""Longspine Sea Urchin"", ""count"" : 4}, {""species"" : ""Lionfish Alive"", ""count"" : 3}, {""species"" : ""Green Turtle"", ""count"" : 4}, {""species"" : ""Caribbean Reef Shark"", ""count"" : 1}, {""species"" : ""Hawksbill Turtle"", ""count"" : 1}, {""species"" : ""Nurse Shark"", ""count"" : 1}, {""species"" : ""Southern Stingray"", ""count"" : 1}, {""species"" : ""Yellowfin Grouper"", ""count"" : 2}]"
118,"2023-10-27",2,"Fin & Tonic","Josef","Tent Shallow",27,29,"[{""species"" : ""Longspine Sea Urchin"", ""count"" : 1}, {""species"" : ""Southern Stingray"", ""count"" : 4}, {""species"" : ""Caribbean Reef Shark"", ""count"" : 1}, {""species"" : ""Green Turtle"", ""count"" : 4}]"
119,"2023-10-27",3,"Fin & Tonic","Josef","Tent Reef",28,29,"[{""species"" : ""Caribbean Reef Shark"", ""count"" : 3}, {""species"" : ""Lionfish Alive"", ""count"" : 4}, {""species"" : ""Lionfish Dead"", ""count"" : 3}, {""species"" : ""Green Turtle"", ""count"" : 5}]"
120,"2023-10-27",1,"Shark Bait","Vicky","Twilight Zone",32,30,"[{""species"" : ""Caribbean Reef Shark"", ""count"" : 2}]"
121,"2023-10-27",2,"Shark Bait","Vicky","Tent Reef",23,30,"[{""species"" : ""Green Turtle"", ""count"" : 5}, {""species"" : ""Lionfish Alive"", ""count"" : 2}]"
122,"2023-10-27",1,"Fin & Tonic","Aaron","Tent Reef Wall",26,29,"[{""species"" : ""Lettuce Sea Slug"", ""count"" : 2}, {""species"" : ""Flamingo Tongue"", ""count"" : 1}, {""species"" : ""Southern Stingray"", ""count"" : 2}, {""species"" : ""Yellowfin Grouper"", ""count"" : 1}, {""species"" : ""Sea Egg"", ""count"" : 1}, {""species"" : ""Hawksbill Turtle"", ""count"" : 1}, {""species"" : ""Green Turtle"", ""count"" : 2}, {""species"" : ""Caribbean Reef Shark"", ""count"" : 1}]"
123,"2023-10-27",3,"Fin & Tonic","Aaron","Tent Reef",24,29,"[{""species"" : ""Lionfish Alive"", ""count"" : 5}, {""species"" : ""Green Turtle"", ""count"" : 4}, {""species"" : ""Lionfish Dead"", ""count"" : 3}, {""species"" : ""Yellowfin Grouper"", ""count"" : 1}, {""species"" : ""Caribbean Reef Shark"", ""count"" : 2}, {""species"" : ""Sea Egg"", ""count"" : 1}, {""species"" : ""Flamingo Tongue"", ""count"" : 5}]"
125,"2023-10-28",2,"Fin & Tonic","Richard","50 50",24,30,"[{""species"" : ""Flamingo Tongue"", ""count"" : 6}, {""species"" : ""Green Turtle"", ""count"" : 6}, {""species"" : ""Caribbean Reef Shark"", ""count"" : 1}, {""species"" : ""Red-tipped Sea Goddess"", ""count"" : 1}, {""species"" : ""Lionfish Alive"", ""count"" : 1}]"
129,"2023-10-28",2,"Shark Bait","Otto","Babylon",23,29,"[{""species"" : ""Longspine Sea Urchin"", ""count"" : 1}, {""species"" : ""Lionfish Alive"", ""count"" : 1}]"
124,"2023-10-28",1,"Fin & Tonic","Richard","Core Gut",24,30,"[{""species"" : null, ""count"" : null}]"
128,"2023-10-28",1,"Shark Bait","Otto","Outer Limits",34,29,"[{""species"" : ""Tiger Grouper"", ""count"" : 1}, {""species"" : ""Caribbean Reef Shark"", ""count"" : 3}, {""species"" : ""Lionfish Alive"", ""count"" : 2}]"
127,"2023-10-29",1,"Fin & Tonic","Richard","Customs House",30,30,"[{""species"" : ""Leech Head Shield Slug"", ""count"" : 1}, {""species"" : ""Lionfish Alive"", ""count"" : 2}, {""species"" : ""Red-tipped Sea Goddess"", ""count"" : 1}, {""species"" : ""Southern Stingray"", ""count"" : 5}, {""species"" : ""Caribbean Reef Shark"", ""count"" : 1}, {""species"" : ""Green Turtle"", ""count"" : 5}]"
126,"2023-10-29",2,"Fin & Tonic","Josef","Man of War Shoals",22,29,"[{""species"" : ""Hawksbill Turtle"", ""count"" : 1}, {""species"" : ""Longspine Sea Urchin"", ""count"" : 3}, {""species"" : ""Green Turtle"", ""count"" : 1}]"
130,"2023-10-30",1,"Fin & Tonic","Richard","Ladder Labyrinth",19,30,"[{""species"" : ""Green Turtle"", ""count"" : 2}, {""species"" : ""Nurse Shark"", ""count"" : 1}, {""species"" : ""Caribbean Reef Shark"", ""count"" : 1}, {""species"" : ""Roughtail Stingray"", ""count"" : 2}, {""species"" : ""Flamingo Tongue"", ""count"" : 3}, {""species"" : ""Lionfish Alive"", ""count"" : 1}, {""species"" : ""Lionfish Dead"", ""count"" : 2}]"
131,"2023-10-30",2,"Fin & Tonic","Richard","Hot Springs",20,30,"[{""species"" : ""Nurse Shark"", ""count"" : 3}, {""species"" : ""Green Turtle"", ""count"" : 7}, {""species"" : ""Lionfish Alive"", ""count"" : 1}]"
132,"2023-10-30",3,"Fin & Tonic","Richard","Otto Limits",20,30,"[{""species"" : ""Green Turtle"", ""count"" : 3}, {""species"" : ""Hawksbill Turtle"", ""count"" : 1}, {""species"" : ""Caribbean Reef Shark"", ""count"" : 5}, {""species"" : ""Southern Stingray"", ""count"" : 2}, {""species"" : ""Lionfish Dead"", ""count"" : 2}, {""species"" : ""Lionfish Alive"", ""count"" : 1}]"
133,"2023-10-31",1,"Fin & Tonic","Svenja","Man of War Shoals",22,27,"[{""species"" : ""Caribbean Reef Shark"", ""count"" : 1}, {""species"" : ""Spotted Eagle Ray"", ""count"" : 1}, {""species"" : ""Southern Stingray"", ""count"" : 1}, {""species"" : ""Hawksbill Turtle"", ""count"" : 1}]"
134,"2023-10-31",1,"Fin & Tonic","Richard","Man of War Shoals",22,30,"[{""species"" : ""Green Turtle"", ""count"" : 2}, {""species"" : ""Hawksbill Turtle"", ""count"" : 1}, {""species"" : ""Southern Stingray"", ""count"" : 2}]"
135,"2023-10-31",2,"Fin & Tonic","Richard","Tent Shallow",24,30,"[{""species"" : ""Green Turtle"", ""count"" : 3}, {""species"" : ""Lionfish Alive"", ""count"" : 2}, {""species"" : ""Southern Stingray"", ""count"" : 3}, {""species"" : ""Caribbean Reef Shark"", ""count"" : 1}]"
136,"2023-10-31",3,"Fin & Tonic","Richard","Otto Limits",17,30,"[{""species"" : ""Southern Stingray"", ""count"" : 2}, {""species"" : ""Lionfish Alive"", ""count"" : 1}, {""species"" : ""Green Turtle"", ""count"" : 1}, {""species"" : ""Hawksbill Turtle"", ""count"" : 1}]"
137,"2023-10-31",2,"Fin & Tonic","Aaron","Tent Shallow",22,29,"[{""species"" : ""Longspine Sea Urchin"", ""count"" : 2}, {""species"" : ""Green Turtle"", ""count"" : 5}, {""species"" : ""Yellowfin Grouper"", ""count"" : 1}, {""species"" : ""Southern Stingray"", ""count"" : 2}, {""species"" : ""Nurse Shark"", ""count"" : 1}]"
138,"2023-11-01",1,"Fin & Tonic","Josef","Tent Reef Wall",29,29,"[{""species"" : ""Lionfish Alive"", ""count"" : 1}, {""species"" : ""Caribbean Reef Shark"", ""count"" : 3}, {""species"" : ""Lionfish Dead"", ""count"" : 2}]"
139,"2023-11-01",3,"Fin & Tonic","Josef","Tent Deep",31,29,"[{""species"" : null, ""count"" : null}]"
140,"2023-11-03",1,"Fin & Tonic","Richard","Third Encounter",33,30,"[{""species"" : ""Nurse Shark"", ""count"" : 2}, {""species"" : ""Tiger Grouper"", ""count"" : 1}, {""species"" : ""Lionfish Alive"", ""count"" : 1}, {""species"" : ""Caribbean Reef Shark"", ""count"" : 1}]"
141,"2023-11-04",1,"Fin & Tonic","Richard","Man of War Shoals",22,30,"[{""species"" : ""Green Turtle"", ""count"" : 2}, {""species"" : ""Southern Stingray"", ""count"" : 2}, {""species"" : ""Caribbean Reef Shark"", ""count"" : 8}]"
142,"2023-11-04",2,"Fin & Tonic","Richard","Hot Springs",24,30,"[{""species"" : ""Nurse Shark"", ""count"" : 1}, {""species"" : ""Green Turtle"", ""count"" : 9}, {""species"" : ""Southern Stingray"", ""count"" : 2}]"
143,"2023-11-05",2,"Fin & Tonic","Richard","Big Rock Deep",22,30,"[{""species"" : ""Tiger Grouper"", ""count"" : 2}, {""species"" : ""Caribbean Reef Shark"", ""count"" : 1}, {""species"" : ""Lionfish Alive"", ""count"" : 2}]"
144,"2023-11-05",1,"Fin & Tonic","Josef","Babylon",26,29,"[{""species"" : ""Lionfish Alive"", ""count"" : 2}, {""species"" : ""Green Turtle"", ""count"" : 3}, {""species"" : ""Blacktip Reef Shark"", ""count"" : 2}]"
145,"2023-11-05",2,"Shark Bait","Aaron","Man of War Shoals",22,29,"[{""species"" : ""Green Turtle"", ""count"" : 3}, {""species"" : ""Nurse Shark"", ""count"" : 1}, {""species"" : ""Caribbean Reef Shark"", ""count"" : 1}, {""species"" : ""Southern Stingray"", ""count"" : 2}, {""species"" : ""Yellowfin Grouper"", ""count"" : 2}]"
146,"2023-11-05",1,"Shark Bait","Otto","Tent Shallow",24,29,"[{""species"" : ""Green Turtle"", ""count"" : 2}, {""species"" : ""Hawksbill Turtle"", ""count"" : 1}, {""species"" : ""Nurse Shark"", ""count"" : 1}]"
147,"2023-11-05",2,"Shark Bait","Otto","Man of War Shoals",22,29,"[{""species"" : ""Longspine Sea Urchin"", ""count"" : 2}, {""species"" : ""Yellowfin Grouper"", ""count"" : 1}, {""species"" : ""Nurse Shark"", ""count"" : 1}, {""species"" : ""Caribbean Reef Shark"", ""count"" : 2}, {""species"" : ""Green Turtle"", ""count"" : 2}]"
148,"2023-11-05",1,"Shark Bait","Lenny","Tent Shallow",22,27,"[{""species"" : ""Nurse Shark"", ""count"" : 1}, {""species"" : ""Yellowfin Grouper"", ""count"" : 1}, {""species"" : ""Green Turtle"", ""count"" : 5}, {""species"" : ""Hawksbill Turtle"", ""count"" : 1}, {""species"" : ""Tiger Grouper"", ""count"" : 2}, {""species"" : ""Pencil Urchin"", ""count"" : 5}, {""species"" : ""Lettuce Sea Slug"", ""count"" : 3}, {""species"" : ""Flamingo Tongue"", ""count"" : 6}]"
149,"2023-11-06",1,"Shark Bait","Vicky","Customs House",29,30,"[{""species"" : ""Green Turtle"", ""count"" : 3}, {""species"" : ""Caribbean Reef Shark"", ""count"" : 1}, {""species"" : ""Southern Stingray"", ""count"" : 1}, {""species"" : ""Tiger Grouper"", ""count"" : 1}]"
150,"2023-11-06",2,"Shark Bait","Vicky","Tent Deep",23,30,"[{""species"" : ""Nurse Shark"", ""count"" : 1}, {""species"" : ""Green Turtle"", ""count"" : 5}, {""species"" : ""Hawksbill Turtle"", ""count"" : 1}]"
151,"2023-11-06",1,"Fin & Tonic","Josef","Man of War Shoals",22,29,"[{""species"" : ""Nurse Shark"", ""count"" : 1}, {""species"" : ""Longspine Sea Urchin"", ""count"" : 3}, {""species"" : ""Green Turtle"", ""count"" : 1}, {""species"" : ""Caribbean Reef Shark"", ""count"" : 3}]"
152,"2023-11-06",2,"Fin & Tonic","Josef","Tent Shallow",23,29,"[{""species"" : ""Green Turtle"", ""count"" : 3}]"
153,"2023-11-06",2,"Shark Bait","Aaron","Tent Deep",24,29,"[{""species"" : ""Caribbean Reef Shark"", ""count"" : 1}, {""species"" : ""Nurse Shark"", ""count"" : 1}, {""species"" : ""Hawksbill Turtle"", ""count"" : 1}, {""species"" : ""Yellowfin Grouper"", ""count"" : 1}, {""species"" : ""Green Turtle"", ""count"" : 3}, {""species"" : ""Southern Stingray"", ""count"" : 5}]"
154,"2023-11-06",3,"Shark Bait","Aaron","Tent Shallow",20,29,"[{""species"" : ""Green Turtle"", ""count"" : 1}, {""species"" : ""Hawksbill Turtle"", ""count"" : 2}, {""species"" : ""Caribbean Reef Shark"", ""count"" : 1}, {""species"" : ""Nurse Shark"", ""count"" : 1}, {""species"" : ""Southern Stingray"", ""count"" : 5}, {""species"" : ""Yellowfin Grouper"", ""count"" : 1}]"
155,"2023-11-07",1,"Fin & Tonic","Richard","Customs House",25,30,"[{""species"" : ""Green Turtle"", ""count"" : 3}, {""species"" : ""Caribbean Reef Shark"", ""count"" : 1}, {""species"" : ""Southern Stingray"", ""count"" : 4}, {""species"" : ""Leech Head Shield Slug"", ""count"" : 1}]"
156,"2023-11-07",1,"Shark Bait","Svenja","Twilight Zone",30,27,"[{""species"" : ""Nurse Shark"", ""count"" : 3}]"
157,"2023-11-07",2,"Shark Bait","Svenja","Big Rock Deep",22,27,"[{""species"" : ""Lionfish Alive"", ""count"" : 5}, {""species"" : ""Yellowfin Grouper"", ""count"" : 1}]"
158,"2023-11-07",2,"Fin & Tonic","Josef","Hole in the Corner",23,29,"[{""species"" : ""Lionfish Alive"", ""count"" : 1}]"
159,"2023-11-07",1,"Shark Bait","Vicky","Twilight Zone",30,30,"[{""species"" : ""Nurse Shark"", ""count"" : 2}]"
160,"2023-11-07",2,"Shark Bait","Vicky","Big Rock Deep",24,30,"[{""species"" : ""Lionfish Alive"", ""count"" : 2}, {""species"" : ""Nurse Shark"", ""count"" : 1}]"
161,"2023-11-07",2,"Shark Bait","Aaron","Big Rock Deep",23,29,"[{""species"" : ""Sea Egg"", ""count"" : 2}, {""species"" : ""Lettuce Sea Slug"", ""count"" : 1}, {""species"" : ""Nurse Shark"", ""count"" : 1}, {""species"" : ""Yellowfin Grouper"", ""count"" : 1}, {""species"" : ""Lionfish Alive"", ""count"" : 2}]"
162,"2023-11-07",3,"Shark Bait","Aaron","Hole in the Corner",23,29,"[{""species"" : ""Lettuce Sea Slug"", ""count"" : 1}, {""species"" : ""Lionfish Dead"", ""count"" : 1}, {""species"" : ""Sea Egg"", ""count"" : 1}]"
164,"2023-11-08",1,"Fin & Tonic","Otto","Babylon",28,29,"[{""species"" : ""Flamingo Tongue"", ""count"" : 4}, {""species"" : ""Longspine Sea Urchin"", ""count"" : 2}, {""species"" : ""Southern Stingray"", ""count"" : 2}, {""species"" : ""Lionfish Alive"", ""count"" : 5}]"
163,"2023-11-08",2,"Shark Bait","Aaron","Big Rock Market",23,29,"[{""species"" : ""Lionfish Alive"", ""count"" : 3}, {""species"" : ""Yellowfin Grouper"", ""count"" : 1}, {""species"" : ""Southern Stingray"", ""count"" : 1}, {""species"" : ""Nurse Shark"", ""count"" : 1}, {""species"" : ""Lionfish Dead"", ""count"" : 6}]"
165,"2023-11-08",3,"Fin & Tonic","Otto","Hot Springs",20,29,"[{""species"" : ""Green Turtle"", ""count"" : 1}, {""species"" : ""Caribbean Reef Shark"", ""count"" : 1}, {""species"" : ""Southern Stingray"", ""count"" : 4}, {""species"" : ""Longspine Sea Urchin"", ""count"" : 2}, {""species"" : ""Flamingo Tongue"", ""count"" : 6}, {""species"" : ""Lionfish Alive"", ""count"" : 1}]"
166,"2023-11-08",1,"Shark Bait","Vicky","Diamond Rock",26,30,"[{""species"" : ""Nurse Shark"", ""count"" : 2}, {""species"" : ""Hawksbill Turtle"", ""count"" : 1}, {""species"" : ""Lionfish Alive"", ""count"" : 2}, {""species"" : ""Yellowfin Grouper"", ""count"" : 3}, {""species"" : ""Southern Stingray"", ""count"" : 1}]"
168,"2023-11-08",1,"Shark Bait","Svenja","Diamond Rock",22,29,"[{""species"" : ""Southern Stingray"", ""count"" : 2}, {""species"" : ""Green Turtle"", ""count"" : 2}, {""species"" : ""Hawksbill Turtle"", ""count"" : 1}, {""species"" : ""Lionfish Alive"", ""count"" : 2}, {""species"" : ""Lionfish Dead"", ""count"" : 1}]"
169,"2023-11-08",2,"Shark Bait","Svenja","Big Rock Deep",25,29,"[{""species"" : ""Nurse Shark"", ""count"" : 2}, {""species"" : ""Lettuce Sea Slug"", ""count"" : 1}, {""species"" : ""Lionfish Dead"", ""count"" : 5}]"
167,"2023-11-09",1,"Shark Bait","Svenja","Hot Springs",22,29,"[{""species"" : ""Southern Stingray"", ""count"" : 3}, {""species"" : ""Nurse Shark"", ""count"" : 1}, {""species"" : ""Caribbean Reef Shark"", ""count"" : 1}, {""species"" : ""Green Turtle"", ""count"" : 5}, {""species"" : ""Red-tipped Sea Goddess"", ""count"" : 5}]"
172,"2023-11-09",2,"Shark Bait","Aaron","Tent Boulders",23,29,"[{""species"" : ""Lettuce Sea Slug"", ""count"" : 8}, {""species"" : ""Lionfish Dead"", ""count"" : 1}, {""species"" : ""Flamingo Tongue"", ""count"" : 2}, {""species"" : ""Green Turtle"", ""count"" : 2}, {""species"" : ""Caribbean Reef Shark"", ""count"" : 1}]"
170,"2023-11-09",1,"Shark Bait","Vicky","Hot Springs",24,30,"[{""species"" : ""Green Turtle"", ""count"" : 8}, {""species"" : ""Caribbean Reef Shark"", ""count"" : 1}, {""species"" : ""Southern Stingray"", ""count"" : 1}, {""species"" : ""Lettuce Sea Slug"", ""count"" : 2}, {""species"" : ""Lionfish Alive"", ""count"" : 2}]"
175,"2023-11-09",1,"Fin & Tonic","Otto","Tent Reef Wall",27,29,"[{""species"" : ""Longspine Sea Urchin"", ""count"" : 3}, {""species"" : ""Green Turtle"", ""count"" : 2}, {""species"" : ""Lionfish Alive"", ""count"" : 2}, {""species"" : ""Flamingo Tongue"", ""count"" : 4}, {""species"" : ""Caribbean Reef Shark"", ""count"" : 2}, {""species"" : ""Southern Stingray"", ""count"" : 2}]"
171,"2023-11-09",2,"Shark Bait","Vicky","Tent Boulders",23,30,"[{""species"" : ""Caribbean Reef Shark"", ""count"" : 1}, {""species"" : ""Green Turtle"", ""count"" : 4}, {""species"" : ""Lionfish Dead"", ""count"" : 1}, {""species"" : ""Lionfish Alive"", ""count"" : 1}, {""species"" : ""Flamingo Tongue"", ""count"" : 1}]"
174,"2023-11-10",2,"Fin & Tonic","Richard","Hot Springs",23,30,"[{""species"" : ""Lionfish Alive"", ""count"" : 1}, {""species"" : ""Green Turtle"", ""count"" : 6}, {""species"" : ""Caribbean Reef Shark"", ""count"" : 1}, {""species"" : ""Nurse Shark"", ""count"" : 1}, {""species"" : ""Southern Stingray"", ""count"" : 2}]"
173,"2023-11-10",1,"Fin & Tonic","Richard","Man of War Shoals",22,30,"[{""species"" : ""Lionfish Alive"", ""count"" : 1}, {""species"" : ""Green Turtle"", ""count"" : 3}, {""species"" : ""Caribbean Reef Shark"", ""count"" : 1}, {""species"" : ""Southern Stingray"", ""count"" : 2}]"
176,"2023-11-11",1,"Fin & Tonic","Richard","Customs House",27,29,"[{""species"" : ""Southern Stingray"", ""count"" : 1}, {""species"" : ""Leech Head Shield Slug"", ""count"" : 2}, {""species"" : ""Green Turtle"", ""count"" : 5}, {""species"" : ""Lettuce Sea Slug"", ""count"" : 1}]"
177,"2023-11-11",3,"Fin & Tonic","Richard","Torrens Point",12,29,"[{""species"" : ""Southern Stingray"", ""count"" : 2}, {""species"" : ""Caribbean Reef Shark"", ""count"" : 2}, {""species"" : ""Hawksbill Turtle"", ""count"" : 1}, {""species"" : ""Green Turtle"", ""count"" : 1}, {""species"" : ""Lionfish Alive"", ""count"" : 1}, {""species"" : ""Spotted Eagle Ray"", ""count"" : 1}]"
178,"2023-11-12",2,"Fin & Tonic","Josef","50 50",12,29,"[{""species"" : null, ""count"" : null}]"
179,"2023-11-12",3,"Fin & Tonic","Josef","Tent Shallow",14,29,"[{""species"" : null, ""count"" : null}]"
180,"2023-11-13",2,"Fin & Tonic","Aaron","Tent Deep",24,29,"[{""species"" : ""Yellowfin Grouper"", ""count"" : 1}, {""species"" : ""Green Turtle"", ""count"" : 1}, {""species"" : ""Caribbean Reef Shark"", ""count"" : 1}, {""species"" : ""Nurse Shark"", ""count"" : 1}, {""species"" : ""Southern Stingray"", ""count"" : 1}]"
181,"2023-11-13",1,"Fin & Tonic","Vicky","Diamond Rock",26,29,"[{""species"" : ""Southern Stingray"", ""count"" : 2}, {""species"" : ""Yellowfin Grouper"", ""count"" : 2}, {""species"" : ""Nurse Shark"", ""count"" : 3}, {""species"" : ""Caribbean Reef Shark"", ""count"" : 3}, {""species"" : ""Green Turtle"", ""count"" : 2}]"
182,"2023-11-13",2,"Shark Bait","Josef","Hot Springs",17,28,"[{""species"" : null, ""count"" : null}]"
183,"2023-11-13",3,"Shark Bait","Josef","Torrens Point",4,-2,"[{""species"" : ""Green Turtle"", ""count"" : 2}]"
184,"2023-11-13",1,"Shark Bait","Richard","Man of War Shoals",22,29,"[{""species"" : ""Caribbean Reef Shark"", ""count"" : 2}, {""species"" : ""Green Turtle"", ""count"" : 1}, {""species"" : ""Southern Stingray"", ""count"" : 3}]"
185,"2023-11-13",3,"Shark Bait","Richard","Torrens Point",14,29,"[{""species"" : ""Lionfish Alive"", ""count"" : 1}]"
186,"2023-11-14",2,"Fin & Tonic","Aaron","Man of War Shoals",22,29,"[{""species"" : ""Southern Stingray"", ""count"" : 6}, {""species"" : ""Yellowfin Grouper"", ""count"" : 2}, {""species"" : ""Lettuce Sea Slug"", ""count"" : 8}, {""species"" : ""Green Turtle"", ""count"" : 4}]"
187,"2023-11-17",1,"Fin & Tonic","Richard","Diamond Rock",26,29,"[{""species"" : ""Green Turtle"", ""count"" : 2}, {""species"" : ""Caribbean Reef Shark"", ""count"" : 1}, {""species"" : ""Southern Stingray"", ""count"" : 2}]"
188,"2023-11-17",2,"Fin & Tonic","Richard","Man of War Shoals",22,29,"[{""species"" : ""Caribbean Reef Shark"", ""count"" : 2}, {""species"" : ""Green Turtle"", ""count"" : 2}, {""species"" : ""Southern Stingray"", ""count"" : 3}, {""species"" : ""Nurse Shark"", ""count"" : 1}]"
189,"2023-11-18",2,"Shark Bait","Josef","Green Island",22,27,"[{""species"" : null, ""count"" : null}]"
190,"2023-11-18",3,"Shark Bait","Josef","Tent Shallow",23,27,"[{""species"" : ""Longspine Sea Urchin"", ""count"" : 6}]"
193,"2023-11-18",1,"Shark Bait","Otto","Babylon",27,28,"[{""species"" : ""Southern Stingray"", ""count"" : 2}, {""species"" : ""Green Turtle"", ""count"" : 1}, {""species"" : ""Caribbean Reef Shark"", ""count"" : 2}, {""species"" : ""Lionfish Alive"", ""count"" : 2}]"
194,"2023-11-18",2,"Shark Bait","Otto","Green Island",21,28,"[{""species"" : ""Lionfish Alive"", ""count"" : 1}, {""species"" : ""Lionfish Dead"", ""count"" : 1}, {""species"" : ""Southern Stingray"", ""count"" : 1}, {""species"" : ""Tiger Grouper"", ""count"" : 1}, {""species"" : ""Longspine Sea Urchin"", ""count"" : 2}]"
192,"2023-11-19",3,"Fin & Tonic","Richard","Green Island",23,29,"[{""species"" : ""Lionfish Alive"", ""count"" : 3}, {""species"" : ""Flamingo Tongue"", ""count"" : 3}, {""species"" : ""Green Turtle"", ""count"" : 2}, {""species"" : ""Lionfish Dead"", ""count"" : 7}, {""species"" : ""Nurse Shark"", ""count"" : 4}]"
191,"2023-11-19",1,"Fin & Tonic","Richard","Diamond Rock",26,29,"[{""species"" : ""Hawksbill Turtle"", ""count"" : 1}, {""species"" : ""Southern Stingray"", ""count"" : 1}, {""species"" : ""Lionfish Alive"", ""count"" : 2}, {""species"" : ""Green Turtle"", ""count"" : 2}, {""species"" : ""Nurse Shark"", ""count"" : 1}]"
196,"2023-11-20",2,"Fin & Tonic","Otto","Cove Bay",27,28,"[{""species"" : ""Hawksbill Turtle"", ""count"" : 1}, {""species"" : ""Lionfish Alive"", ""count"" : 5}, {""species"" : ""Caribbean Reef Shark"", ""count"" : 2}]"
197,"2023-11-20",3,"Fin & Tonic","Otto","Core Gut",24,28,"[{""species"" : ""Nurse Shark"", ""count"" : 1}, {""species"" : ""Lionfish Alive"", ""count"" : 3}, {""species"" : ""Caribbean Reef Shark"", ""count"" : 1}]"
195,"2023-11-20",1,"Fin & Tonic","Richard","Airport Drift",24,29,"[{""species"" : ""Nurse Shark"", ""count"" : 2}, {""species"" : ""Lionfish Dead"", ""count"" : 7}, {""species"" : ""Lionfish Alive"", ""count"" : 2}]"
198,"2023-11-21",1,"Fin & Tonic","Josef","50 50",25,28,"[{""species"" : ""Green Turtle"", ""count"" : 4}]"
208,"2023-11-21",1,"Fin & Tonic","Svenja","50 50",25,27,"[{""species"" : ""Flamingo Tongue"", ""count"" : 1}, {""species"" : ""Southern Stingray"", ""count"" : 1}, {""species"" : ""Green Turtle"", ""count"" : 4}]"
199,"2023-11-21",2,"Fin & Tonic","Josef","Tent Shallow",36,28,"[{""species"" : ""Lionfish Alive"", ""count"" : 4}]"
200,"2023-11-21",3,"Fin & Tonic","Josef","Big Rock Deep",28,28,"[{""species"" : ""Yellowfin Grouper"", ""count"" : 1}, {""species"" : ""Lionfish Alive"", ""count"" : 13}, {""species"" : ""Lionfish Dead"", ""count"" : 2}]"
205,"2023-11-22",1,"Fin & Tonic","Svenja","Big Rock Deep",22,27,"[{""species"" : ""Nassau Grouper"", ""count"" : 1}, {""species"" : ""Lionfish Dead"", ""count"" : 1}, {""species"" : ""Southern Stingray"", ""count"" : 2}, {""species"" : ""Lionfish Alive"", ""count"" : 4}]"
201,"2023-11-22",1,"Fin & Tonic","Josef","Big Rock Deep",22,27,"[{""species"" : ""Lionfish Dead"", ""count"" : 1}]"
202,"2023-11-22",2,"Fin & Tonic","Josef","Core Gut",26,27,"[{""species"" : ""Roughtail Stingray"", ""count"" : 2}]"
203,"2023-11-22",3,"Fin & Tonic","Josef","Hole in the Corner",28,27,"[{""species"" : ""Nurse Shark"", ""count"" : 2}]"
207,"2023-11-22",2,"Fin & Tonic","Svenja","Core Gut",20,27,"[{""species"" : ""Lettuce Sea Slug"", ""count"" : 1}, {""species"" : ""Caribbean Reef Shark"", ""count"" : 1}, {""species"" : ""Southern Stingray"", ""count"" : 2}, {""species"" : ""Longspine Sea Urchin"", ""count"" : 1}]"
204,"2023-11-23",1,"Fin & Tonic","Svenja","David's Drop-off Deep",30,27,"[{""species"" : ""Lionfish Alive"", ""count"" : 2}, {""species"" : ""Lettuce Sea Slug"", ""count"" : 1}]"
206,"2023-11-23",1,"Fin & Tonic","Lenny","David's Drop-off Deep",24,27,"[{""species"" : ""Flamingo Tongue"", ""count"" : 3}, {""species"" : ""Lettuce Sea Slug"", ""count"" : 5}, {""species"" : ""Nassau Grouper"", ""count"" : 2}, {""species"" : ""Nurse Shark"", ""count"" : 2}, {""species"" : ""Caribbean Reef Shark"", ""count"" : 1}, {""species"" : ""Green Turtle"", ""count"" : 1}, {""species"" : ""Lionfish Alive"", ""count"" : 2}]"
209,"2023-11-24",1,"Shark Bait","Richard","Big Rock Market",17,29,"[{""species"" : ""Green Turtle"", ""count"" : 1}, {""species"" : ""Lionfish Alive"", ""count"" : 1}, {""species"" : ""Southern Stingray"", ""count"" : 3}, {""species"" : ""Caribbean Reef Shark"", ""count"" : 1}]"
210,"2023-11-25",1,"Fin & Tonic","Richard","Third Encounter",34,29,"[{""species"" : ""Hawksbill Turtle"", ""count"" : 1}, {""species"" : ""Caribbean Reef Shark"", ""count"" : 2}, {""species"" : ""Nurse Shark"", ""count"" : 3}, {""species"" : ""Lionfish Alive"", ""count"" : 3}, {""species"" : ""Lionfish Dead"", ""count"" : 4}]"
211,"2023-11-26",1,"Fin & Tonic","Richard","Tent Shallow",24,29,"[{""species"" : ""Southern Stingray"", ""count"" : 2}, {""species"" : ""Nurse Shark"", ""count"" : 2}, {""species"" : ""Caribbean Reef Shark"", ""count"" : 3}, {""species"" : ""Flamingo Tongue"", ""count"" : 1}, {""species"" : ""Green Turtle"", ""count"" : 3}]"
212,"2023-11-26",1,"Shark Bait","Otto","Diamond Rock",25,28,"[{""species"" : ""Southern Stingray"", ""count"" : 3}, {""species"" : ""Nurse Shark"", ""count"" : 1}, {""species"" : ""Lionfish Alive"", ""count"" : 2}, {""species"" : ""Green Turtle"", ""count"" : 3}, {""species"" : ""Caribbean Reef Shark"", ""count"" : 2}]"
213,"2023-11-26",1,"Shark Bait","Vicky","Diamond Rock",26,29,"[{""species"" : ""Hawksbill Turtle"", ""count"" : 1}, {""species"" : ""Tiger Grouper"", ""count"" : 2}, {""species"" : ""Lionfish Alive"", ""count"" : 3}, {""species"" : ""Caribbean Reef Shark"", ""count"" : 1}, {""species"" : ""Nurse Shark"", ""count"" : 1}, {""species"" : ""Southern Stingray"", ""count"" : 1}, {""species"" : ""Green Turtle"", ""count"" : 3}]"
214,"2023-11-26",2,"Shark Bait","Vicky","Tent Reef",22,29,"[{""species"" : ""Southern Stingray"", ""count"" : 1}, {""species"" : ""Green Turtle"", ""count"" : 5}, {""species"" : ""Hawksbill Turtle"", ""count"" : 1}, {""species"" : ""Caribbean Reef Shark"", ""count"" : 1}, {""species"" : ""Lionfish Alive"", ""count"" : 3}]"
216,"2023-11-27",2,"Fin & Tonic","Aaron","Tent Shallow",18,28,"[{""species"" : ""Roughtail Stingray"", ""count"" : 2}, {""species"" : ""Yellowfin Grouper"", ""count"" : 1}, {""species"" : ""Southern Stingray"", ""count"" : 6}, {""species"" : ""Green Turtle"", ""count"" : 4}, {""species"" : ""Hawksbill Turtle"", ""count"" : 1}, {""species"" : ""Caribbean Reef Shark"", ""count"" : 2}, {""species"" : ""Nurse Shark"", ""count"" : 1}]"
215,"2023-11-27",1,"Fin & Tonic","Richard","Hot Springs",24,29,"[{""species"" : ""Green Turtle"", ""count"" : 5}, {""species"" : ""Caribbean Reef Shark"", ""count"" : 3}, {""species"" : ""Nurse Shark"", ""count"" : 1}, {""species"" : ""Southern Stingray"", ""count"" : 2}, {""species"" : ""Lionfish Alive"", ""count"" : 1}, {""species"" : ""Lionfish Dead"", ""count"" : 4}]"
217,"2023-11-29",1,"Fin & Tonic","Otto","Third Encounter",30,28,"[{""species"" : ""Caribbean Reef Shark"", ""count"" : 1}, {""species"" : ""Nassau Grouper"", ""count"" : 1}]"
218,"2023-11-29",2,"Fin & Tonic","Otto","End of the Runway",27,28,"[{""species"" : ""Nurse Shark"", ""count"" : 1}, {""species"" : ""Lionfish Alive"", ""count"" : 8}]"
219,"2023-12-01",1,"Fin & Tonic","Otto","Tedran Wall",34,27,"[{""species"" : ""Caribbean Reef Shark"", ""count"" : 2}, {""species"" : ""Southern Stingray"", ""count"" : 2}, {""species"" : ""Lionfish Alive"", ""count"" : 2}, {""species"" : ""Green Turtle"", ""count"" : 2}]"
220,"2023-12-01",2,"Fin & Tonic","Otto","Tent Reef",21,27,"[{""species"" : ""Lionfish Alive"", ""count"" : 2}, {""species"" : ""Flamingo Tongue"", ""count"" : 4}, {""species"" : ""Southern Stingray"", ""count"" : 3}, {""species"" : ""Nurse Shark"", ""count"" : 1}, {""species"" : ""Caribbean Reef Shark"", ""count"" : 2}, {""species"" : ""Green Turtle"", ""count"" : 5}]"
225,"2023-12-01",3,"Fin & Tonic","Lenny","Man of War Shoals",21,27,"[{""species"" : ""Green Turtle"", ""count"" : 6}, {""species"" : ""Hawksbill Turtle"", ""count"" : 1}, {""species"" : ""Caribbean Reef Shark"", ""count"" : 1}, {""species"" : ""Roughtail Stingray"", ""count"" : 3}, {""species"" : ""Southern Stingray"", ""count"" : 1}, {""species"" : ""Tiger Grouper"", ""count"" : 3}, {""species"" : ""Lettuce Sea Slug"", ""count"" : 5}]"
221,"2023-12-02",1,"Fin & Tonic","Richard","Man of War Shoals",22,28,"[{""species"" : ""Lionfish Dead"", ""count"" : 1}, {""species"" : ""Tiger Grouper"", ""count"" : 1}, {""species"" : ""Nassau Grouper"", ""count"" : 1}, {""species"" : ""Southern Stingray"", ""count"" : 3}, {""species"" : ""Nurse Shark"", ""count"" : 2}, {""species"" : ""Caribbean Reef Shark"", ""count"" : 2}, {""species"" : ""Green Turtle"", ""count"" : 2}]"
224,"2023-12-03",2,"Fin & Tonic","Lenny","Hole in the Corner",23,27,"[{""species"" : ""Pencil Urchin"", ""count"" : 4}, {""species"" : ""Lettuce Sea Slug"", ""count"" : 3}, {""species"" : ""Flamingo Tongue"", ""count"" : 5}, {""species"" : ""Lionfish Alive"", ""count"" : 2}, {""species"" : ""Green Turtle"", ""count"" : 3}, {""species"" : ""Roughtail Stingray"", ""count"" : 2}, {""species"" : ""Nurse Shark"", ""count"" : 1}, {""species"" : ""Yellowfin Grouper"", ""count"" : 3}, {""species"" : ""Tiger Grouper"", ""count"" : 1}]"
222,"2023-12-03",2,"Fin & Tonic","Svenja","Tent Shallow",22,27,"[{""species"" : ""Nurse Shark"", ""count"" : 1}, {""species"" : ""Green Turtle"", ""count"" : 3}, {""species"" : ""Hawksbill Turtle"", ""count"" : 1}, {""species"" : ""Southern Stingray"", ""count"" : 4}, {""species"" : ""Longspine Sea Urchin"", ""count"" : 2}, {""species"" : ""Pencil Urchin"", ""count"" : 1}, {""species"" : ""Flamingo Tongue"", ""count"" : 1}]"
223,"2023-12-03",1,"Fin & Tonic","Richard","Core Gut",26,28,"[{""species"" : ""Lionfish Dead"", ""count"" : 3}, {""species"" : ""Caribbean Reef Shark"", ""count"" : 1}, {""species"" : ""Lionfish Alive"", ""count"" : 1}]"
227,"2023-12-04",2,"Fin & Tonic","Zachary","Man of War Shoals",21,27,"[{""species"" : ""Longspine Sea Urchin"", ""count"" : 1}, {""species"" : ""Green Turtle"", ""count"" : 1}, {""species"" : ""Southern Stingray"", ""count"" : 6}, {""species"" : ""Tiger Grouper"", ""count"" : 3}, {""species"" : ""Lettuce Sea Slug"", ""count"" : 6}]"
226,"2023-12-04",1,"Fin & Tonic","Richard","Customs House",26,28,"[{""species"" : ""Lionfish Alive"", ""count"" : 1}, {""species"" : ""Green Turtle"", ""count"" : 3}, {""species"" : ""Caribbean Reef Shark"", ""count"" : 1}, {""species"" : ""Southern Stingray"", ""count"" : 2}, {""species"" : ""Leech Head Shield Slug"", ""count"" : 1}]"
228,"2023-12-05",2,"Fin & Tonic","Vicky","Hot Springs",22,29,"[{""species"" : ""Nurse Shark"", ""count"" : 1}, {""species"" : ""Southern Stingray"", ""count"" : 4}, {""species"" : ""Green Turtle"", ""count"" : 6}]"
229,"2023-12-05",2,"Fin & Tonic","Zachary","Hot Springs",23,27,"[{""species"" : ""Southern Stingray"", ""count"" : 3}, {""species"" : ""Green Turtle"", ""count"" : 8}]"
231,"2023-12-05",1,"Fin & Tonic","Otto","Tent Reef Wall",27,28,"[{""species"" : ""Lionfish Alive"", ""count"" : 2}, {""species"" : ""Southern Stingray"", ""count"" : 1}, {""species"" : ""Lettuce Sea Slug"", ""count"" : 1}, {""species"" : ""Caribbean Reef Shark"", ""count"" : 3}, {""species"" : ""Green Turtle"", ""count"" : 2}]"
230,"2023-12-06",3,"Shark Bait","Aaron","Tent Shallow",24,29,"[{""species"" : ""Lionfish Alive"", ""count"" : 1}, {""species"" : ""Caribbean Reef Shark"", ""count"" : 1}, {""species"" : ""Green Turtle"", ""count"" : 1}]"
233,"2023-12-07",1,"Shark Bait","Zachary","Tent Boulders",21,27,"[{""species"" : ""Green Turtle"", ""count"" : 2}, {""species"" : ""Lionfish Dead"", ""count"" : 2}, {""species"" : ""Caribbean Reef Shark"", ""count"" : 3}]"
232,"2023-12-07",3,"Shark Bait","Otto","Tedran Wall",47,28,"[{""species"" : ""Lionfish Alive"", ""count"" : 5}, {""species"" : ""Green Turtle"", ""count"" : 2}, {""species"" : ""Caribbean Reef Shark"", ""count"" : 2}, {""species"" : ""Southern Stingray"", ""count"" : 1}]"
234,"2023-12-07",3,"Shark Bait","Svenja","Tedran Wall",45,27,"[{""species"" : ""Green Turtle"", ""count"" : 2}, {""species"" : ""Lionfish Alive"", ""count"" : 7}, {""species"" : ""Southern Stingray"", ""count"" : 1}, {""species"" : ""Caribbean Reef Shark"", ""count"" : 2}]"
235,"2023-12-07",2,"Shark Bait","Aaron","Tent Shallow",23,28,"[{""species"" : ""Green Turtle"", ""count"" : 7}, {""species"" : ""Lionfish Dead"", ""count"" : 3}, {""species"" : ""Yellowfin Grouper"", ""count"" : 2}, {""species"" : ""Caribbean Reef Shark"", ""count"" : 3}, {""species"" : ""Hawksbill Turtle"", ""count"" : 1}]"
236,"2023-12-08",1,"Shark Bait","Richard","Customs House",24,28,"[{""species"" : ""Green Turtle"", ""count"" : 4}, {""species"" : ""Lionfish Dead"", ""count"" : 2}, {""species"" : ""Caribbean Reef Shark"", ""count"" : 1}, {""species"" : ""Southern Stingray"", ""count"" : 3}, {""species"" : ""Leech Head Shield Slug"", ""count"" : 1}, {""species"" : ""Flamingo Tongue"", ""count"" : 1}]"
237,"2023-12-08",2,"Shark Bait","Zachary","Hot Springs",21,27,"[{""species"" : ""Lionfish Alive"", ""count"" : 1}, {""species"" : ""Green Turtle"", ""count"" : 4}, {""species"" : ""Southern Stingray"", ""count"" : 3}, {""species"" : ""Leech Head Shield Slug"", ""count"" : 2}]"
238,"2023-12-09",3,"Fin & Tonic","Richard","Twilight Zone",34,28,"[{""species"" : ""Lionfish Dead"", ""count"" : 4}, {""species"" : ""Caribbean Reef Shark"", ""count"" : 4}]"
239,"2023-12-09",1,"Fin & Tonic","Otto","Twilight Zone",4,28,"[{""species"" : ""Caribbean Reef Shark"", ""count"" : 2}]"
240,"2023-12-09",2,"Fin & Tonic","Otto","Big Rock Deep",21,28,"[{""species"" : ""Nassau Grouper"", ""count"" : 1}, {""species"" : ""Yellowfin Grouper"", ""count"" : 1}, {""species"" : ""Southern Stingray"", ""count"" : 2}]"
243,"2023-12-10",2,"Fin & Tonic","Lenny","Customs House",22,27,"[{""species"" : ""Lettuce Sea Slug"", ""count"" : 3}, {""species"" : ""Green Turtle"", ""count"" : 2}, {""species"" : ""Hawksbill Turtle"", ""count"" : 1}, {""species"" : ""Roughtail Stingray"", ""count"" : 1}, {""species"" : ""Southern Stingray"", ""count"" : 3}]"
241,"2023-12-10",1,"Fin & Tonic","Richard","Customs House",27,28,"[{""species"" : ""Southern Stingray"", ""count"" : 3}, {""species"" : ""Green Turtle"", ""count"" : 3}, {""species"" : ""Lionfish Alive"", ""count"" : 1}]"
242,"2023-12-10",2,"Fin & Tonic","Aaron","Tent Shallow",23,28,"[{""species"" : ""Green Turtle"", ""count"" : 1}, {""species"" : ""Yellowfin Grouper"", ""count"" : 1}, {""species"" : ""Lionfish Dead"", ""count"" : 3}, {""species"" : ""Southern Stingray"", ""count"" : 2}, {""species"" : ""Caribbean Reef Shark"", ""count"" : 2}]"
254,"2023-12-11",1,"Fin & Tonic","Lenny","50 50",2,-19,"[{""species"" : ""Hawksbill Turtle"", ""count"" : 1}, {""species"" : ""Green Turtle"", ""count"" : 4}, {""species"" : ""Nurse Shark"", ""count"" : 3}, {""species"" : ""Roughtail Stingray"", ""count"" : 1}, {""species"" : ""Southern Stingray"", ""count"" : 3}, {""species"" : ""Spotted Eagle Ray"", ""count"" : 1}, {""species"" : ""Tiger Grouper"", ""count"" : 1}, {""species"" : ""Lettuce Sea Slug"", ""count"" : 4}, {""species"" : ""Flamingo Tongue"", ""count"" : 2}]"
255,"2023-12-11",2,"Fin & Tonic","Lenny","Tent Reef",7,-3,"[{""species"" : ""Southern Stingray"", ""count"" : 5}, {""species"" : ""Lionfish Alive"", ""count"" : 2}, {""species"" : ""Green Turtle"", ""count"" : 6}, {""species"" : ""Caribbean Reef Shark"", ""count"" : 5}, {""species"" : ""Roughtail Stingray"", ""count"" : 1}]"
245,"2023-12-12",2,"Fin & Tonic","Otto","Tent Shallow",6,27,"[{""species"" : ""Green Turtle"", ""count"" : 2}, {""species"" : ""Hawksbill Turtle"", ""count"" : 1}, {""species"" : ""Nurse Shark"", ""count"" : 1}, {""species"" : ""Southern Stingray"", ""count"" : 2}]"
244,"2023-12-12",1,"Fin & Tonic","Otto","Tent Reef Wall",46,27,"[{""species"" : ""Caribbean Reef Shark"", ""count"" : 4}]"
246,"2023-12-13",1,"Fin & Tonic","Otto","Babylon",30,27,"[{""species"" : ""Lionfish Alive"", ""count"" : 3}, {""species"" : ""Nurse Shark"", ""count"" : 2}]"
248,"2023-12-14",3,"Fin & Tonic","Richard","Tent Boulders",24,28,"[{""species"" : ""Caribbean Reef Shark"", ""count"" : 2}, {""species"" : ""Green Turtle"", ""count"" : 2}, {""species"" : ""Lionfish Alive"", ""count"" : 2}, {""species"" : ""Flamingo Tongue"", ""count"" : 3}, {""species"" : ""Southern Stingray"", ""count"" : 2}]"
247,"2023-12-14",1,"Fin & Tonic","Richard","Ladder Labyrinth",24,28,"[{""species"" : ""Lionfish Dead"", ""count"" : 3}, {""species"" : ""Fingerprint Cyphoma"", ""count"" : 2}, {""species"" : ""Lettuce Sea Slug"", ""count"" : 1}, {""species"" : ""Southern Stingray"", ""count"" : 2}, {""species"" : ""Nurse Shark"", ""count"" : 2}, {""species"" : ""Green Turtle"", ""count"" : 1}]"
258,"2023-12-15",2,"Fin & Tonic","Lenny","Man of War Shoals",22,27,"[{""species"" : ""Green Turtle"", ""count"" : 3}, {""species"" : ""Southern Stingray"", ""count"" : 6}, {""species"" : ""Yellowfin Grouper"", ""count"" : 2}, {""species"" : ""Tiger Grouper"", ""count"" : 1}, {""species"" : ""Lettuce Sea Slug"", ""count"" : 9}, {""species"" : ""Lionfish Alive"", ""count"" : 2}]"
252,"2023-12-16",1,"Fin & Tonic","Otto","Customs House",32,27,"[{""species"" : ""Yellowfin Grouper"", ""count"" : 2}, {""species"" : ""Southern Stingray"", ""count"" : 4}, {""species"" : ""Caribbean Reef Shark"", ""count"" : 3}, {""species"" : ""Green Turtle"", ""count"" : 3}]"
253,"2023-12-16",2,"Fin & Tonic","Otto","Hot Springs",23,27,"[{""species"" : ""Green Turtle"", ""count"" : 9}, {""species"" : ""Southern Stingray"", ""count"" : 4}]"
249,"2023-12-16",1,"Fin & Tonic","Richard","Customs House",24,28,"[{""species"" : ""Southern Stingray"", ""count"" : 4}, {""species"" : ""Green Turtle"", ""count"" : 4}, {""species"" : ""Caribbean Reef Shark"", ""count"" : 1}, {""species"" : ""Leech Head Shield Slug"", ""count"" : 2}]"
250,"2023-12-16",2,"Fin & Tonic","Richard","Hot Springs",23,28,"[{""species"" : ""Southern Stingray"", ""count"" : 2}, {""species"" : ""Green Turtle"", ""count"" : 3}]"
251,"2023-12-16",2,"Fin & Tonic","Josef","Hot Springs",14,27,"[{""species"" : ""Green Turtle"", ""count"" : 3}, {""species"" : ""Lionfish Alive"", ""count"" : 2}, {""species"" : ""Southern Stingray"", ""count"" : 1}]"
257,"2023-12-17",1,"Fin & Tonic","Lenny","Tent Reef Wall",24,27,"[{""species"" : ""Caribbean Reef Shark"", ""count"" : 1}, {""species"" : ""Roughtail Stingray"", ""count"" : 1}, {""species"" : ""Southern Stingray"", ""count"" : 2}, {""species"" : ""Yellowfin Grouper"", ""count"" : 1}, {""species"" : ""Lettuce Sea Slug"", ""count"" : 5}, {""species"" : ""Flamingo Tongue"", ""count"" : 3}, {""species"" : ""Lionfish Alive"", ""count"" : 3}, {""species"" : ""Hawksbill Turtle"", ""count"" : 1}, {""species"" : ""Green Turtle"", ""count"" : 2}]"
261,"2023-12-17",2,"Fin & Tonic","Aaron","Tent Drift",21,27,"[{""species"" : ""Green Turtle"", ""count"" : 4}, {""species"" : ""Yellowfin Grouper"", ""count"" : 1}, {""species"" : ""Caribbean Reef Shark"", ""count"" : 2}]"
256,"2023-12-18",2,"Fin & Tonic","Aaron","Big Rock Market",22,27,"[{""species"" : ""Tiger Grouper"", ""count"" : 1}, {""species"" : ""Lionfish Alive"", ""count"" : 2}, {""species"" : ""Nurse Shark"", ""count"" : 3}, {""species"" : ""Southern Stingray"", ""count"" : 2}, {""species"" : ""Yellowfin Grouper"", ""count"" : 2}]"
259,"2023-12-18",1,"Fin & Tonic","Svenja","Diamond Rock",25,27,"[{""species"" : ""Green Turtle"", ""count"" : 2}, {""species"" : ""Hawksbill Turtle"", ""count"" : 1}, {""species"" : ""Southern Stingray"", ""count"" : 4}, {""species"" : ""Lionfish Alive"", ""count"" : 3}]"
260,"2023-12-18",3,"Fin & Tonic","Svenja","Babylon",22,27,"[{""species"" : ""Lionfish Alive"", ""count"" : 1}, {""species"" : ""Lionfish Dead"", ""count"" : 8}, {""species"" : ""Caribbean Reef Shark"", ""count"" : 2}, {""species"" : ""Nurse Shark"", ""count"" : 1}]"
262,"2023-12-19",1,"Shark Bait","Richard","Core Gut",26,27,"[{""species"" : ""Tiger Grouper"", ""count"" : 1}, {""species"" : ""Nurse Shark"", ""count"" : 2}, {""species"" : ""Green Turtle"", ""count"" : 1}, {""species"" : ""Lionfish Alive"", ""count"" : 1}, {""species"" : ""Flamingo Tongue"", ""count"" : 1}]"
263,"2023-12-19",2,"Shark Bait","Richard","Green Island",20,27,"[{""species"" : ""Flamingo Tongue"", ""count"" : 2}, {""species"" : ""Lionfish Dead"", ""count"" : 4}, {""species"" : ""Nurse Shark"", ""count"" : 2}]"
264,"2023-12-19",3,"Shark Bait","Aaron","Tent Boulders",23,27,"[{""species"" : ""Lettuce Sea Slug"", ""count"" : 3}, {""species"" : ""Green Turtle"", ""count"" : 7}, {""species"" : ""Caribbean Reef Shark"", ""count"" : 4}, {""species"" : ""Yellowfin Grouper"", ""count"" : 2}, {""species"" : ""Tiger Grouper"", ""count"" : 1}]"
265,"2023-12-20",2,"Shark Bait","Aaron","Man of War Shoals",22,27,"[{""species"" : ""Southern Stingray"", ""count"" : 2}, {""species"" : ""Green Turtle"", ""count"" : 2}, {""species"" : ""Lionfish Dead"", ""count"" : 1}, {""species"" : ""Yellowfin Grouper"", ""count"" : 1}]"
266,"2023-12-20",3,"Shark Bait","Aaron","Tent Boulders",24,27,"[{""species"" : ""Green Turtle"", ""count"" : 4}, {""species"" : ""Lettuce Sea Slug"", ""count"" : 2}, {""species"" : ""Caribbean Reef Shark"", ""count"" : 4}]"
267,"2023-12-20",1,"Fin & Tonic","Chad","Man of War Shoals",21,27,"[{""species"" : ""Lionfish Alive"", ""count"" : 2}, {""species"" : ""Tiger Grouper"", ""count"" : 2}, {""species"" : ""Lettuce Sea Slug"", ""count"" : 1}]"
268,"2023-12-20",2,"Fin & Tonic","Chad","Tent Drift",15,27,"[{""species"" : ""Caribbean Reef Shark"", ""count"" : 3}, {""species"" : ""Green Turtle"", ""count"" : 3}, {""species"" : ""Hawksbill Turtle"", ""count"" : 2}, {""species"" : ""Nassau Grouper"", ""count"" : 2}, {""species"" : ""Roughtail Stingray"", ""count"" : 5}, {""species"" : ""Nurse Shark"", ""count"" : 4}]"
270,"2023-12-20",1,"Private Boat","Vicky","Tent Reef",18,27,"[{""species"" : ""Southern Stingray"", ""count"" : 10}, {""species"" : ""Green Turtle"", ""count"" : 2}]"
271,"2023-12-21",2,"Fin & Tonic","Richard","Core Gut",26,27,"[{""species"" : ""Tiger Grouper"", ""count"" : 1}, {""species"" : ""Green Turtle"", ""count"" : 1}, {""species"" : ""Lionfish Alive"", ""count"" : 2}, {""species"" : ""Lionfish Dead"", ""count"" : 2}]"
272,"2023-12-21",3,"Fin & Tonic","Richard","Tent Shallow",26,27,"[{""species"" : ""Green Turtle"", ""count"" : 1}, {""species"" : ""Nurse Shark"", ""count"" : 1}, {""species"" : ""Southern Stingray"", ""count"" : 3}, {""species"" : ""Tiger Grouper"", ""count"" : 1}, {""species"" : ""Lionfish Alive"", ""count"" : 1}, {""species"" : ""Caribbean Reef Shark"", ""count"" : 2}]"
269,"2023-12-21",2,"Private Boat","Vicky","Man of War Shoals",22,27,"[{""species"" : ""Caribbean Reef Shark"", ""count"" : 1}, {""species"" : ""Hawksbill Turtle"", ""count"" : 1}, {""species"" : ""Green Turtle"", ""count"" : 4}, {""species"" : ""Yellowfin Grouper"", ""count"" : 1}, {""species"" : ""Roughtail Stingray"", ""count"" : 5}]"
282,"2023-12-22",3,"Shark Bait","Otto","Tent Shallow",21,27,"[{""species"" : ""Southern Stingray"", ""count"" : 4}, {""species"" : ""Nurse Shark"", ""count"" : 1}, {""species"" : ""Caribbean Reef Shark"", ""count"" : 1}, {""species"" : ""Lionfish Alive"", ""count"" : 2}]"
273,"2023-12-22",2,"Fin & Tonic","Richard","Hole in the Corner",12,27,"[{""species"" : null, ""count"" : null}]"
274,"2023-12-22",3,"Fin & Tonic","Richard","Core Gut",26,27,"[{""species"" : ""Hawksbill Turtle"", ""count"" : 1}, {""species"" : ""Lionfish Alive"", ""count"" : 1}, {""species"" : ""Lionfish Dead"", ""count"" : 1}]"
281,"2023-12-23",2,"Shark Bait","Otto","Twilight Zone",30,27,"[{""species"" : ""Caribbean Reef Shark"", ""count"" : 1}]"
275,"2023-12-23",1,"Fin & Tonic","Richard","Man of War Shoals",22,27,"[{""species"" : ""Southern Stingray"", ""count"" : 4}, {""species"" : ""Green Turtle"", ""count"" : 1}, {""species"" : ""Tiger Grouper"", ""count"" : 1}, {""species"" : ""Lionfish Dead"", ""count"" : 1}]"
276,"2023-12-23",3,"Private Boat","Richard","Diamond Rock",20,27,"[{""species"" : ""Caribbean Reef Shark"", ""count"" : 2}, {""species"" : ""Nassau Grouper"", ""count"" : 1}, {""species"" : ""Lionfish Alive"", ""count"" : 7}, {""species"" : ""Green Turtle"", ""count"" : 1}, {""species"" : ""Southern Stingray"", ""count"" : 2}]"
283,"2023-12-23",4,"Shark Bait","Otto","Otto Zone",20,27,"[{""species"" : ""Nurse Shark"", ""count"" : 1}, {""species"" : ""Lionfish Alive"", ""count"" : 3}]"
280,"2023-12-24",2,"Shark Bait","Otto","Third Encounter",32,27,"[{""species"" : ""Lionfish Alive"", ""count"" : 2}, {""species"" : ""Yellowfin Grouper"", ""count"" : 1}, {""species"" : ""Caribbean Reef Shark"", ""count"" : 1}]"
278,"2023-12-24",1,"Private Boat","Richard","Third Encounter",31,27,"[{""species"" : ""Nurse Shark"", ""count"" : 1}, {""species"" : ""Nassau Grouper"", ""count"" : 1}, {""species"" : ""Lionfish Alive"", ""count"" : 2}, {""species"" : ""Caribbean Reef Shark"", ""count"" : 1}]"
277,"2023-12-24",1,"Private Boat","Vicky","Tent Reef",18,27,"[{""species"" : ""Hawksbill Turtle"", ""count"" : 1}, {""species"" : ""Nurse Shark"", ""count"" : 1}, {""species"" : ""Southern Stingray"", ""count"" : 4}, {""species"" : ""Green Turtle"", ""count"" : 4}]"
284,"2023-12-24",1,"Fin & Tonic","Lionel","Big Rock Market",22,27,"[{""species"" : ""Nurse Shark"", ""count"" : 2}, {""species"" : ""Yellowfin Grouper"", ""count"" : 1}, {""species"" : ""Tiger Grouper"", ""count"" : 1}, {""species"" : ""Lettuce Sea Slug"", ""count"" : 1}]"
279,"2023-12-24",3,"Fin & Tonic","Richard","Hole in the Corner",12,27,"[{""species"" : ""Lionfish Dead"", ""count"" : 2}, {""species"" : ""Green Turtle"", ""count"" : 1}]"
287,"2023-12-26",1,"Shark Bait","Otto","Man of War Shoals",21,27,"[{""species"" : ""Southern Stingray"", ""count"" : 3}, {""species"" : ""Green Turtle"", ""count"" : 2}]"
288,"2023-12-26",3,"Shark Bait","Otto","Tent Shallow",23,27,"[{""species"" : ""Green Turtle"", ""count"" : 2}, {""species"" : ""Southern Stingray"", ""count"" : 4}, {""species"" : ""Lionfish Alive"", ""count"" : 3}, {""species"" : ""Nurse Shark"", ""count"" : 1}]"
296,"2023-12-26",1,"Shark Bait","Chad","Man of War Shoals",21,27,"[{""species"" : ""Green Turtle"", ""count"" : 2}]"
297,"2023-12-26",2,"Shark Bait","Chad","Hole in the Corner",23,26,"[{""species"" : ""Lionfish Alive"", ""count"" : 3}]"
289,"2023-12-26",1,"Shark Bait","Lenny","Man of War Shoals",21,27,"[{""species"" : ""Yellowfin Grouper"", ""count"" : 1}, {""species"" : ""Lettuce Sea Slug"", ""count"" : 10}, {""species"" : ""Flamingo Tongue"", ""count"" : 4}, {""species"" : ""Southern Stingray"", ""count"" : 4}, {""species"" : ""Green Turtle"", ""count"" : 2}]"
290,"2023-12-26",2,"Shark Bait","Lenny","Hole in the Corner",23,27,"[{""species"" : ""Nassau Grouper"", ""count"" : 2}, {""species"" : ""Hawksbill Turtle"", ""count"" : 1}, {""species"" : ""Green Turtle"", ""count"" : 1}, {""species"" : ""Lettuce Sea Slug"", ""count"" : 3}, {""species"" : ""Flamingo Tongue"", ""count"" : 5}, {""species"" : ""Lionfish Alive"", ""count"" : 3}]"
291,"2023-12-26",3,"Shark Bait","Lenny","Tent Shallow",22,27,"[{""species"" : ""Caribbean Reef Shark"", ""count"" : 1}, {""species"" : ""Tiger Grouper"", ""count"" : 2}, {""species"" : ""Green Turtle"", ""count"" : 4}, {""species"" : ""Nassau Grouper"", ""count"" : 1}, {""species"" : ""Southern Stingray"", ""count"" : 6}, {""species"" : ""Hawksbill Turtle"", ""count"" : 1}]"
286,"2023-12-26",2,"Shark Bait","Richard","Hole in the Corner",24,27,"[{""species"" : ""Lionfish Alive"", ""count"" : 7}, {""species"" : ""Flamingo Tongue"", ""count"" : 1}, {""species"" : ""Hawksbill Turtle"", ""count"" : 1}]"
285,"2023-12-26",1,"Shark Bait","Richard","Man of War Shoals",22,27,"[{""species"" : ""Green Turtle"", ""count"" : 1}, {""species"" : ""Southern Stingray"", ""count"" : 2}]"
293,"2023-12-27",2,"Shark Bait","Vicky","Tent Reef",20,27,"[{""species"" : ""Lionfish Alive"", ""count"" : 2}, {""species"" : ""Southern Stingray"", ""count"" : 5}, {""species"" : ""Nurse Shark"", ""count"" : 1}]"
292,"2023-12-27",1,"Shark Bait","Vicky","Man of War Shoals",21,27,"[{""species"" : ""Green Turtle"", ""count"" : 3}, {""species"" : ""Southern Stingray"", ""count"" : 3}]"
294,"2023-12-27",2,"Shark Bait","Aaron","Tent Reef",21,27,"[{""species"" : ""Hawksbill Turtle"", ""count"" : 1}, {""species"" : ""Green Turtle"", ""count"" : 2}, {""species"" : ""Nurse Shark"", ""count"" : 1}]"
295,"2023-12-27",3,"Fin & Tonic","Chad","Torrens Point",12,27,"[{""species"" : ""Green Turtle"", ""count"" : 3}, {""species"" : ""Hawksbill Turtle"", ""count"" : 1}, {""species"" : ""Longspine Sea Urchin"", ""count"" : 8}]"
298,"2023-12-28",2,"Fin & Tonic","Chad","Ladder Labyrinth",24,27,"[{""species"" : ""Lionfish Alive"", ""count"" : 1}, {""species"" : ""Lettuce Sea Slug"", ""count"" : 1}, {""species"" : ""Longspine Sea Urchin"", ""count"" : 2}, {""species"" : ""Southern Stingray"", ""count"" : 3}]"
299,"2023-12-28",1,"Shark Bait","Vicky","Third Encounter",31,27,"[{""species"" : ""Caribbean Reef Shark"", ""count"" : 3}, {""species"" : ""Lionfish Alive"", ""count"" : 3}]"
300,"2023-12-28",2,"Shark Bait","Vicky","Hole in the Corner",20,27,"[{""species"" : ""Southern Stingray"", ""count"" : 1}, {""species"" : ""Flamingo Tongue"", ""count"" : 2}, {""species"" : ""Lionfish Alive"", ""count"" : 2}]"
301,"2023-12-29",3,"Fin & Tonic","Chad","Tent Boulders",18,27,"[{""species"" : ""Caribbean Reef Shark"", ""count"" : 2}, {""species"" : ""Nurse Shark"", ""count"" : 1}, {""species"" : ""Hawksbill Turtle"", ""count"" : 1}, {""species"" : ""Flamingo Tongue"", ""count"" : 1}, {""species"" : ""Longspine Sea Urchin"", ""count"" : 1}, {""species"" : ""Nassau Grouper"", ""count"" : 1}]"
302,"2023-12-29",1,"Shark Bait","Otto","Abraham's Hole",27,27,"[{""species"" : ""Green Turtle"", ""count"" : 1}, {""species"" : ""Nurse Shark"", ""count"" : 1}, {""species"" : ""Southern Stingray"", ""count"" : 2}]"
303,"2023-12-29",2,"Shark Bait","Otto","Green Island",22,27,"[{""species"" : ""Lionfish Dead"", ""count"" : 4}, {""species"" : ""Green Turtle"", ""count"" : 1}, {""species"" : ""Nurse Shark"", ""count"" : 2}, {""species"" : ""Fingerprint Cyphoma"", ""count"" : 2}]"
304,"2023-12-29",3,"Shark Bait","Otto","Tent Shallow",23,27,"[{""species"" : ""Green Turtle"", ""count"" : 4}]"
305,"2023-12-30",2,"Shark Bait","Richard","Green Island",21,27,"[{""species"" : ""Nurse Shark"", ""count"" : 2}, {""species"" : ""Flamingo Tongue"", ""count"" : 2}, {""species"" : ""Lionfish Dead"", ""count"" : 4}]"
306,"2023-12-31",2,"Shark Bait","Aaron","Big Rock Deep",22,27,"[{""species"" : ""Lettuce Sea Slug"", ""count"" : 1}, {""species"" : ""Yellowfin Grouper"", ""count"" : 1}, {""species"" : ""Nurse Shark"", ""count"" : 2}, {""species"" : ""Lionfish Alive"", ""count"" : 1}]"
307,"2023-12-31",2,"Fin & Tonic","Otto","Tent Boulders",23,27,"[{""species"" : ""Green Turtle"", ""count"" : 3}, {""species"" : ""Nurse Shark"", ""count"" : 1}, {""species"" : ""Southern Stingray"", ""count"" : 3}]"
308,"2024-01-02",3,"Shark Bait","Richard","Core Gut",24,27,"[{""species"" : ""Southern Stingray"", ""count"" : 1}, {""species"" : ""Lionfish Dead"", ""count"" : 1}, {""species"" : ""Lionfish Alive"", ""count"" : 2}]"
309,"2024-01-02",1,"Shark Bait","Lenny","Customs House",24,27,"[{""species"" : ""Green Turtle"", ""count"" : 2}, {""species"" : ""Lettuce Sea Slug"", ""count"" : 3}, {""species"" : ""Lionfish Alive"", ""count"" : 3}, {""species"" : ""Flamingo Tongue"", ""count"" : 2}, {""species"" : ""Southern Stingray"", ""count"" : 4}, {""species"" : ""Caribbean Reef Shark"", ""count"" : 1}]"
310,"2024-01-02",1,"Fin & Tonic","Vicky","Diamond Rock",26,27,"[{""species"" : ""Green Turtle"", ""count"" : 2}, {""species"" : ""Nurse Shark"", ""count"" : 1}, {""species"" : ""Southern Stingray"", ""count"" : 2}, {""species"" : ""Yellowfin Grouper"", ""count"" : 1}, {""species"" : ""Lionfish Alive"", ""count"" : 3}]"
311,"2024-01-02",2,"Fin & Tonic","Vicky","Tent Shallow",22,27,"[{""species"" : ""Southern Stingray"", ""count"" : 1}, {""species"" : ""Green Turtle"", ""count"" : 2}, {""species"" : ""Tiger Grouper"", ""count"" : 1}, {""species"" : ""Longspine Sea Urchin"", ""count"" : 1}]"
312,"2024-01-02",2,"Shark Bait","Lenny","Man of War Shoals",23,27,"[{""species"" : ""Lettuce Sea Slug"", ""count"" : 5}, {""species"" : ""Green Turtle"", ""count"" : 1}, {""species"" : ""Southern Stingray"", ""count"" : 4}]"
313,"2024-01-02",3,"Shark Bait","Lenny","50 50",20,27,"[{""species"" : ""Lionfish Alive"", ""count"" : 1}, {""species"" : ""Lionfish Dead"", ""count"" : 1}, {""species"" : ""Flamingo Tongue"", ""count"" : 5}, {""species"" : ""Lettuce Sea Slug"", ""count"" : 4}, {""species"" : ""Southern Stingray"", ""count"" : 3}, {""species"" : ""Nurse Shark"", ""count"" : 1}, {""species"" : ""Hawksbill Turtle"", ""count"" : 1}, {""species"" : ""Green Turtle"", ""count"" : 9}]"
314,"2024-01-03",1,"Shark Bait","Chad","Man of War Shoals",21,26,"[{""species"" : ""Lettuce Sea Slug"", ""count"" : 1}, {""species"" : ""Green Turtle"", ""count"" : 1}, {""species"" : ""Southern Stingray"", ""count"" : 3}, {""species"" : ""Nassau Grouper"", ""count"" : 1}, {""species"" : ""Longspine Sea Urchin"", ""count"" : 1}]"
315,"2024-01-03",2,"Shark Bait","Chad","Tent Boulders",20,27,"[{""species"" : ""Green Turtle"", ""count"" : 8}, {""species"" : ""Lionfish Alive"", ""count"" : 1}, {""species"" : ""Longspine Sea Urchin"", ""count"" : 2}]"
316,"2024-01-03",1,"Shark Bait","Richard","Man of War Shoals",22,27,"[{""species"" : ""Southern Stingray"", ""count"" : 2}, {""species"" : ""Green Turtle"", ""count"" : 2}]"
317,"2024-01-03",3,"Shark Bait","Richard","Third Encounter",32,27,"[{""species"" : ""Lionfish Dead"", ""count"" : 2}, {""species"" : ""Caribbean Reef Shark"", ""count"" : 3}, {""species"" : ""Lionfish Alive"", ""count"" : 1}]"
319,"2024-01-04",3,"Fin & Tonic","Otto","Hot Springs",21,27,"[{""species"" : ""Green Turtle"", ""count"" : 8}, {""species"" : ""Lionfish Dead"", ""count"" : 1}, {""species"" : ""Hawksbill Turtle"", ""count"" : 1}]"
318,"2024-01-04",1,"Fin & Tonic","Otto","Core Gut",27,27,"[{""species"" : ""Lionfish Alive"", ""count"" : 3}, {""species"" : ""Nassau Grouper"", ""count"" : 1}]"
320,"2024-01-04",5,"Shark Bait","Otto","Tent Shallow",18,27,"[{""species"" : ""Lionfish Alive"", ""count"" : 3}, {""species"" : ""Southern Stingray"", ""count"" : 4}, {""species"" : ""Green Turtle"", ""count"" : 1}]"
321,"2024-01-04",1,"Shark Bait","Richard","Core Gut",24,27,"[{""species"" : ""Lionfish Dead"", ""count"" : 4}, {""species"" : ""Fingerprint Cyphoma"", ""count"" : 2}]"
322,"2024-01-04",3,"Shark Bait","Richard","Green Island",20,27,"[{""species"" : ""Lionfish Alive"", ""count"" : 1}, {""species"" : ""Fingerprint Cyphoma"", ""count"" : 2}]"
323,"2024-01-04",1,"Fin & Tonic","Vicky","Twilight Zone",32,27,"[{""species"" : null, ""count"" : null}]"
324,"2024-01-04",2,"Fin & Tonic","Vicky","Man of War Shoals",22,27,"[{""species"" : ""Yellowfin Grouper"", ""count"" : 2}, {""species"" : ""Southern Stingray"", ""count"" : 2}, {""species"" : ""Green Turtle"", ""count"" : 3}, {""species"" : ""Lettuce Sea Slug"", ""count"" : 3}]"
325,"2024-01-04",1,"Shark Bait","Chad","Core Gut",27,27,"[{""species"" : ""Caribbean Reef Shark"", ""count"" : 1}, {""species"" : ""Lionfish Dead"", ""count"" : 4}]"
326,"2024-01-04",2,"Shark Bait","Chad","Tent Shallow",23,27,"[{""species"" : ""Yellowfin Grouper"", ""count"" : 1}, {""species"" : ""Lionfish Alive"", ""count"" : 1}, {""species"" : ""Green Turtle"", ""count"" : 2}, {""species"" : ""Nurse Shark"", ""count"" : 1}, {""species"" : ""Nassau Grouper"", ""count"" : 1}, {""species"" : ""Longspine Sea Urchin"", ""count"" : 2}]"
331,"2024-01-05",2,"Shark Bait","Chad","Airport Drift",24,27,"[{""species"" : ""Longspine Sea Urchin"", ""count"" : 2}, {""species"" : ""Nassau Grouper"", ""count"" : 1}]"
330,"2024-01-05",1,"Shark Bait","Chad","Third Encounter",32,27,"[{""species"" : ""Nurse Shark"", ""count"" : 1}, {""species"" : ""Caribbean Reef Shark"", ""count"" : 4}, {""species"" : ""Lionfish Alive"", ""count"" : 1}]"
329,"2024-01-05",2,"Northern Sky","Aaron","Hole in the Corner",22,27,"[{""species"" : ""Nassau Grouper"", ""count"" : 1}, {""species"" : ""Green Turtle"", ""count"" : 1}, {""species"" : ""Lionfish Alive"", ""count"" : 2}, {""species"" : ""Nurse Shark"", ""count"" : 1}, {""species"" : ""Southern Stingray"", ""count"" : 2}]"
328,"2024-01-05",3,"Shark Bait","Richard","Core Gut",26,27,"[{""species"" : ""Nurse Shark"", ""count"" : 1}]"
327,"2024-01-05",1,"Shark Bait","Richard","Third Encounter",34,27,"[{""species"" : ""Caribbean Reef Shark"", ""count"" : 1}]"
333,"2024-01-06",3,"Shark Bait","Richard","Tent Shallow",26,27,"[{""species"" : ""Nurse Shark"", ""count"" : 2}, {""species"" : ""Lionfish Alive"", ""count"" : 2}]"
332,"2024-01-06",1,"Shark Bait","Richard","Outer Limits",34,27,"[{""species"" : ""Lionfish Dead"", ""count"" : 1}, {""species"" : ""Caribbean Reef Shark"", ""count"" : 1}, {""species"" : ""Lionfish Alive"", ""count"" : 1}]"
335,"2024-01-07",1,"Shark Bait","Richard","Customs House",31,28,"[{""species"" : ""Southern Stingray"", ""count"" : 3}, {""species"" : ""Lionfish Alive"", ""count"" : 1}, {""species"" : ""Nurse Shark"", ""count"" : 1}, {""species"" : ""Caribbean Reef Shark"", ""count"" : 2}, {""species"" : ""Green Turtle"", ""count"" : 3}]"
337,"2024-01-07",3,"Shark Bait","Richard","Diamond Rock",25,28,"[{""species"" : ""Southern Stingray"", ""count"" : 3}, {""species"" : ""Lionfish Alive"", ""count"" : 3}, {""species"" : ""Tiger Grouper"", ""count"" : 2}, {""species"" : ""Green Turtle"", ""count"" : 2}, {""species"" : ""Caribbean Reef Shark"", ""count"" : 2}]"
336,"2024-01-07",2,"Fin & Tonic","Aaron","Man of War Shoals",22,27,"[{""species"" : ""Southern Stingray"", ""count"" : 4}, {""species"" : ""Green Turtle"", ""count"" : 1}, {""species"" : ""Yellowfin Grouper"", ""count"" : 1}]"
334,"2024-01-07",1,"Fin & Tonic","Vicky","Mt. Michel",33,27,"[{""species"" : ""Nassau Grouper"", ""count"" : 1}, {""species"" : ""Lionfish Alive"", ""count"" : 10}, {""species"" : ""Green Turtle"", ""count"" : 1}, {""species"" : ""Yellowfin Grouper"", ""count"" : 1}]"
338,"2024-01-08",1,"Shark Bait","Richard","Outer Limits",32,28,"[{""species"" : ""Caribbean Reef Shark"", ""count"" : 1}, {""species"" : ""Lionfish Dead"", ""count"" : 2}, {""species"" : ""Lionfish Alive"", ""count"" : 1}]"
339,"2024-01-08",2,"Shark Bait","Richard","Big Rock Deep",24,28,"[{""species"" : ""Tiger Grouper"", ""count"" : 2}, {""species"" : ""Lionfish Dead"", ""count"" : 4}, {""species"" : ""Caribbean Reef Shark"", ""count"" : 1}, {""species"" : ""Nurse Shark"", ""count"" : 2}, {""species"" : ""Lionfish Alive"", ""count"" : 1}]"
340,"2024-01-08",3,"Shark Bait","Josef","Tent Shallow",25,26,"[{""species"" : ""Green Turtle"", ""count"" : 2}]"
344,"2024-01-10",2,"Shark Bait","Aaron","Tent Shallow",22,27,"[{""species"" : ""Roughtail Stingray"", ""count"" : 1}, {""species"" : ""Yellowfin Grouper"", ""count"" : 1}, {""species"" : ""Green Turtle"", ""count"" : 4}]"
341,"2024-01-10",1,"Shark Bait","Vicky","Tent Reef Wall",26,27,"[{""species"" : ""Southern Stingray"", ""count"" : 2}, {""species"" : ""Caribbean Reef Shark"", ""count"" : 2}, {""species"" : ""Flamingo Tongue"", ""count"" : 2}]"
342,"2024-01-10",2,"Shark Bait","Vicky","Tent Shallow",20,27,"[{""species"" : ""Southern Stingray"", ""count"" : 3}, {""species"" : ""Green Turtle"", ""count"" : 3}]"
345,"2024-01-10",3,"Shark Bait","Aaron","Babylon",24,27,"[{""species"" : ""Lionfish Dead"", ""count"" : 1}, {""species"" : ""Green Turtle"", ""count"" : 2}, {""species"" : ""Hawksbill Turtle"", ""count"" : 1}, {""species"" : ""Nurse Shark"", ""count"" : 1}, {""species"" : ""Caribbean Reef Shark"", ""count"" : 6}]"
343,"2024-01-11",2,"Shark Bait","Aaron","Man of War Shoals",22,27,"[{""species"" : ""Green Turtle"", ""count"" : 1}, {""species"" : ""Roughtail Stingray"", ""count"" : 1}, {""species"" : ""Southern Stingray"", ""count"" : 4}, {""species"" : ""Yellowfin Grouper"", ""count"" : 2}]"
346,"2024-01-11",1,"Shark Bait","Richard","Customs House",26,27,"[{""species"" : ""Caribbean Reef Shark"", ""count"" : 2}, {""species"" : ""Southern Stingray"", ""count"" : 1}, {""species"" : ""Green Turtle"", ""count"" : 2}]"
347,"2024-01-11",3,"Shark Bait","Richard","Tent Drift",26,27,"[{""species"" : ""Southern Stingray"", ""count"" : 1}, {""species"" : ""Lionfish Dead"", ""count"" : 3}, {""species"" : ""Lionfish Alive"", ""count"" : 2}, {""species"" : ""Nurse Shark"", ""count"" : 1}, {""species"" : ""Green Turtle"", ""count"" : 3}, {""species"" : ""Caribbean Reef Shark"", ""count"" : 4}]"
348,"2024-01-11",1,"Private Boat","Chad","Tent Drift",18,26,"[{""species"" : ""Green Turtle"", ""count"" : 8}]"
349,"2024-01-11",2,"Private Boat","Chad","Man of War Shoals",21,27,"[{""species"" : ""Lettuce Sea Slug"", ""count"" : 1}, {""species"" : ""Yellowfin Grouper"", ""count"" : 3}, {""species"" : ""Southern Stingray"", ""count"" : 7}]"
350,"2024-01-12",1,"Shark Bait","Richard","Ladder Labyrinth",26,27,"[{""species"" : ""Lionfish Alive"", ""count"" : 2}, {""species"" : ""Nurse Shark"", ""count"" : 1}, {""species"" : ""Lionfish Dead"", ""count"" : 1}]"
369,"2024-01-13",2,"Shark Bait","Lenny","50 50",21,27,"[{""species"" : ""Lettuce Sea Slug"", ""count"" : 3}, {""species"" : ""Lionfish Alive"", ""count"" : 1}, {""species"" : ""Green Turtle"", ""count"" : 6}, {""species"" : ""Hawksbill Turtle"", ""count"" : 1}, {""species"" : ""Nurse Shark"", ""count"" : 2}, {""species"" : ""Southern Stingray"", ""count"" : 3}, {""species"" : ""Yellowfin Grouper"", ""count"" : 1}, {""species"" : ""Flamingo Tongue"", ""count"" : 5}]"
351,"2024-01-13",1,"Shark Bait","Otto","Diamond Rock",20,27,"[{""species"" : ""Southern Stingray"", ""count"" : 2}, {""species"" : ""Tiger Grouper"", ""count"" : 2}, {""species"" : ""Green Turtle"", ""count"" : 2}]"
352,"2024-01-13",2,"Shark Bait","Otto","50 50",18,27,"[{""species"" : ""Southern Stingray"", ""count"" : 1}, {""species"" : ""Green Turtle"", ""count"" : 2}, {""species"" : ""Flamingo Tongue"", ""count"" : 3}, {""species"" : ""Longspine Sea Urchin"", ""count"" : 2}, {""species"" : ""Nurse Shark"", ""count"" : 1}]"
355,"2024-01-14",3,"Shark Bait","Richard","Tent Shallow",24,27,"[{""species"" : ""Southern Stingray"", ""count"" : 1}, {""species"" : ""Caribbean Reef Shark"", ""count"" : 1}, {""species"" : ""Flamingo Tongue"", ""count"" : 1}]"
353,"2024-01-14",1,"Shark Bait","Richard","Twilight Zone",31,27,"[{""species"" : ""Lionfish Alive"", ""count"" : 1}, {""species"" : ""Caribbean Reef Shark"", ""count"" : 1}]"
354,"2024-01-14",2,"Shark Bait","Richard","Ladder Labyrinth",26,27,"[{""species"" : ""Nurse Shark"", ""count"" : 1}, {""species"" : ""Fingerprint Cyphoma"", ""count"" : 1}]"
364,"2024-01-14",1,"Shark Bait","Otto","Twilight Zone",34,27,"[{""species"" : ""Lionfish Alive"", ""count"" : 2}, {""species"" : ""Caribbean Reef Shark"", ""count"" : 2}, {""species"" : ""Yellowfin Grouper"", ""count"" : 2}]"
365,"2024-01-14",3,"Shark Bait","Otto","Ladder Labyrinth",12,27,"[{""species"" : ""Nurse Shark"", ""count"" : 1}]"
366,"2024-01-14",1,"Shark Bait","Lenny","Twilight Zone",34,27,"[{""species"" : ""Lionfish Alive"", ""count"" : 5}, {""species"" : ""Caribbean Reef Shark"", ""count"" : 1}, {""species"" : ""Nassau Grouper"", ""count"" : 2}, {""species"" : ""Tiger Grouper"", ""count"" : 1}]"
367,"2024-01-14",5,"Shark Bait","Lenny","Tent Shallow",21,27,"[{""species"" : ""Southern Stingray"", ""count"" : 8}, {""species"" : ""Green Turtle"", ""count"" : 6}, {""species"" : ""Nurse Shark"", ""count"" : 3}, {""species"" : ""Lionfish Alive"", ""count"" : 3}]"
361,"2024-01-15",2,"Shark Bait","Chad","Babylon",21,27,"[{""species"" : ""Green Turtle"", ""count"" : 2}, {""species"" : ""Caribbean Reef Shark"", ""count"" : 2}, {""species"" : ""Lionfish Alive"", ""count"" : 1}, {""species"" : ""Lionfish Dead"", ""count"" : 4}, {""species"" : ""Nurse Shark"", ""count"" : 1}]"
362,"2024-01-15",1,"Fin & Tonic","Otto","Hot Springs",23,27,"[{""species"" : ""Green Turtle"", ""count"" : 5}, {""species"" : ""Southern Stingray"", ""count"" : 2}, {""species"" : ""Longspine Sea Urchin"", ""count"" : 3}, {""species"" : ""Lionfish Alive"", ""count"" : 1}, {""species"" : ""Nurse Shark"", ""count"" : 1}]"
363,"2024-01-15",4,"Shark Bait","Otto","Hot Springs",12,27,"[{""species"" : ""Nurse Shark"", ""count"" : 1}]"
368,"2024-01-15",1,"Shark Bait","Lenny","Man of War Shoals",22,27,"[{""species"" : ""Southern Stingray"", ""count"" : 2}, {""species"" : ""Green Turtle"", ""count"" : 4}, {""species"" : ""Flamingo Tongue"", ""count"" : 4}, {""species"" : ""Lettuce Sea Slug"", ""count"" : 10}]"
356,"2024-01-15",2,"Fin & Tonic","Aaron","Tent Reef Wall",24,27,"[{""species"" : ""Caribbean Reef Shark"", ""count"" : 3}, {""species"" : ""Green Turtle"", ""count"" : 2}]"
370,"2024-01-15",1,"Fin & Tonic","Vicky","Hot Springs",23,27,"[{""species"" : ""Roughtail Stingray"", ""count"" : 3}, {""species"" : ""Green Turtle"", ""count"" : 5}, {""species"" : ""Nurse Shark"", ""count"" : 1}]"
371,"2024-01-15",2,"Fin & Tonic","Vicky","Tent Reef Wall",22,27,"[{""species"" : ""Flamingo Tongue"", ""count"" : 2}, {""species"" : ""Roughtail Stingray"", ""count"" : 5}, {""species"" : ""Green Turtle"", ""count"" : 2}, {""species"" : ""Caribbean Reef Shark"", ""count"" : 1}]"
357,"2024-01-15",3,"Fin & Tonic","Aaron","50 50",24,27,"[{""species"" : ""Nurse Shark"", ""count"" : 1}, {""species"" : ""Green Turtle"", ""count"" : 5}, {""species"" : ""Caribbean Reef Shark"", ""count"" : 1}]"
358,"2024-01-15",1,"Shark Bait","Richard","Man of War Shoals",22,27,"[{""species"" : ""Southern Stingray"", ""count"" : 1}]"
359,"2024-01-15",2,"Shark Bait","Richard","Babylon",25,27,"[{""species"" : ""Nurse Shark"", ""count"" : 1}, {""species"" : ""Green Turtle"", ""count"" : 1}, {""species"" : ""Flamingo Tongue"", ""count"" : 1}, {""species"" : ""Lionfish Dead"", ""count"" : 4}]"
360,"2024-01-15",1,"Shark Bait","Chad","Man of War Shoals",21,27,"[{""species"" : ""Southern Stingray"", ""count"" : 2}, {""species"" : ""Lettuce Sea Slug"", ""count"" : 2}, {""species"" : ""Green Turtle"", ""count"" : 2}]"
373,"2024-01-16",2,"Fin & Tonic","Vicky","Ladder Labyrinth",21,27,"[{""species"" : ""Green Turtle"", ""count"" : 2}, {""species"" : ""Caribbean Reef Shark"", ""count"" : 4}, {""species"" : ""Southern Stingray"", ""count"" : 2}, {""species"" : ""Flamingo Tongue"", ""count"" : 2}, {""species"" : ""Lionfish Alive"", ""count"" : 1}]"
374,"2024-01-16",2,"Shark Bait","Chad","50 50",24,27,"[{""species"" : ""Southern Stingray"", ""count"" : 2}, {""species"" : ""Nurse Shark"", ""count"" : 1}, {""species"" : ""Green Turtle"", ""count"" : 2}]"
375,"2024-01-16",3,"Shark Bait","Chad","Babylon",21,27,"[{""species"" : ""Longspine Sea Urchin"", ""count"" : 2}, {""species"" : ""Lionfish Alive"", ""count"" : 1}, {""species"" : ""Flamingo Tongue"", ""count"" : 2}, {""species"" : ""Southern Stingray"", ""count"" : 2}, {""species"" : ""Caribbean Reef Shark"", ""count"" : 1}]"
372,"2024-01-16",1,"Fin & Tonic","Vicky","Customs House",27,27,"[{""species"" : ""Green Turtle"", ""count"" : 3}, {""species"" : ""Southern Stingray"", ""count"" : 3}, {""species"" : ""Flamingo Tongue"", ""count"" : 2}, {""species"" : ""Lionfish Alive"", ""count"" : 1}]"
376,"2024-01-17",2,"Fin & Tonic","Aaron","Ladder Labyrinth",22,27,"[{""species"" : ""Hawksbill Turtle"", ""count"" : 1}, {""species"" : ""Green Turtle"", ""count"" : 2}, {""species"" : ""Lionfish Alive"", ""count"" : 1}, {""species"" : ""Lettuce Sea Slug"", ""count"" : 1}, {""species"" : ""Caribbean Reef Shark"", ""count"" : 5}]"
377,"2024-01-17",3,"Fin & Tonic","Aaron","Rays and Anchors",17,27,"[{""species"" : ""Southern Stingray"", ""count"" : 4}, {""species"" : ""Green Turtle"", ""count"" : 11}]"
378,"2024-01-17",1,"Fin & Tonic","Vicky","Tent Reef",22,27,"[{""species"" : null, ""count"" : null}]"
379,"2024-01-17",1,"Shark Bait","Richard","Customs House",26,27,"[{""species"" : ""Southern Stingray"", ""count"" : 2}, {""species"" : ""Green Turtle"", ""count"" : 3}, {""species"" : ""Caribbean Reef Shark"", ""count"" : 1}]"
380,"2024-01-17",2,"Shark Bait","Richard","Hot Springs",22,27,"[{""species"" : ""Green Turtle"", ""count"" : 4}, {""species"" : ""Caribbean Reef Shark"", ""count"" : 1}, {""species"" : ""Nurse Shark"", ""count"" : 1}]"
381,"2024-01-17",1,"Shark Bait","Chad","Customs House",32,27,"[{""species"" : ""Caribbean Reef Shark"", ""count"" : 1}, {""species"" : ""Southern Stingray"", ""count"" : 2}, {""species"" : ""Lionfish Alive"", ""count"" : 1}, {""species"" : ""Leech Head Shield Slug"", ""count"" : 1}, {""species"" : ""Green Turtle"", ""count"" : 2}]"
382,"2024-01-17",2,"Shark Bait","Chad","Hot Springs",15,27,"[{""species"" : ""Flamingo Tongue"", ""count"" : 2}, {""species"" : ""Longspine Sea Urchin"", ""count"" : 1}, {""species"" : ""Yellowfin Grouper"", ""count"" : 1}, {""species"" : ""Southern Stingray"", ""count"" : 2}, {""species"" : ""Caribbean Reef Shark"", ""count"" : 1}, {""species"" : ""Green Turtle"", ""count"" : 8}]"
383,"2024-01-17",3,"Shark Bait","Chad","Babylon",18,27,"[{""species"" : ""Caribbean Reef Shark"", ""count"" : 2}, {""species"" : ""Yellowfin Grouper"", ""count"" : 1}]"
384,"2024-01-18",1,"Fin & Tonic","Vicky","Twilight Zone",30,27,"[{""species"" : ""Lionfish Alive"", ""count"" : 3}]"
385,"2024-01-18",1,"Shark Bait","Otto","Third Encounter",32,27,"[{""species"" : ""Nassau Grouper"", ""count"" : 1}, {""species"" : ""Lionfish Alive"", ""count"" : 1}, {""species"" : ""Yellowfin Grouper"", ""count"" : 1}, {""species"" : ""Nurse Shark"", ""count"" : 1}, {""species"" : ""Lionfish Dead"", ""count"" : 7}]"
393,"2024-01-18",1,"Shark Bait","Lenny","Twilight Zone",22,27,"[{""species"" : ""Caribbean Reef Shark"", ""count"" : 2}, {""species"" : ""Nassau Grouper"", ""count"" : 3}, {""species"" : ""Nurse Shark"", ""count"" : 1}]"
386,"2024-01-19",1,"Fin & Tonic","Vicky","Tent Deep",25,27,"[{""species"" : ""Green Turtle"", ""count"" : 3}, {""species"" : ""Lionfish Alive"", ""count"" : 2}, {""species"" : ""Caribbean Reef Shark"", ""count"" : 1}]"
387,"2024-01-19",2,"Shark Bait","Chad","Ladder Labyrinth",18,27,"[{""species"" : ""Green Turtle"", ""count"" : 2}, {""species"" : ""Nurse Shark"", ""count"" : 1}, {""species"" : ""Nassau Grouper"", ""count"" : 1}]"
388,"2024-01-19",3,"Shark Bait","Chad","Hot Springs",18,27,"[{""species"" : ""Green Turtle"", ""count"" : 8}, {""species"" : ""Nurse Shark"", ""count"" : 2}]"
389,"2024-01-19",1,"Fin & Tonic","Aaron","Tent Deep",34,27,"[{""species"" : ""Lionfish Alive"", ""count"" : 1}, {""species"" : ""Green Turtle"", ""count"" : 2}, {""species"" : ""Caribbean Reef Shark"", ""count"" : 1}, {""species"" : ""Nurse Shark"", ""count"" : 1}, {""species"" : ""Yellowfin Grouper"", ""count"" : 1}]"
390,"2024-01-19",2,"Fin & Tonic","Aaron","50 50",24,27,"[{""species"" : ""Nurse Shark"", ""count"" : 1}, {""species"" : ""Caribbean Reef Shark"", ""count"" : 1}, {""species"" : ""Southern Stingray"", ""count"" : 2}]"
398,"2024-01-19",2,"Fin & Tonic","Svenja","50 50",22,27,"[{""species"" : ""Green Turtle"", ""count"" : 3}, {""species"" : ""Hawksbill Turtle"", ""count"" : 1}, {""species"" : ""Nurse Shark"", ""count"" : 1}, {""species"" : ""Lionfish Alive"", ""count"" : 1}]"
395,"2024-01-19",1,"Shark Bait","Lenny","Ladder Labyrinth",22,27,"[{""species"" : ""Flamingo Tongue"", ""count"" : 3}, {""species"" : ""Lettuce Sea Slug"", ""count"" : 6}, {""species"" : ""Tiger Grouper"", ""count"" : 2}, {""species"" : ""Nassau Grouper"", ""count"" : 1}, {""species"" : ""Green Turtle"", ""count"" : 2}, {""species"" : ""Hawksbill Turtle"", ""count"" : 1}, {""species"" : ""Nurse Shark"", ""count"" : 2}, {""species"" : ""Southern Stingray"", ""count"" : 3}]"
391,"2024-01-20",1,"Shark Bait","Richard","Third Encounter",34,27,"[{""species"" : ""Lionfish Dead"", ""count"" : 3}, {""species"" : ""Caribbean Reef Shark"", ""count"" : 1}, {""species"" : ""Nurse Shark"", ""count"" : 1}]"
392,"2024-01-20",2,"Shark Bait","Richard","Diamond Rock",26,27,"[{""species"" : ""Green Turtle"", ""count"" : 1}, {""species"" : ""Southern Stingray"", ""count"" : 1}, {""species"" : ""Lionfish Alive"", ""count"" : 1}, {""species"" : ""Nassau Grouper"", ""count"" : 3}, {""species"" : ""Lionfish Dead"", ""count"" : 1}]"
396,"2024-01-21",2,"Shark Bait","Richard","Man of War Shoals",22,27,"[{""species"" : ""Nassau Grouper"", ""count"" : 2}, {""species"" : ""Southern Stingray"", ""count"" : 2}, {""species"" : ""Caribbean Reef Shark"", ""count"" : 1}, {""species"" : ""Green Turtle"", ""count"" : 1}]"
394,"2024-01-21",2,"Shark Bait","Lenny","Ladder Drift",22,27,"[{""species"" : ""Tiger Grouper"", ""count"" : 3}, {""species"" : ""Green Turtle"", ""count"" : 3}, {""species"" : ""Hawksbill Turtle"", ""count"" : 1}, {""species"" : ""Caribbean Reef Shark"", ""count"" : 3}, {""species"" : ""Nurse Shark"", ""count"" : 2}, {""species"" : ""Southern Stingray"", ""count"" : 2}, {""species"" : ""Nassau Grouper"", ""count"" : 1}, {""species"" : ""Flamingo Tongue"", ""count"" : 5}, {""species"" : ""Lionfish Dead"", ""count"" : 5}]"
397,"2024-01-21",1,"Shark Bait","Otto","Babylon",29,27,"[{""species"" : ""Caribbean Reef Shark"", ""count"" : 1}, {""species"" : ""Green Turtle"", ""count"" : 1}, {""species"" : ""Nurse Shark"", ""count"" : 1}]"
400,"2024-01-22",3,"Shark Bait","Richard","Torrens Point",12,27,"[{""species"" : ""Green Turtle"", ""count"" : 3}]"
399,"2024-01-22",1,"Shark Bait","Richard","Third Encounter",33,27,"[{""species"" : ""Lionfish Dead"", ""count"" : 2}, {""species"" : ""Lionfish Alive"", ""count"" : 2}, {""species"" : ""Caribbean Reef Shark"", ""count"" : 1}]"
402,"2024-01-23",3,"Fin & Tonic","Josef","Tent Reef",15,26,"[{""species"" : ""Yellowfin Grouper"", ""count"" : 2}, {""species"" : ""Hawksbill Turtle"", ""count"" : 1}, {""species"" : ""Caribbean Reef Shark"", ""count"" : 1}, {""species"" : ""Nurse Shark"", ""count"" : 1}]"
401,"2024-01-23",1,"Fin & Tonic","Josef","Outer Limits",30,26,"[{""species"" : null, ""count"" : null}]"
409,"2024-01-24",1,"Fin & Tonic","Svenja","Third Encounter",32,27,"[{""species"" : ""Nurse Shark"", ""count"" : 1}, {""species"" : ""Caribbean Reef Shark"", ""count"" : 2}]"
408,"2024-01-24",3,"Fin & Tonic","Svenja","Muck Dive",15,26,"[{""species"" : ""Green Turtle"", ""count"" : 1}, {""species"" : ""Nassau Grouper"", ""count"" : 1}, {""species"" : ""Leech Head Shield Slug"", ""count"" : 2}, {""species"" : ""White-nosed Pipefish"", ""count"" : 1}]"
406,"2024-01-25",2,"Fin & Tonic","Otto","Tent Reef",21,27,"[{""species"" : ""Green Turtle"", ""count"" : 4}, {""species"" : ""Lionfish Alive"", ""count"" : 2}, {""species"" : ""Caribbean Reef Shark"", ""count"" : 1}, {""species"" : ""Hawksbill Turtle"", ""count"" : 1}]"
404,"2024-01-25",2,"Fin & Tonic","Aaron","Tent Reef",22,27,"[{""species"" : ""Green Turtle"", ""count"" : 5}, {""species"" : ""Lionfish Dead"", ""count"" : 3}, {""species"" : ""Caribbean Reef Shark"", ""count"" : 5}, {""species"" : ""Hawksbill Turtle"", ""count"" : 1}]"
403,"2024-01-25",1,"Fin & Tonic","Lenny","Tent Boulders",29,27,"[{""species"" : ""Green Turtle"", ""count"" : 4}, {""species"" : ""Lettuce Sea Slug"", ""count"" : 2}, {""species"" : ""Caribbean Reef Shark"", ""count"" : 2}, {""species"" : ""Hawksbill Turtle"", ""count"" : 1}]"
405,"2024-01-25",1,"Fin & Tonic","Otto","Tent Reef Wall",24,27,"[{""species"" : ""Lionfish Alive"", ""count"" : 1}, {""species"" : ""Green Turtle"", ""count"" : 2}, {""species"" : ""Caribbean Reef Shark"", ""count"" : 1}, {""species"" : ""Yellowfin Grouper"", ""count"" : 1}]"
407,"2024-01-26",2,"Shark Bait","Svenja","Tent Drift",17,26,"[{""species"" : ""Nurse Shark"", ""count"" : 1}, {""species"" : ""Green Turtle"", ""count"" : 3}, {""species"" : ""Caribbean Reef Shark"", ""count"" : 1}, {""species"" : ""Lionfish Alive"", ""count"" : 1}, {""species"" : ""Longspine Sea Urchin"", ""count"" : 2}, {""species"" : ""Southern Stingray"", ""count"" : 1}]"
410,"2024-01-26",2,"Fin & Tonic","Richard ","Ladder Labyrinth",24,27,"[{""species"" : ""Lionfish Dead"", ""count"" : 1}, {""species"" : ""Nurse Shark"", ""count"" : 2}, {""species"" : ""Fingerprint Cyphoma"", ""count"" : 3}, {""species"" : ""Lionfish Alive"", ""count"" : 1}]"
411,"2024-01-27",1,"Fin & Tonic","Richard","Third Encounter",34,27,"[{""species"" : ""Nassau Grouper"", ""count"" : 1}, {""species"" : ""Caribbean Reef Shark"", ""count"" : 1}, {""species"" : ""Nurse Shark"", ""count"" : 1}, {""species"" : ""Lionfish Alive"", ""count"" : 1}]"
412,"2024-01-27",2,"Fin & Tonic","Richard","Hot Springs",23,27,"[{""species"" : ""Green Turtle"", ""count"" : 8}, {""species"" : ""Southern Stingray"", ""count"" : 3}]"
414,"2024-01-28",1,"Fin & Tonic","Aaron","Man of War Shoals",22,27,"[{""species"" : ""Roughtail Stingray"", ""count"" : 2}, {""species"" : ""Green Turtle"", ""count"" : 2}, {""species"" : ""Yellowfin Grouper"", ""count"" : 2}, {""species"" : ""Southern Stingray"", ""count"" : 4}]"
413,"2024-01-28",2,"Fin & Tonic","Richard","Babylon",26,27,"[{""species"" : ""Caribbean Reef Shark"", ""count"" : 2}, {""species"" : ""Lionfish Alive"", ""count"" : 1}, {""species"" : ""Nurse Shark"", ""count"" : 1}]"
415,"2024-01-28",3,"Fin & Tonic","Aaron","Tent Shallow",21,27,"[{""species"" : ""Caribbean Reef Shark"", ""count"" : 2}, {""species"" : ""Yellowfin Grouper"", ""count"" : 1}, {""species"" : ""Nurse Shark"", ""count"" : 1}, {""species"" : ""Green Turtle"", ""count"" : 3}]"
416,"2024-01-29",1,"Shark Bait","Richard","Airport Drift",24,27,"[{""species"" : ""Lionfish Alive"", ""count"" : 3}, {""species"" : ""Lionfish Dead"", ""count"" : 7}, {""species"" : ""Nurse Shark"", ""count"" : 1}]"
425,"2024-01-29",1,"Shark Bait","Aaron","Big Rock Deep",22,27,"[{""species"" : ""Caribbean Reef Shark"", ""count"" : 2}, {""species"" : ""Tiger Grouper"", ""count"" : 1}, {""species"" : ""Nassau Grouper"", ""count"" : 1}, {""species"" : ""Nurse Shark"", ""count"" : 3}]"
427,"2024-01-29",3,"Shark Bait","Aaron","Core Gut",21,27,"[{""species"" : null, ""count"" : null}]"
421,"2024-01-30",3,"Private Boat","Otto","Tent Boulders",6,27,"[{""species"" : ""Green Turtle"", ""count"" : 2}]"
417,"2024-01-30",3,"Shark Bait","Richard","Core Gut",27,27,"[{""species"" : ""Lionfish Dead"", ""count"" : 3}]"
418,"2024-01-30",5,"Shark Bait","Otto","Core Gut",24,27,"[{""species"" : ""Green Turtle"", ""count"" : 1}]"
419,"2024-01-30",1,"Shark Bait","Vicky","Shark Shoals",32,27,"[{""species"" : ""Caribbean Reef Shark"", ""count"" : 2}]"
420,"2024-01-30",2,"Shark Bait","Vicky","Diamond Rock",26,27,"[{""species"" : ""Green Turtle"", ""count"" : 1}, {""species"" : ""Lionfish Alive"", ""count"" : 1}, {""species"" : ""Flamingo Tongue"", ""count"" : 1}, {""species"" : ""Yellowfin Grouper"", ""count"" : 1}]"
422,"2024-01-30",1,"Fin & Tonic","Josef","Tent Shallow",24,26,"[{""species"" : ""Green Turtle"", ""count"" : 3}]"
423,"2024-01-30",2,"Fin & Tonic","Josef","Hot Springs",19,26,"[{""species"" : ""Hawksbill Turtle"", ""count"" : 1}]"
424,"2024-01-30",3,"Fin & Tonic","Josef","Green Island",22,26,"[{""species"" : null, ""count"" : null}]"
426,"2024-01-30",1,"Shark Bait","Lenny","Shark Shoals",33,27,"[{""species"" : ""Tiger Grouper"", ""count"" : 4}, {""species"" : ""Nassau Grouper"", ""count"" : 2}, {""species"" : ""Caribbean Reef Shark"", ""count"" : 4}]"
428,"2024-01-30",3,"Shark Bait","Lenny","Tent Reef",24,27,"[{""species"" : ""Green Turtle"", ""count"" : 2}, {""species"" : ""Southern Stingray"", ""count"" : 3}, {""species"" : ""Yellowfin Grouper"", ""count"" : 1}, {""species"" : ""Lionfish Alive"", ""count"" : 3}, {""species"" : ""Lionfish Dead"", ""count"" : 2}, {""species"" : ""Hawksbill Turtle"", ""count"" : 1}]"
429,"2024-01-30",1,"Fin & Tonic","Chad","Tent Shallow",21,26,"[{""species"" : ""Nurse Shark"", ""count"" : 1}, {""species"" : ""Green Turtle"", ""count"" : 1}, {""species"" : ""Southern Stingray"", ""count"" : 3}, {""species"" : ""Yellowfin Grouper"", ""count"" : 2}, {""species"" : ""Longspine Sea Urchin"", ""count"" : 1}, {""species"" : ""Flamingo Tongue"", ""count"" : 1}]"
430,"2024-01-30",2,"Fin & Tonic","Chad","Hot Springs",18,26,"[{""species"" : ""Flamingo Tongue"", ""count"" : 2}, {""species"" : ""Green Turtle"", ""count"" : 8}, {""species"" : ""Caribbean Reef Shark"", ""count"" : 1}, {""species"" : ""Southern Stingray"", ""count"" : 2}, {""species"" : ""Yellowfin Grouper"", ""count"" : 1}, {""species"" : ""Leech Head Shield Slug"", ""count"" : 1}]"
431,"2024-01-31",1,"Fin & Tonic","Vicky","Twilight Zone",31,27,"[{""species"" : ""Tiger Grouper"", ""count"" : 1}, {""species"" : ""Caribbean Reef Shark"", ""count"" : 1}, {""species"" : ""Lionfish Alive"", ""count"" : 2}]"
432,"2024-01-31",1,"Shark Bait","Richard","Ghost Wreck",34,27,"[{""species"" : ""Caribbean Reef Shark"", ""count"" : 10}, {""species"" : ""Hawksbill Turtle"", ""count"" : 1}, {""species"" : ""Lionfish Alive"", ""count"" : 20}]"
433,"2024-01-31",2,"Shark Bait","Richard","Ghost Wreck",34,27,"[{""species"" : ""Southern Stingray"", ""count"" : 1}, {""species"" : ""Lionfish Alive"", ""count"" : 20}, {""species"" : ""Caribbean Reef Shark"", ""count"" : 4}, {""species"" : ""Hawksbill Turtle"", ""count"" : 1}]"
434,"2024-01-31",2,"Fin & Tonic","Aaron","Tent Reef",23,27,"[{""species"" : ""Lettuce Sea Slug"", ""count"" : 1}, {""species"" : ""Green Turtle"", ""count"" : 2}, {""species"" : ""Southern Stingray"", ""count"" : 2}]"
435,"2024-01-31",1,"Shark Bait","Chad","Ghost Wreck",34,26,"[{""species"" : ""Lionfish Alive"", ""count"" : 20}, {""species"" : ""Caribbean Reef Shark"", ""count"" : 10}, {""species"" : ""Hawksbill Turtle"", ""count"" : 1}]"
436,"2024-02-01",1,"Fin & Tonic","Otto","Twilight Zone",34,27,"[{""species"" : ""Nurse Shark"", ""count"" : 1}]"
437,"2024-02-01",3,"Fin & Tonic","Otto","Hole in the Corner",23,27,"[{""species"" : ""Green Turtle"", ""count"" : 1}, {""species"" : ""Lionfish Alive"", ""count"" : 4}, {""species"" : ""Southern Stingray"", ""count"" : 1}, {""species"" : ""Caribbean Reef Shark"", ""count"" : 1}, {""species"" : ""Hawksbill Turtle"", ""count"" : 1}]"
438,"2024-02-01",1,"Shark Bait","Otto","Core Gut",27,27,"[{""species"" : ""Southern Stingray"", ""count"" : 1}, {""species"" : ""Yellowfin Grouper"", ""count"" : 1}, {""species"" : ""Lionfish Alive"", ""count"" : 4}]"
440,"2024-02-05",1,"Fin & Tonic","Robins","Big Rock Market",20,27,"[{""species"" : null, ""count"" : null}]"
439,"2024-02-05",1,"Shark Bait","Otto","Green Island",23,27,"[{""species"" : null, ""count"" : null}]"
441,"2024-02-05",2,"Fin & Tonic","Robins","Big Rock Market",20,27,"[{""species"" : null, ""count"" : null}]"
443,"2024-02-08",2,"Shark Bait","Otto","Twilight Zone",34,27,"[{""species"" : ""Hawksbill Turtle"", ""count"" : 1}]"
442,"2024-02-08",2,"Shark Bait","Aaron","Hole in the Corner",22,27,"[{""species"" : ""Lionfish Alive"", ""count"" : 1}, {""species"" : ""Nurse Shark"", ""count"" : 2}]"
445,"2024-02-10",3,"Fin & Tonic","Otto","Core Gut",24,27,"[{""species"" : ""Nassau Grouper"", ""count"" : 1}, {""species"" : ""Lionfish Alive"", ""count"" : 3}]"
444,"2024-02-10",1,"Fin & Tonic","Otto","Twilight Zone",34,27,"[{""species"" : ""Lionfish Alive"", ""count"" : 4}, {""species"" : ""Hawksbill Turtle"", ""count"" : 1}, {""species"" : ""Nassau Grouper"", ""count"" : 1}, {""species"" : ""Tiger Grouper"", ""count"" : 1}]"
446,"2024-02-11",1,"Fin & Tonic","Richard","Third Encounter",34,27,"[{""species"" : ""Nurse Shark"", ""count"" : 1}, {""species"" : ""Lionfish Dead"", ""count"" : 1}]"
447,"2024-02-12",1,"Shark Bait","Vicky","Tent Reef Wall",22,26,"[{""species"" : ""Caribbean Reef Shark"", ""count"" : 2}, {""species"" : ""Green Turtle"", ""count"" : 2}, {""species"" : ""Lionfish Alive"", ""count"" : 2}]"
448,"2024-02-12",2,"Shark Bait","Chad","Greer Gut",23,26,"[{""species"" : ""Lionfish Dead"", ""count"" : 6}, {""species"" : ""Lionfish Alive"", ""count"" : 1}, {""species"" : ""Yellowfin Grouper"", ""count"" : 2}, {""species"" : ""Southern Stingray"", ""count"" : 1}, {""species"" : ""Nurse Shark"", ""count"" : 1}]"
449,"2024-02-13",1,"Shark Bait","Josef","Customs House",29,25,"[{""species"" : ""Green Turtle"", ""count"" : 2}, {""species"" : ""Caribbean Reef Shark"", ""count"" : 2}, {""species"" : ""Lettuce Sea Slug"", ""count"" : 2}, {""species"" : ""Blacktip Reef Shark"", ""count"" : 1}, {""species"" : ""Hawksbill Turtle"", ""count"" : 1}]"
450,"2024-02-13",1,"Fin & Tonic","Richard","Green Island",13,27,"[{""species"" : null, ""count"" : null}]"
451,"2024-02-13",2,"Fin & Tonic","Richard","Big Rock Market",12,27,"[{""species"" : null, ""count"" : null}]"
463,"2024-02-14",3,"Shark Bait","Aaron","Tent Reef",21,27,"[{""species"" : ""Yellowfin Grouper"", ""count"" : 2}, {""species"" : ""Caribbean Reef Shark"", ""count"" : 2}, {""species"" : ""Nurse Shark"", ""count"" : 1}, {""species"" : ""Green Turtle"", ""count"" : 2}, {""species"" : ""Lionfish Dead"", ""count"" : 1}]"
452,"2024-02-14",1,"Shark Bait","Vicky","Tent Reef Wall",22,26,"[{""species"" : ""Lettuce Sea Slug"", ""count"" : 2}, {""species"" : ""Southern Stingray"", ""count"" : 1}, {""species"" : ""Green Turtle"", ""count"" : 3}, {""species"" : ""Longspine Sea Urchin"", ""count"" : 1}, {""species"" : ""Flamingo Tongue"", ""count"" : 5}]"
453,"2024-02-14",1,"Shark Bait","Richard","Tent Boulders",23,27,"[{""species"" : ""Caribbean Reef Shark"", ""count"" : 1}]"
460,"2024-02-14",2,"Shark Bait","Aaron","Man of War Shoals",22,27,"[{""species"" : ""Caribbean Reef Shark"", ""count"" : 2}, {""species"" : ""Green Turtle"", ""count"" : 1}, {""species"" : ""Yellowfin Grouper"", ""count"" : 3}, {""species"" : ""Southern Stingray"", ""count"" : 3}]"
454,"2024-02-15",1,"Fin & Tonic","Otto","Babylon",24,27,"[{""species"" : ""Green Turtle"", ""count"" : 1}, {""species"" : ""Southern Stingray"", ""count"" : 2}, {""species"" : ""Nurse Shark"", ""count"" : 1}, {""species"" : ""Caribbean Reef Shark"", ""count"" : 1}, {""species"" : ""Lettuce Sea Slug"", ""count"" : 1}]"
480,"2024-02-15",3,"Fin & Tonic","Svenja","Babylon",25,27,"[{""species"" : ""Green Turtle"", ""count"" : 3}, {""species"" : ""Nurse Shark"", ""count"" : 1}, {""species"" : ""Caribbean Reef Shark"", ""count"" : 3}]"
455,"2024-02-15",2,"Fin & Tonic","Otto","Hot Springs",23,27,"[{""species"" : ""Nurse Shark"", ""count"" : 1}, {""species"" : ""Green Turtle"", ""count"" : 6}, {""species"" : ""Caribbean Reef Shark"", ""count"" : 1}, {""species"" : ""Southern Stingray"", ""count"" : 3}]"
459,"2024-02-16",3,"Fin & Tonic","Otto","Tent Reef",17,27,"[{""species"" : ""Green Turtle"", ""count"" : 1}, {""species"" : ""Yellowfin Grouper"", ""count"" : 1}, {""species"" : ""Nurse Shark"", ""count"" : 1}]"
456,"2024-02-16",1,"Private Boat","Chad","Tent Drift",12,27,"[{""species"" : ""Longspine Sea Urchin"", ""count"" : 2}, {""species"" : ""Green Turtle"", ""count"" : 2}, {""species"" : ""Nurse Shark"", ""count"" : 1}, {""species"" : ""Southern Stingray"", ""count"" : 3}]"
457,"2024-02-16",3,"Private Boat","Chad","Hole in the Corner",12,26,"[{""species"" : ""Flamingo Tongue"", ""count"" : 2}, {""species"" : ""Longspine Sea Urchin"", ""count"" : 2}]"
458,"2024-02-16",1,"Fin & Tonic","Otto","Mt. Michel",34,27,"[{""species"" : ""Lionfish Dead"", ""count"" : 8}]"
461,"2024-02-16",3,"Fin & Tonic","Charles","Hole in the Corner",10,27,"[{""species"" : ""Lionfish Alive"", ""count"" : 2}]"
482,"2024-02-16",3,"Fin & Tonic","Svenja","Hole in the Corner",12,27,"[{""species"" : null, ""count"" : null}]"
465,"2024-02-17",2,"Shark Bait","Josef","Man of War Shoals",22,25,"[{""species"" : ""Green Turtle"", ""count"" : 2}]"
466,"2024-02-17",1,"Fin & Tonic","Otto","Tent Reef Wall",24,27,"[{""species"" : ""Green Turtle"", ""count"" : 4}]"
467,"2024-02-17",2,"Fin & Tonic","Charles","Tent Reef Wall",22,27,"[{""species"" : ""Hawksbill Turtle"", ""count"" : 3}, {""species"" : ""Green Turtle"", ""count"" : 1}, {""species"" : ""Nurse Shark"", ""count"" : 1}, {""species"" : ""Caribbean Reef Shark"", ""count"" : 1}]"
468,"2024-02-17",3,"Fin & Tonic","Charles","Big Rock Deep",24,27,"[{""species"" : ""Tiger Grouper"", ""count"" : 1}, {""species"" : ""Nassau Grouper"", ""count"" : 1}, {""species"" : ""Southern Stingray"", ""count"" : 1}, {""species"" : ""Nurse Shark"", ""count"" : 1}]"
462,"2024-02-17",3,"Shark Bait","Richard","Tent Shallow",23,27,"[{""species"" : ""Caribbean Reef Shark"", ""count"" : 2}, {""species"" : ""Nurse Shark"", ""count"" : 1}, {""species"" : ""Hawksbill Turtle"", ""count"" : 1}, {""species"" : ""Green Turtle"", ""count"" : 4}, {""species"" : ""Lionfish Alive"", ""count"" : 1}, {""species"" : ""Southern Stingray"", ""count"" : 2}]"
464,"2024-02-17",2,"Fin & Tonic","Aaron","Big Rock Deep",22,27,"[{""species"" : ""Long Snout Seahorse"", ""count"" : 1}, {""species"" : ""Nurse Shark"", ""count"" : 1}, {""species"" : ""Yellowfin Grouper"", ""count"" : 1}, {""species"" : ""Tiger Grouper"", ""count"" : 1}, {""species"" : ""Nassau Grouper"", ""count"" : 1}]"
471,"2024-02-18",3,"Shark Bait","Josef","Tent Shallow",12,25,"[{""species"" : ""Green Turtle"", ""count"" : 2}, {""species"" : ""Nurse Shark"", ""count"" : 2}, {""species"" : ""Caribbean Reef Shark"", ""count"" : 1}]"
472,"2024-02-18",1,"Fin & Tonic","Charles","Twilight Zone",32,27,"[{""species"" : ""Hawksbill Turtle"", ""count"" : 1}, {""species"" : ""Lionfish Alive"", ""count"" : 6}]"
473,"2024-02-18",2,"Fin & Tonic","Charles","Man of War Shoals",22,27,"[{""species"" : ""Hawksbill Turtle"", ""count"" : 1}]"
478,"2024-02-18",1,"Shark Bait","Lenny","Big Rock Deep",23,27,"[{""species"" : ""Nassau Grouper"", ""count"" : 2}, {""species"" : ""Yellowfin Grouper"", ""count"" : 4}, {""species"" : ""Green Turtle"", ""count"" : 2}, {""species"" : ""Tiger Grouper"", ""count"" : 1}, {""species"" : ""Lettuce Sea Slug"", ""count"" : 2}, {""species"" : ""Flamingo Tongue"", ""count"" : 6}, {""species"" : ""Nurse Shark"", ""count"" : 2}, {""species"" : ""Caribbean Reef Shark"", ""count"" : 1}, {""species"" : ""Lionfish Dead"", ""count"" : 1}, {""species"" : ""Southern Stingray"", ""count"" : 2}]"
469,"2024-02-18",1,"Fin & Tonic","Vicky","Twilight Zone",31,26,"[{""species"" : ""Lionfish Alive"", ""count"" : 5}, {""species"" : ""Tiger Grouper"", ""count"" : 1}, {""species"" : ""Caribbean Reef Shark"", ""count"" : 1}]"
470,"2024-02-18",2,"Fin & Tonic","Aaron","Man of War Shoals",22,27,"[{""species"" : ""Yellowfin Grouper"", ""count"" : 2}, {""species"" : ""Green Turtle"", ""count"" : 2}, {""species"" : ""Southern Stingray"", ""count"" : 5}]"
477,"2024-02-19",1,"Shark Bait","Lenny","Customs House",32,27,"[{""species"" : ""Nurse Shark"", ""count"" : 1}, {""species"" : ""Lionfish Alive"", ""count"" : 4}, {""species"" : ""Southern Stingray"", ""count"" : 7}, {""species"" : ""Green Turtle"", ""count"" : 6}]"
474,"2024-02-19",1,"Shark Bait","Vicky","Customs House",26,27,"[{""species"" : ""Lionfish Alive"", ""count"" : 5}, {""species"" : ""Nurse Shark"", ""count"" : 1}, {""species"" : ""Southern Stingray"", ""count"" : 5}, {""species"" : ""Caribbean Reef Shark"", ""count"" : 1}, {""species"" : ""Green Turtle"", ""count"" : 8}]"
475,"2024-02-19",2,"Shark Bait","Vicky","Hot Springs",20,27,"[{""species"" : ""Flamingo Tongue"", ""count"" : 2}, {""species"" : ""Green Turtle"", ""count"" : 5}, {""species"" : ""Southern Stingray"", ""count"" : 3}, {""species"" : ""Lettuce Sea Slug"", ""count"" : 1}]"
476,"2024-02-19",2,"Shark Bait","Aaron","Hot Springs",23,27,"[{""species"" : ""Green Turtle"", ""count"" : 6}, {""species"" : ""Flamingo Tongue"", ""count"" : 1}, {""species"" : ""Lettuce Sea Slug"", ""count"" : 1}, {""species"" : ""Caribbean Reef Shark"", ""count"" : 1}]"
479,"2024-02-19",4,"Private Boat","Lenny","Tent Drift",22,27,"[{""species"" : ""Nassau Grouper"", ""count"" : 2}, {""species"" : ""Green Turtle"", ""count"" : 6}, {""species"" : ""Caribbean Reef Shark"", ""count"" : 1}, {""species"" : ""Nurse Shark"", ""count"" : 2}, {""species"" : ""Southern Stingray"", ""count"" : 5}, {""species"" : ""Tiger Grouper"", ""count"" : 1}, {""species"" : ""Lettuce Sea Slug"", ""count"" : 3}, {""species"" : ""Flamingo Tongue"", ""count"" : 4}, {""species"" : ""Lionfish Alive"", ""count"" : 3}]"
481,"2024-02-19",3,"Fin & Tonic","Svenja","Otto Limits",22,27,"[{""species"" : ""Lionfish Dead"", ""count"" : 5}, {""species"" : ""Nurse Shark"", ""count"" : 2}, {""species"" : ""Roughtail Stingray"", ""count"" : 1}]"
483,"2024-02-19",1,"Fin & Tonic","Richard","Twilight Zone",34,27,"[{""species"" : ""Lionfish Alive"", ""count"" : 1}, {""species"" : ""Caribbean Reef Shark"", ""count"" : 1}, {""species"" : ""Lionfish Dead"", ""count"" : 2}]"
484,"2024-02-19",2,"Fin & Tonic","Richard","Ladder Labyrinth",21,27,"[{""species"" : ""Lionfish Dead"", ""count"" : 3}, {""species"" : ""Nurse Shark"", ""count"" : 1}, {""species"" : ""Caribbean Reef Shark"", ""count"" : 3}, {""species"" : ""Green Turtle"", ""count"" : 2}, {""species"" : ""Southern Stingray"", ""count"" : 1}, {""species"" : ""Lionfish Alive"", ""count"" : 1}]"
486,"2024-02-20",2,"Shark Bait","Aaron","Big Rock Deep",22,27,"[{""species"" : ""Long Snout Seahorse"", ""count"" : 2}]"
489,"2024-02-21",1,"Fin & Tonic","Charles","Diamond Rock",25,27,"[{""species"" : ""Lionfish Alive"", ""count"" : 1}, {""species"" : ""Green Turtle"", ""count"" : 2}]"
490,"2024-02-21",2,"Fin & Tonic","Charles","Tent Shallow",24,27,"[{""species"" : ""Blacktip Reef Shark"", ""count"" : 2}, {""species"" : ""Nurse Shark"", ""count"" : 1}, {""species"" : ""Green Turtle"", ""count"" : 3}]"
488,"2024-02-21",2,"Fin & Tonic","Vicky","Tent Shallow",22,26,"[{""species"" : ""Nurse Shark"", ""count"" : 1}, {""species"" : ""Caribbean Reef Shark"", ""count"" : 2}, {""species"" : ""Green Turtle"", ""count"" : 1}, {""species"" : ""Southern Stingray"", ""count"" : 3}]"
485,"2024-02-21",2,"Fin & Tonic","Aaron","Tent Shallow",23,27,"[{""species"" : ""Yellowfin Grouper"", ""count"" : 1}, {""species"" : ""Green Turtle"", ""count"" : 1}, {""species"" : ""Caribbean Reef Shark"", ""count"" : 2}, {""species"" : ""Nurse Shark"", ""count"" : 1}]"
492,"2024-02-21",1,"Fin & Tonic","Svenja","Diamond Rock",25,25,"[{""species"" : ""Lionfish Alive"", ""count"" : 1}, {""species"" : ""Hawksbill Turtle"", ""count"" : 1}, {""species"" : ""Longspine Sea Urchin"", ""count"" : 1}, {""species"" : ""Green Turtle"", ""count"" : 1}]"
496,"2024-02-21",2,"Shark Bait","Chad","Hot Springs",18,26,"[{""species"" : ""Southern Stingray"", ""count"" : 4}, {""species"" : ""Lionfish Dead"", ""count"" : 1}, {""species"" : ""Lionfish Alive"", ""count"" : 1}, {""species"" : ""Yellowfin Grouper"", ""count"" : 2}, {""species"" : ""Nurse Shark"", ""count"" : 1}, {""species"" : ""Green Turtle"", ""count"" : 3}]"
498,"2024-02-21",3,"Shark Bait","Chad","Man of War Shoals",18,26,"[{""species"" : ""Yellowfin Grouper"", ""count"" : 2}, {""species"" : ""Green Turtle"", ""count"" : 1}, {""species"" : ""Southern Stingray"", ""count"" : 3}]"
487,"2024-02-21",1,"Fin & Tonic","Vicky","Diamond Rock",26,26,"[{""species"" : ""Hawksbill Turtle"", ""count"" : 1}]"
494,"2024-02-22",1,"Fin & Tonic","Vicky","Customs House",27,26,"[{""species"" : ""Green Turtle"", ""count"" : 5}, {""species"" : ""Caribbean Reef Shark"", ""count"" : 1}, {""species"" : ""Southern Stingray"", ""count"" : 2}]"
495,"2024-02-22",2,"Fin & Tonic","Vicky","Tent Reef",22,26,"[{""species"" : ""Nurse Shark"", ""count"" : 1}, {""species"" : ""Green Turtle"", ""count"" : 3}, {""species"" : ""Southern Stingray"", ""count"" : 1}]"
499,"2024-02-22",2,"Shark Bait","Chad","Tent Boulders",18,26,"[{""species"" : ""Hawksbill Turtle"", ""count"" : 2}, {""species"" : ""Green Turtle"", ""count"" : 10}, {""species"" : ""Red-tipped Sea Goddess"", ""count"" : 1}, {""species"" : ""Southern Stingray"", ""count"" : 4}, {""species"" : ""Caribbean Reef Shark"", ""count"" : 1}]"
501,"2024-02-22",3,"Shark Bait","Chad","Big Rock Deep",18,26,"[{""species"" : ""Southern Stingray"", ""count"" : 2}, {""species"" : ""Lionfish Dead"", ""count"" : 3}, {""species"" : ""Lionfish Alive"", ""count"" : 1}, {""species"" : ""Yellowfin Grouper"", ""count"" : 2}]"
491,"2024-02-22",1,"Fin & Tonic","Svenja","Customs House",26,25,"[{""species"" : ""Caribbean Reef Shark"", ""count"" : 1}, {""species"" : ""Green Turtle"", ""count"" : 5}, {""species"" : ""Roughtail Stingray"", ""count"" : 2}, {""species"" : ""Lionfish Alive"", ""count"" : 1}]"
493,"2024-02-22",2,"Fin & Tonic","Aaron","Tent Reef",24,27,"[{""species"" : ""Southern Stingray"", ""count"" : 2}, {""species"" : ""Green Turtle"", ""count"" : 2}, {""species"" : ""Nurse Shark"", ""count"" : 1}, {""species"" : ""Yellowfin Grouper"", ""count"" : 2}]"
497,"2024-02-23",1,"Fin & Tonic","Otto","Big Rock Deep",23,27,"[{""species"" : null, ""count"" : null}]"
500,"2024-02-23",2,"Fin & Tonic","Otto","Core Gut",24,27,"[{""species"" : ""Spotted Eagle Ray"", ""count"" : 1}]"
502,"2024-02-23",3,"Shark Bait","Otto","Tent Reef",21,27,"[{""species"" : null, ""count"" : null}]"
503,"2024-02-23",1,"Shark Bait","Lenny","Big Rock Market",22,27,"[{""species"" : ""Nurse Shark"", ""count"" : 1}, {""species"" : ""Green Turtle"", ""count"" : 1}, {""species"" : ""Southern Stingray"", ""count"" : 2}, {""species"" : ""Lettuce Sea Slug"", ""count"" : 2}, {""species"" : ""Lionfish Dead"", ""count"" : 5}]"
504,"2024-02-24",1,"Fin & Tonic","Lenny","Third Encounter",31,27,"[{""species"" : ""Tiger Grouper"", ""count"" : 4}, {""species"" : ""Nassau Grouper"", ""count"" : 2}, {""species"" : ""Caribbean Reef Shark"", ""count"" : 3}, {""species"" : ""Lionfish Alive"", ""count"" : 2}]"
505,"2024-02-24",1,"Fin & Tonic","Robins","Third Encounter",32,27,"[{""species"" : ""Caribbean Reef Shark"", ""count"" : 1}]"
506,"2024-02-25",3,"Fin & Tonic","Vicky","Tent Reef",22,27,"[{""species"" : ""Hawksbill Turtle"", ""count"" : 1}, {""species"" : ""Caribbean Reef Shark"", ""count"" : 1}, {""species"" : ""Nurse Shark"", ""count"" : 1}, {""species"" : ""Lettuce Sea Slug"", ""count"" : 3}, {""species"" : ""Southern Stingray"", ""count"" : 1}, {""species"" : ""Green Turtle"", ""count"" : 1}]"
507,"2024-02-25",2,"Shark Bait","Chad","Airport Drift",27,26,"[{""species"" : ""Nurse Shark"", ""count"" : 1}, {""species"" : ""Hawksbill Turtle"", ""count"" : 1}, {""species"" : ""Lionfish Alive"", ""count"" : 3}, {""species"" : ""Southern Stingray"", ""count"" : 2}]"
509,"2024-02-26",3,"Shark Bait","Charles","Hot Springs",27,27,"[{""species"" : ""Green Turtle"", ""count"" : 3}, {""species"" : ""Nurse Shark"", ""count"" : 1}, {""species"" : ""Southern Stingray"", ""count"" : 3}]"
508,"2024-02-26",1,"Shark Bait","Charles","Customs House",29,27,"[{""species"" : ""Spotted Eagle Ray"", ""count"" : 1}, {""species"" : ""Lettuce Sea Slug"", ""count"" : 1}, {""species"" : ""Green Turtle"", ""count"" : 1}]"
526,"2024-02-26",1,"Shark Bait","Lenny","Customs House",33,27,"[{""species"" : ""Green Turtle"", ""count"" : 3}, {""species"" : ""Hawksbill Turtle"", ""count"" : 1}, {""species"" : ""Tiger Grouper"", ""count"" : 2}, {""species"" : ""Southern Stingray"", ""count"" : 5}, {""species"" : ""Lionfish Dead"", ""count"" : 2}, {""species"" : ""Lionfish Alive"", ""count"" : 3}, {""species"" : ""White-nosed Pipefish"", ""count"" : 1}, {""species"" : ""Lettuce Sea Slug"", ""count"" : 2}, {""species"" : ""Nassau Grouper"", ""count"" : 1}]"
527,"2024-02-26",3,"Shark Bait","Lenny","Big Rock Deep",25,27,"[{""species"" : ""Nurse Shark"", ""count"" : 1}, {""species"" : ""Flamingo Tongue"", ""count"" : 7}, {""species"" : ""Lettuce Sea Slug"", ""count"" : 3}, {""species"" : ""Tiger Grouper"", ""count"" : 5}, {""species"" : ""Yellowfin Grouper"", ""count"" : 2}, {""species"" : ""Nassau Grouper"", ""count"" : 3}, {""species"" : ""Southern Stingray"", ""count"" : 2}, {""species"" : ""Green Turtle"", ""count"" : 1}]"
512,"2024-02-27",1,"Fin & Tonic","Otto","Third Encounter",32,27,"[{""species"" : ""Nurse Shark"", ""count"" : 1}, {""species"" : ""Yellowfin Grouper"", ""count"" : 1}, {""species"" : ""Nassau Grouper"", ""count"" : 1}, {""species"" : ""Caribbean Reef Shark"", ""count"" : 1}]"
514,"2024-02-27",1,"Shark Bait","Robins","Diamond Rock",26,27,"[{""species"" : ""Southern Stingray"", ""count"" : 2}, {""species"" : ""Green Turtle"", ""count"" : 3}, {""species"" : ""Yellowfin Grouper"", ""count"" : 7}, {""species"" : ""Lionfish Alive"", ""count"" : 2}]"
515,"2024-02-27",1,"Shark Bait","Charles","Diamond Rock",26,27,"[{""species"" : ""Green Turtle"", ""count"" : 1}, {""species"" : ""Lionfish Alive"", ""count"" : 1}, {""species"" : ""Tiger Grouper"", ""count"" : 1}, {""species"" : ""Southern Stingray"", ""count"" : 2}]"
513,"2024-02-27",2,"Fin & Tonic","Otto","Hot Springs",23,27,"[{""species"" : ""Southern Stingray"", ""count"" : 5}, {""species"" : ""Longspine Sea Urchin"", ""count"" : 1}, {""species"" : ""Nurse Shark"", ""count"" : 1}]"
510,"2024-02-27",2,"Shark Bait","Aaron","Man of War Shoals",22,27,"[{""species"" : ""Green Turtle"", ""count"" : 2}, {""species"" : ""Yellowfin Grouper"", ""count"" : 2}, {""species"" : ""Lionfish Alive"", ""count"" : 1}, {""species"" : ""Southern Stingray"", ""count"" : 5}]"
511,"2024-02-27",3,"Shark Bait","Aaron","Tent Boulders",21,27,"[{""species"" : ""Lettuce Sea Slug"", ""count"" : 10}, {""species"" : ""Caribbean Reef Shark"", ""count"" : 2}, {""species"" : ""Nurse Shark"", ""count"" : 1}, {""species"" : ""Green Turtle"", ""count"" : 2}, {""species"" : ""Lionfish Alive"", ""count"" : 1}]"
517,"2024-02-28",2,"Shark Bait","Vicky","Hot Springs",23,27,"[{""species"" : ""Flamingo Tongue"", ""count"" : 5}, {""species"" : ""Green Turtle"", ""count"" : 7}, {""species"" : ""Hawksbill Turtle"", ""count"" : 1}, {""species"" : ""Southern Stingray"", ""count"" : 4}, {""species"" : ""Lettuce Sea Slug"", ""count"" : 1}]"
516,"2024-02-28",1,"Shark Bait","Vicky","Tent Deep",27,27,"[{""species"" : ""Green Turtle"", ""count"" : 3}, {""species"" : ""Lionfish Alive"", ""count"" : 3}, {""species"" : ""Southern Stingray"", ""count"" : 2}, {""species"" : ""Caribbean Reef Shark"", ""count"" : 1}]"
518,"2024-02-28",1,"Fin & Tonic","Otto","Diamond Rock",24,27,"[{""species"" : ""Southern Stingray"", ""count"" : 4}, {""species"" : ""Nurse Shark"", ""count"" : 1}, {""species"" : ""Caribbean Reef Shark"", ""count"" : 1}, {""species"" : ""Green Turtle"", ""count"" : 2}, {""species"" : ""Yellowfin Grouper"", ""count"" : 3}]"
519,"2024-02-28",3,"Fin & Tonic","Otto","Tent Drift",18,27,"[{""species"" : null, ""count"" : null}]"
520,"2024-02-28",1,"Fin & Tonic","Chad","Diamond Rock",24,26,"[{""species"" : ""Caribbean Reef Shark"", ""count"" : 1}, {""species"" : ""Southern Stingray"", ""count"" : 2}, {""species"" : ""Green Turtle"", ""count"" : 2}]"
523,"2024-02-28",3,"Shark Bait","Aaron","50 50",23,27,"[{""species"" : ""Green Turtle"", ""count"" : 4}, {""species"" : ""Hawksbill Turtle"", ""count"" : 1}]"
524,"2024-02-29",2,"Shark Bait","Aaron","Tent Shallow",24,27,"[{""species"" : ""Southern Stingray"", ""count"" : 4}, {""species"" : ""Caribbean Reef Shark"", ""count"" : 1}, {""species"" : ""Green Turtle"", ""count"" : 4}]"
525,"2024-02-29",3,"Shark Bait","Josef","Hot Springs",22,27,"[{""species"" : ""Green Turtle"", ""count"" : 7}, {""species"" : ""Nurse Shark"", ""count"" : 1}, {""species"" : ""Roughtail Stingray"", ""count"" : 4}, {""species"" : ""Yellowfin Grouper"", ""count"" : 1}]"
522,"2024-02-29",2,"Shark Bait","Vicky","Tent Shallow",22,27,"[{""species"" : ""Caribbean Reef Shark"", ""count"" : 1}, {""species"" : ""Southern Stingray"", ""count"" : 3}, {""species"" : ""Flamingo Tongue"", ""count"" : 3}, {""species"" : ""Green Turtle"", ""count"" : 3}]"
521,"2024-02-29",1,"Shark Bait","Vicky","Tedran Wall",27,27,"[{""species"" : ""Nurse Shark"", ""count"" : 1}, {""species"" : ""Green Turtle"", ""count"" : 1}, {""species"" : ""Southern Stingray"", ""count"" : 2}]"
528,"2024-02-29",1,"Fin & Tonic","Otto","Third Encounter",32,27,"[{""species"" : ""Lionfish Alive"", ""count"" : 1}, {""species"" : ""Hawksbill Turtle"", ""count"" : 1}, {""species"" : ""Nassau Grouper"", ""count"" : 1}, {""species"" : ""Yellowfin Grouper"", ""count"" : 2}, {""species"" : ""Tiger Grouper"", ""count"" : 2}]"
529,"2024-02-29",2,"Fin & Tonic","Otto","Airport North",26,27,"[{""species"" : ""Lionfish Alive"", ""count"" : 2}, {""species"" : ""Green Turtle"", ""count"" : 2}, {""species"" : ""Southern Stingray"", ""count"" : 3}, {""species"" : ""Nassau Grouper"", ""count"" : 1}, {""species"" : ""Yellowfin Grouper"", ""count"" : 2}, {""species"" : ""Lionfish Dead"", ""count"" : 2}]"
530,"2024-03-01",2,"Fin & Tonic","Chad","Tent Boulders",24,26,"[{""species"" : ""Green Turtle"", ""count"" : 1}, {""species"" : ""Caribbean Reef Shark"", ""count"" : 3}]"
531,"2024-03-01",2,"Shark Bait","Lenny","Ladder Drift",23,27,"[{""species"" : ""Green Turtle"", ""count"" : 3}, {""species"" : ""Nurse Shark"", ""count"" : 1}, {""species"" : ""Southern Stingray"", ""count"" : 2}, {""species"" : ""Caribbean Reef Shark"", ""count"" : 1}, {""species"" : ""Flamingo Tongue"", ""count"" : 13}, {""species"" : ""Tiger Grouper"", ""count"" : 2}, {""species"" : ""Nassau Grouper"", ""count"" : 1}]"
532,"2024-03-01",1,"Fin & Tonic","Josef","Hot Springs",22,27,"[{""species"" : ""Green Turtle"", ""count"" : 2}, {""species"" : ""Roughtail Stingray"", ""count"" : 2}, {""species"" : ""Nurse Shark"", ""count"" : 1}]"
533,"2024-03-02",3,"Shark Bait","Otto","Tent Shallow",24,27,"[{""species"" : ""Nurse Shark"", ""count"" : 1}, {""species"" : ""Caribbean Reef Shark"", ""count"" : 2}, {""species"" : ""Green Turtle"", ""count"" : 2}, {""species"" : ""Lionfish Alive"", ""count"" : 1}, {""species"" : ""Southern Stingray"", ""count"" : 3}]"
534,"2024-03-02",2,"Fin & Tonic","Otto","Tent Boulders",27,27,"[{""species"" : ""Hawksbill Turtle"", ""count"" : 1}, {""species"" : ""Nurse Shark"", ""count"" : 1}, {""species"" : ""Caribbean Reef Shark"", ""count"" : 1}, {""species"" : ""Green Turtle"", ""count"" : 4}]"
535,"2024-03-02",3,"Fin & Tonic","Otto","Tent Shallow",23,27,"[{""species"" : ""Reef Urchin"", ""count"" : 3}, {""species"" : ""Flamingo Tongue"", ""count"" : 4}, {""species"" : ""Caribbean Reef Shark"", ""count"" : 1}, {""species"" : ""Southern Stingray"", ""count"" : 4}, {""species"" : ""Green Turtle"", ""count"" : 5}]"
536,"2024-03-03",1,"Shark Bait","Chad","Twilight Zone",30,26,"[{""species"" : ""Caribbean Reef Shark"", ""count"" : 1}]"
537,"2024-03-03",2,"Shark Bait","Chad","Tent Shallow",24,26,"[{""species"" : ""Flamingo Tongue"", ""count"" : 4}, {""species"" : ""Caribbean Reef Shark"", ""count"" : 1}, {""species"" : ""Longspine Sea Urchin"", ""count"" : 1}, {""species"" : ""Green Turtle"", ""count"" : 3}, {""species"" : ""Lionfish Alive"", ""count"" : 1}]"
538,"2024-03-03",1,"Fin & Tonic","Vicky","Tent Reef Wall",24,27,"[{""species"" : ""Green Turtle"", ""count"" : 3}, {""species"" : ""Red-tipped Sea Goddess"", ""count"" : 1}, {""species"" : ""Caribbean Reef Shark"", ""count"" : 1}, {""species"" : ""Hawksbill Turtle"", ""count"" : 1}]"
539,"2024-03-03",2,"Fin & Tonic","Vicky","Big Rock Deep",22,27,"[{""species"" : ""Nurse Shark"", ""count"" : 1}, {""species"" : ""Long Snout Seahorse"", ""count"" : 1}, {""species"" : ""Flamingo Tongue"", ""count"" : 2}]"
540,"2024-03-03",1,"Fin & Tonic","Charles","Tent Reef Wall",18,27,"[{""species"" : ""Green Turtle"", ""count"" : 2}, {""species"" : ""Lionfish Alive"", ""count"" : 1}, {""species"" : ""Caribbean Reef Shark"", ""count"" : 1}, {""species"" : ""Hawksbill Turtle"", ""count"" : 2}]"
541,"2024-03-03",3,"Fin & Tonic","Charles","Hot Springs",25,27,"[{""species"" : ""Tiger Grouper"", ""count"" : 2}, {""species"" : ""Nurse Shark"", ""count"" : 1}, {""species"" : ""Hawksbill Turtle"", ""count"" : 2}, {""species"" : ""Green Turtle"", ""count"" : 2}, {""species"" : ""Southern Stingray"", ""count"" : 5}]"
542,"2024-03-03",2,"Fin & Tonic","Aaron","Big Rock Deep",22,27,"[{""species"" : ""Long Snout Seahorse"", ""count"" : 1}, {""species"" : ""Lionfish Alive"", ""count"" : 1}]"
543,"2024-03-04",2,"Fin & Tonic","Charles","50 50",22,27,"[{""species"" : ""Nurse Shark"", ""count"" : 1}, {""species"" : ""Green Turtle"", ""count"" : 2}, {""species"" : ""Hawksbill Turtle"", ""count"" : 2}, {""species"" : ""Caribbean Reef Shark"", ""count"" : 1}, {""species"" : ""Southern Stingray"", ""count"" : 3}, {""species"" : ""Yellowfin Grouper"", ""count"" : 1}]"
544,"2024-03-04",1,"Fin & Tonic","Vicky","Tent Deep",26,27,"[{""species"" : ""Green Turtle"", ""count"" : 5}, {""species"" : ""Lionfish Alive"", ""count"" : 1}, {""species"" : ""Spotted Eagle Ray"", ""count"" : 1}, {""species"" : ""Southern Stingray"", ""count"" : 2}, {""species"" : ""Caribbean Reef Shark"", ""count"" : 1}]"
545,"2024-03-04",2,"Fin & Tonic","Vicky","50 50",22,27,"[{""species"" : ""Southern Stingray"", ""count"" : 2}, {""species"" : ""Green Turtle"", ""count"" : 6}]"
546,"2024-03-04",1,"Fin & Tonic","Aaron","Tent Deep",30,27,"[{""species"" : ""Caribbean Reef Shark"", ""count"" : 2}, {""species"" : ""Green Turtle"", ""count"" : 5}, {""species"" : ""Lionfish Alive"", ""count"" : 1}, {""species"" : ""Nurse Shark"", ""count"" : 1}, {""species"" : ""Spotted Eagle Ray"", ""count"" : 1}]"
547,"2024-03-04",3,"Fin & Tonic","Aaron","Tent Reef",23,27,"[{""species"" : ""Caribbean Reef Shark"", ""count"" : 3}, {""species"" : ""Green Turtle"", ""count"" : 4}, {""species"" : ""Lettuce Sea Slug"", ""count"" : 2}]"
548,"2024-03-04",1,"Shark Bait","Chad","Customs House",30,26,"[{""species"" : ""Nurse Shark"", ""count"" : 1}, {""species"" : ""Green Turtle"", ""count"" : 3}, {""species"" : ""Southern Stingray"", ""count"" : 2}]"
549,"2024-03-04",2,"Shark Bait","Chad","Tent Deep",24,26,"[{""species"" : ""Nurse Shark"", ""count"" : 1}, {""species"" : ""Caribbean Reef Shark"", ""count"" : 1}, {""species"" : ""Green Turtle"", ""count"" : 4}, {""species"" : ""Southern Stingray"", ""count"" : 2}, {""species"" : ""Lionfish Alive"", ""count"" : 1}]"
556,"2024-03-05",3,"Fin & Tonic","Aaron","Tent Boulders",24,27,"[{""species"" : ""Green Turtle"", ""count"" : 2}, {""species"" : ""Caribbean Reef Shark"", ""count"" : 1}, {""species"" : ""Southern Stingray"", ""count"" : 2}, {""species"" : ""Lettuce Sea Slug"", ""count"" : 10}, {""species"" : ""Lionfish Dead"", ""count"" : 1}]"
550,"2024-03-05",2,"Fin & Tonic","Charles","50 50",22,27,"[{""species"" : ""Southern Stingray"", ""count"" : 3}, {""species"" : ""Hawksbill Turtle"", ""count"" : 2}, {""species"" : ""Green Turtle"", ""count"" : 2}]"
551,"2024-03-05",1,"Fin & Tonic","Charles","Twilight Zone",31,27,"[{""species"" : null, ""count"" : null}]"
552,"2024-03-05",1,"Fin & Tonic","Vicky","Twilight Zone",32,26,"[{""species"" : ""Caribbean Reef Shark"", ""count"" : 1}, {""species"" : ""Tiger Grouper"", ""count"" : 1}, {""species"" : ""Lionfish Alive"", ""count"" : 3}]"
553,"2024-03-05",2,"Fin & Tonic","Vicky","Diamond Rock",23,26,"[{""species"" : ""Green Turtle"", ""count"" : 1}, {""species"" : ""Southern Stingray"", ""count"" : 2}]"
554,"2024-03-05",2,"Fin & Tonic","Aaron","Diamond Rock",26,27,"[{""species"" : ""Southern Stingray"", ""count"" : 2}, {""species"" : ""Yellowfin Grouper"", ""count"" : 1}, {""species"" : ""Caribbean Reef Shark"", ""count"" : 1}]"
555,"2024-03-05",3,"Fin & Tonic","Charles","Tent Boulders",28,27,"[{""species"" : ""Hawksbill Turtle"", ""count"" : 2}, {""species"" : ""Pencil Urchin"", ""count"" : 2}, {""species"" : ""Southern Stingray"", ""count"" : 1}, {""species"" : ""Caribbean Reef Shark"", ""count"" : 1}]"
557,"2024-03-05",1,"Shark Bait","Chad","Third Encounter",34,26,"[{""species"" : ""Caribbean Reef Shark"", ""count"" : 2}, {""species"" : ""Nurse Shark"", ""count"" : 1}]"
558,"2024-03-05",2,"Shark Bait","Chad","Tent Shallow",26,26,"[{""species"" : ""Caribbean Reef Shark"", ""count"" : 1}, {""species"" : ""Green Turtle"", ""count"" : 6}, {""species"" : ""Nurse Shark"", ""count"" : 1}, {""species"" : ""Southern Stingray"", ""count"" : 4}, {""species"" : ""Longspine Sea Urchin"", ""count"" : 2}]"
574,"2024-03-05",3,"Shark Bait","Lenny","50 50",7,-3,"[{""species"" : ""Lionfish Dead"", ""count"" : 1}, {""species"" : ""Green Turtle"", ""count"" : 6}, {""species"" : ""Caribbean Reef Shark"", ""count"" : 1}, {""species"" : ""Nurse Shark"", ""count"" : 2}, {""species"" : ""Southern Stingray"", ""count"" : 2}, {""species"" : ""Tiger Grouper"", ""count"" : 1}, {""species"" : ""Lettuce Sea Slug"", ""count"" : 2}, {""species"" : ""Lionfish Alive"", ""count"" : 2}]"
575,"2024-03-05",1,"Shark Bait","Lenny","Third Encounter",34,27,"[{""species"" : ""Nassau Grouper"", ""count"" : 2}, {""species"" : ""Nurse Shark"", ""count"" : 1}, {""species"" : ""Caribbean Reef Shark"", ""count"" : 2}, {""species"" : ""Tiger Grouper"", ""count"" : 4}]"
567,"2024-03-06",1,"Fin & Tonic","Aaron","Man of War Shoals",22,27,"[{""species"" : ""Caribbean Reef Shark"", ""count"" : 1}, {""species"" : ""Yellowfin Grouper"", ""count"" : 4}, {""species"" : ""Southern Stingray"", ""count"" : 4}, {""species"" : ""Green Turtle"", ""count"" : 2}]"
560,"2024-03-06",1,"Shark Bait","Lionel","Tent Reef Wall",26,27,"[{""species"" : ""Flamingo Tongue"", ""count"" : 2}, {""species"" : ""Caribbean Reef Shark"", ""count"" : 1}, {""species"" : ""Red-tipped Sea Goddess"", ""count"" : 1}, {""species"" : ""Lettuce Sea Slug"", ""count"" : 1}]"
559,"2024-03-06",2,"Shark Bait","Chad","Customs House",26,26,"[{""species"" : ""Green Turtle"", ""count"" : 3}, {""species"" : ""Southern Stingray"", ""count"" : 5}, {""species"" : ""Nurse Shark"", ""count"" : 1}]"
562,"2024-03-06",5,"Fin & Tonic","Chad","Hot Springs",23,26,"[{""species"" : ""Southern Stingray"", ""count"" : 2}, {""species"" : ""Nurse Shark"", ""count"" : 2}, {""species"" : ""Green Turtle"", ""count"" : 1}]"
561,"2024-03-06",2,"Shark Bait","Lionel","Customs House",27,27,"[{""species"" : ""Southern Stingray"", ""count"" : 2}, {""species"" : ""Nurse Shark"", ""count"" : 1}, {""species"" : ""Green Turtle"", ""count"" : 3}, {""species"" : ""Red-tipped Sea Goddess"", ""count"" : 1}]"
568,"2024-03-06",3,"Fin & Tonic","Aaron","Ladder Labyrinth",21,27,"[{""species"" : ""Nurse Shark"", ""count"" : 1}]"
569,"2024-03-07",1,"Shark Bait","Josef","Babylon",34,26,"[{""species"" : ""Caribbean Reef Shark"", ""count"" : 1}, {""species"" : ""Nurse Shark"", ""count"" : 1}, {""species"" : ""Green Turtle"", ""count"" : 2}]"
570,"2024-03-07",2,"Shark Bait","Josef","Man of War Shoals",22,25,"[{""species"" : ""Caribbean Reef Shark"", ""count"" : 1}]"
571,"2024-03-07",2,"Fin & Tonic","Josef","Man of War Shoals",22,25,"[{""species"" : ""Green Turtle"", ""count"" : 2}]"
572,"2024-03-07",1,"Shark Bait","Lenny","Babylon",28,27,"[{""species"" : ""Lettuce Sea Slug"", ""count"" : 3}, {""species"" : ""Nurse Shark"", ""count"" : 2}, {""species"" : ""Southern Stingray"", ""count"" : 3}, {""species"" : ""Tiger Grouper"", ""count"" : 2}, {""species"" : ""Flamingo Tongue"", ""count"" : 5}]"
573,"2024-03-07",2,"Shark Bait","Lenny","Man of War Shoals",22,27,"[{""species"" : ""Green Turtle"", ""count"" : 3}, {""species"" : ""Lionfish Alive"", ""count"" : 1}, {""species"" : ""Lettuce Sea Slug"", ""count"" : 7}, {""species"" : ""Tiger Grouper"", ""count"" : 3}, {""species"" : ""Yellowfin Grouper"", ""count"" : 1}, {""species"" : ""Southern Stingray"", ""count"" : 4}]"
579,"2024-03-07",3,"Private Boat","Otto","Hot Springs",20,27,"[{""species"" : ""Southern Stingray"", ""count"" : 3}, {""species"" : ""Nurse Shark"", ""count"" : 1}, {""species"" : ""Green Turtle"", ""count"" : 5}]"
578,"2024-03-07",2,"Private Boat","Otto","Man of War Shoals",22,27,"[{""species"" : ""Yellowfin Grouper"", ""count"" : 3}, {""species"" : ""Green Turtle"", ""count"" : 2}, {""species"" : ""Southern Stingray"", ""count"" : 4}]"
580,"2024-03-07",4,"Private Boat","Otto","Man of War Shoals",21,27,"[{""species"" : ""Southern Stingray"", ""count"" : 3}, {""species"" : ""Yellowfin Grouper"", ""count"" : 2}, {""species"" : ""Green Turtle"", ""count"" : 2}]"
563,"2024-03-07",1,"Fin & Tonic","Vicky","Customs House",27,27,"[{""species"" : ""Caribbean Reef Shark"", ""count"" : 1}, {""species"" : ""Green Turtle"", ""count"" : 5}]"
564,"2024-03-07",2,"Fin & Tonic","Vicky","Rays and Anchors",18,27,"[{""species"" : ""Nurse Shark"", ""count"" : 1}, {""species"" : ""Southern Stingray"", ""count"" : 3}, {""species"" : ""Flamingo Tongue"", ""count"" : 3}, {""species"" : ""Green Turtle"", ""count"" : 8}]"
565,"2024-03-07",1,"Fin & Tonic","Aaron","Customs House",30,27,"[{""species"" : ""Southern Stingray"", ""count"" : 2}, {""species"" : ""Green Turtle"", ""count"" : 2}, {""species"" : ""Caribbean Reef Shark"", ""count"" : 2}]"
566,"2024-03-07",3,"Fin & Tonic","Aaron","Man of War Shoals",22,27,"[{""species"" : ""Caribbean Reef Shark"", ""count"" : 1}, {""species"" : ""Southern Stingray"", ""count"" : 4}, {""species"" : ""Yellowfin Grouper"", ""count"" : 4}, {""species"" : ""Green Turtle"", ""count"" : 3}]"
577,"2024-03-08",2,"Fin & Tonic","Josef","Tent Shallow",25,25,"[{""species"" : ""Green Turtle"", ""count"" : 5}]"
576,"2024-03-08",1,"Fin & Tonic","Josef","Twilight Zone",38,26,"[{""species"" : ""Lionfish Alive"", ""count"" : 3}, {""species"" : ""Lionfish Dead"", ""count"" : 2}]"
581,"2024-03-08",1,"Fin & Tonic","Otto","Twilight Zone",30,27,"[{""species"" : ""Lionfish Dead"", ""count"" : 2}, {""species"" : ""Lionfish Alive"", ""count"" : 3}, {""species"" : ""Yellowfin Grouper"", ""count"" : 1}]"
582,"2024-03-08",3,"Fin & Tonic","Otto","Tent Shallow",21,27,"[{""species"" : ""Nurse Shark"", ""count"" : 1}, {""species"" : ""Green Turtle"", ""count"" : 5}, {""species"" : ""Caribbean Reef Shark"", ""count"" : 1}, {""species"" : ""Southern Stingray"", ""count"" : 4}, {""species"" : ""Yellowfin Grouper"", ""count"" : 1}]"
583,"2024-03-09",1,"Fin & Tonic","Otto","Core Gut",30,27,"[{""species"" : null, ""count"" : null}]"
584,"2024-03-09",3,"Fin & Tonic","Otto","Tent Reef",27,27,"[{""species"" : ""Lionfish Alive"", ""count"" : 2}, {""species"" : ""Caribbean Reef Shark"", ""count"" : 2}, {""species"" : ""Lionfish Dead"", ""count"" : 1}, {""species"" : ""Green Turtle"", ""count"" : 2}]"
585,"2024-03-10",2,"Fin & Tonic","Aaron","Hot Springs",23,27,"[{""species"" : ""Green Turtle"", ""count"" : 7}, {""species"" : ""Nurse Shark"", ""count"" : 1}, {""species"" : ""Southern Stingray"", ""count"" : 5}]"
587,"2024-03-10",2,"Shark Bait","Lenny","50 50",23,27,"[{""species"" : ""Lionfish Dead"", ""count"" : 2}, {""species"" : ""Green Turtle"", ""count"" : 5}, {""species"" : ""Caribbean Reef Shark"", ""count"" : 1}, {""species"" : ""Nurse Shark"", ""count"" : 1}, {""species"" : ""Southern Stingray"", ""count"" : 1}, {""species"" : ""Nassau Grouper"", ""count"" : 1}, {""species"" : ""Lionfish Alive"", ""count"" : 3}]"
586,"2024-03-10",1,"Shark Bait","Lenny","Tent Reef Wall",30,27,"[{""species"" : ""Southern Stingray"", ""count"" : 2}, {""species"" : ""Lionfish Dead"", ""count"" : 2}, {""species"" : ""Lionfish Alive"", ""count"" : 4}, {""species"" : ""Lettuce Sea Slug"", ""count"" : 2}, {""species"" : ""Tiger Grouper"", ""count"" : 1}, {""species"" : ""Nurse Shark"", ""count"" : 1}, {""species"" : ""Caribbean Reef Shark"", ""count"" : 3}, {""species"" : ""Green Turtle"", ""count"" : 1}]"
592,"2024-03-11",2,"Fin & Tonic","Aaron","Big Rock Deep",22,27,"[{""species"" : ""Yellowfin Grouper"", ""count"" : 1}, {""species"" : ""Nassau Grouper"", ""count"" : 1}, {""species"" : ""Hawksbill Turtle"", ""count"" : 1}, {""species"" : ""Lionfish Dead"", ""count"" : 1}, {""species"" : ""Long Snout Seahorse"", ""count"" : 2}]"
589,"2024-03-11",1,"Fin & Tonic","Josef","Third Encounter",39,26,"[{""species"" : ""Blacktip Reef Shark"", ""count"" : 1}, {""species"" : ""Lionfish Alive"", ""count"" : 3}]"
593,"2024-03-12",1,"Fin & Tonic","Vicky","Outer Limits",32,27,"[{""species"" : ""Lionfish Alive"", ""count"" : 2}, {""species"" : ""Nassau Grouper"", ""count"" : 1}, {""species"" : ""Nurse Shark"", ""count"" : 1}, {""species"" : ""Tiger Grouper"", ""count"" : 1}]"
588,"2024-03-12",2,"Fin & Tonic","Vicky","Tent Reef Wall",22,27,"[{""species"" : ""Lettuce Sea Slug"", ""count"" : 1}, {""species"" : ""Green Turtle"", ""count"" : 1}, {""species"" : ""Southern Stingray"", ""count"" : 1}, {""species"" : ""Flamingo Tongue"", ""count"" : 1}]"
590,"2024-03-12",2,"Fin & Tonic","Aaron","Tent Reef Wall",24,27,"[{""species"" : ""Green Turtle"", ""count"" : 3}]"
591,"2024-03-12",3,"Fin & Tonic","Aaron","Big Rock Deep",22,27,"[{""species"" : ""Yellowfin Grouper"", ""count"" : 1}, {""species"" : ""Long Snout Seahorse"", ""count"" : 1}, {""species"" : ""Nassau Grouper"", ""count"" : 1}]"
594,"2024-03-13",2,"Fin & Tonic","Vicky","Tent Shallow",1,27,"[{""species"" : ""Nurse Shark"", ""count"" : 2}, {""species"" : ""Southern Stingray"", ""count"" : 1}, {""species"" : ""Green Turtle"", ""count"" : 2}, {""species"" : ""Flamingo Tongue"", ""count"" : 10}]"
598,"2024-03-13",2,"Fin & Tonic","Josef","Tent Shallow",21,26,"[{""species"" : null, ""count"" : null}]"
600,"2024-03-15",1,"Fin & Tonic","Charles","Shark Shoals",32,27,"[{""species"" : ""Lionfish Alive"", ""count"" : 12}, {""species"" : ""Green Turtle"", ""count"" : 2}, {""species"" : ""Yellowfin Grouper"", ""count"" : 2}, {""species"" : ""Caribbean Reef Shark"", ""count"" : 3}, {""species"" : ""Southern Stingray"", ""count"" : 1}]"
602,"2024-03-15",3,"Fin & Tonic","Charles","Man of War Shoals",21,27,"[{""species"" : ""Green Turtle"", ""count"" : 2}, {""species"" : ""Caribbean Reef Shark"", ""count"" : 1}, {""species"" : ""Southern Stingray"", ""count"" : 1}, {""species"" : ""Yellowfin Grouper"", ""count"" : 1}]"
601,"2024-03-15",2,"Fin & Tonic","Charles","Tent Shallow",28,27,"[{""species"" : ""Southern Stingray"", ""count"" : 2}, {""species"" : ""Tiger Grouper"", ""count"" : 2}, {""species"" : ""Green Turtle"", ""count"" : 6}, {""species"" : ""Nurse Shark"", ""count"" : 2}]"
596,"2024-03-16",3,"Fin & Tonic","Otto","Hot Springs",23,27,"[{""species"" : ""Yellowfin Grouper"", ""count"" : 1}, {""species"" : ""Green Turtle"", ""count"" : 9}]"
595,"2024-03-16",1,"Fin & Tonic","Otto","Customs House",32,27,"[{""species"" : ""Yellowfin Grouper"", ""count"" : 1}, {""species"" : ""Green Turtle"", ""count"" : 4}, {""species"" : ""Caribbean Reef Shark"", ""count"" : 1}, {""species"" : ""Nurse Shark"", ""count"" : 1}]"
603,"2024-03-17",1,"Fin & Tonic","Caroline","Third Encounter",29,27,"[{""species"" : ""Green Turtle"", ""count"" : 1}]"
599,"2024-03-17",2,"Fin & Tonic","Aaron","Diamond Rock",24,27,"[{""species"" : ""Yellowfin Grouper"", ""count"" : 4}, {""species"" : ""Southern Stingray"", ""count"" : 2}, {""species"" : ""Green Turtle"", ""count"" : 1}]"
604,"2024-03-17",2,"Fin & Tonic","Caroline","Diamond Rock",23,27,"[{""species"" : null, ""count"" : null}]"
605,"2024-03-17",3,"Fin & Tonic","Caroline","50 50",27,27,"[{""species"" : ""Nurse Shark"", ""count"" : 1}, {""species"" : ""Caribbean Reef Shark"", ""count"" : 1}]"
670,"2024-03-18",3,"Fin & Tonic","Lenny","50 50",23,27,"[{""species"" : ""Lettuce Sea Slug"", ""count"" : 4}, {""species"" : ""Caribbean Reef Shark"", ""count"" : 1}, {""species"" : ""Green Turtle"", ""count"" : 5}, {""species"" : ""Nurse Shark"", ""count"" : 1}, {""species"" : ""Southern Stingray"", ""count"" : 3}, {""species"" : ""Nassau Grouper"", ""count"" : 1}, {""species"" : ""Tiger Grouper"", ""count"" : 2}]"
606,"2024-03-18",2,"Fin & Tonic","Aaron","Man of War Shoals",22,27,"[{""species"" : ""Yellowfin Grouper"", ""count"" : 4}, {""species"" : ""Green Turtle"", ""count"" : 4}, {""species"" : ""Nurse Shark"", ""count"" : 1}, {""species"" : ""Southern Stingray"", ""count"" : 4}]"
669,"2024-03-18",1,"Fin & Tonic","Lenny","Customs House",27,27,"[{""species"" : ""Lionfish Alive"", ""count"" : 6}, {""species"" : ""Green Turtle"", ""count"" : 10}, {""species"" : ""Hawksbill Turtle"", ""count"" : 2}, {""species"" : ""Caribbean Reef Shark"", ""count"" : 1}, {""species"" : ""Nurse Shark"", ""count"" : 2}, {""species"" : ""Southern Stingray"", ""count"" : 7}, {""species"" : ""Tiger Grouper"", ""count"" : 2}, {""species"" : ""Lettuce Sea Slug"", ""count"" : 2}, {""species"" : ""Flamingo Tongue"", ""count"" : 4}]"
610,"2024-03-19",3,"Fin & Tonic","Caroline","Hot Springs",12,27,"[{""species"" : ""Nurse Shark"", ""count"" : 1}]"
607,"2024-03-19",2,"Fin & Tonic","Aaron","50 50",23,27,"[{""species"" : ""Green Turtle"", ""count"" : 4}, {""species"" : ""Lionfish Dead"", ""count"" : 2}, {""species"" : ""Yellowfin Grouper"", ""count"" : 1}, {""species"" : ""Southern Stingray"", ""count"" : 2}, {""species"" : ""Roughtail Stingray"", ""count"" : 1}, {""species"" : ""Nurse Shark"", ""count"" : 2}]"
650,"2024-03-19",1,"Fin & Tonic","Josef","Twilight Zone",30,27,"[{""species"" : null, ""count"" : null}]"
653,"2024-03-20",3,"Fin & Tonic","Josef","Man of War Shoals",22,27,"[{""species"" : null, ""count"" : null}]"
608,"2024-03-20",2,"Fin & Tonic","Aaron","Babylon",24,27,"[{""species"" : ""Green Turtle"", ""count"" : 1}, {""species"" : ""Lionfish Alive"", ""count"" : 2}, {""species"" : ""Nurse Shark"", ""count"" : 2}]"
651,"2024-03-20",1,"Fin & Tonic","Josef","Man of War Shoals",22,25,"[{""species"" : null, ""count"" : null}]"
631,"2024-03-20",3,"Fin & Tonic","Charles","Otto Limits",12,27,"[{""species"" : ""Southern Stingray"", ""count"" : 2}, {""species"" : ""Green Turtle"", ""count"" : 2}, {""species"" : ""Yellowfin Grouper"", ""count"" : 2}, {""species"" : ""Caribbean Reef Shark"", ""count"" : 6}, {""species"" : ""Blacktip Reef Shark"", ""count"" : 2}]"
652,"2024-03-20",2,"Fin & Tonic","Josef","Hot Springs",22,26,"[{""species"" : null, ""count"" : null}]"
619,"2024-03-21",2,"Fin & Tonic","Robins","Tent Deep",22,27,"[{""species"" : ""Nurse Shark"", ""count"" : 1}, {""species"" : ""Caribbean Reef Shark"", ""count"" : 2}, {""species"" : ""Green Turtle"", ""count"" : 7}]"
611,"2024-03-21",2,"Fin & Tonic","Caroline","Tent Reef",12,27,"[{""species"" : null, ""count"" : null}]"
612,"2024-03-21",3,"Fin & Tonic","Caroline","Tent Reef Wall",12,27,"[{""species"" : null, ""count"" : null}]"
616,"2024-03-21",1,"Fin & Tonic","Otto","Outer Limits",34,27,"[{""species"" : ""Caribbean Reef Shark"", ""count"" : 2}]"
617,"2024-03-21",3,"Fin & Tonic","Otto","Tent Boulders",23,27,"[{""species"" : ""Caribbean Reef Shark"", ""count"" : 1}]"
609,"2024-03-21",3,"Fin & Tonic","Aaron","Tent Boulders",12,27,"[{""species"" : ""Yellowfin Grouper"", ""count"" : 3}, {""species"" : ""Caribbean Reef Shark"", ""count"" : 2}, {""species"" : ""Green Turtle"", ""count"" : 6}]"
618,"2024-03-22",2,"Fin & Tonic","Robins","Hole in the Corner",21,26,"[{""species"" : ""Lionfish Alive"", ""count"" : 1}, {""species"" : ""Green Turtle"", ""count"" : 1}, {""species"" : ""Southern Stingray"", ""count"" : 2}, {""species"" : ""Yellowfin Grouper"", ""count"" : 3}]"
615,"2024-03-22",2,"Fin & Tonic","Otto","Hole in the Corner",21,27,"[{""species"" : null, ""count"" : null}]"
672,"2024-03-22",3,"Fin & Tonic","Lenny","Big Rock Deep",22,27,"[{""species"" : ""Southern Stingray"", ""count"" : 2}, {""species"" : ""Nassau Grouper"", ""count"" : 1}, {""species"" : ""Tiger Grouper"", ""count"" : 2}, {""species"" : ""Green Turtle"", ""count"" : 1}]"
671,"2024-03-22",1,"Fin & Tonic","Lenny","Tent Reef Wall",28,27,"[{""species"" : ""Lionfish Dead"", ""count"" : 1}, {""species"" : ""Green Turtle"", ""count"" : 3}, {""species"" : ""Caribbean Reef Shark"", ""count"" : 3}, {""species"" : ""Nurse Shark"", ""count"" : 1}, {""species"" : ""Southern Stingray"", ""count"" : 4}, {""species"" : ""Tiger Grouper"", ""count"" : 2}, {""species"" : ""Lionfish Alive"", ""count"" : 1}]"
614,"2024-03-22",1,"Fin & Tonic","Otto","Tent Reef Wall",26,27,"[{""species"" : ""Lionfish Dead"", ""count"" : 1}, {""species"" : ""Green Turtle"", ""count"" : 2}, {""species"" : ""Caribbean Reef Shark"", ""count"" : 2}, {""species"" : ""Southern Stingray"", ""count"" : 2}]"
613,"2024-03-22",2,"Fin & Tonic","Caroline","Hole in the Corner",12,27,"[{""species"" : ""Green Turtle"", ""count"" : 1}]"
620,"2024-03-23",1,"Fin & Tonic","Caroline","Twilight Zone",30,27,"[{""species"" : null, ""count"" : null}]"
621,"2024-03-23",2,"Fin & Tonic","Caroline","50 50",18,27,"[{""species"" : null, ""count"" : null}]"
622,"2024-03-23",1,"Fin & Tonic","Otto","Twilight Zone",34,27,"[{""species"" : ""Yellowfin Grouper"", ""count"" : 1}, {""species"" : ""Lionfish Alive"", ""count"" : 1}, {""species"" : ""Caribbean Reef Shark"", ""count"" : 1}, {""species"" : ""Hawksbill Turtle"", ""count"" : 1}]"
623,"2024-03-23",3,"Fin & Tonic","Caroline","Ladder Labyrinth",20,27,"[{""species"" : ""Caribbean Reef Shark"", ""count"" : 1}]"
624,"2024-03-23",2,"Fin & Tonic","Otto","50 50",24,27,"[{""species"" : ""Lionfish Alive"", ""count"" : 1}, {""species"" : ""Lionfish Dead"", ""count"" : 1}, {""species"" : ""Green Turtle"", ""count"" : 4}]"
673,"2024-03-23",2,"Fin & Tonic","Lenny","50 50",23,27,"[{""species"" : ""Southern Stingray"", ""count"" : 4}, {""species"" : ""Flamingo Tongue"", ""count"" : 5}, {""species"" : ""Tiger Grouper"", ""count"" : 1}, {""species"" : ""Green Turtle"", ""count"" : 4}, {""species"" : ""Caribbean Reef Shark"", ""count"" : 1}, {""species"" : ""Nurse Shark"", ""count"" : 1}]"
625,"2024-03-24",1,"Fin & Tonic","Caroline","Customs House",24,27,"[{""species"" : null, ""count"" : null}]"
629,"2024-03-24",3,"Fin & Tonic","Charles","Tent Reef",17,27,"[{""species"" : ""Blacktip Reef Shark"", ""count"" : 1}, {""species"" : ""Southern Stingray"", ""count"" : 1}, {""species"" : ""Tiger Grouper"", ""count"" : 1}, {""species"" : ""Green Turtle"", ""count"" : 2}]"
630,"2024-03-24",2,"Fin & Tonic","Otto","Hot Springs",21,27,"[{""species"" : ""Nurse Shark"", ""count"" : 1}, {""species"" : ""Southern Stingray"", ""count"" : 3}]"
628,"2024-03-24",1,"Fin & Tonic","Otto","Customs House",29,27,"[{""species"" : ""Green Turtle"", ""count"" : 3}, {""species"" : ""Southern Stingray"", ""count"" : 3}]"
627,"2024-03-24",2,"Fin & Tonic","Charles","Hot Springs",18,27,"[{""species"" : ""Nurse Shark"", ""count"" : 2}, {""species"" : ""Southern Stingray"", ""count"" : 2}, {""species"" : ""Green Turtle"", ""count"" : 5}, {""species"" : ""Tiger Grouper"", ""count"" : 1}]"
626,"2024-03-24",2,"Fin & Tonic","Caroline","Hot Springs",25,27,"[{""species"" : null, ""count"" : null}]"
658,"2024-03-25",2,"Fin & Tonic","Caroline","Tent Shallow",25,27,"[{""species"" : null, ""count"" : null}]"
664,"2024-03-25",1,"Fin & Tonic","Josef","Man of War Shoals",22,26,"[{""species"" : null, ""count"" : null}]"
632,"2024-03-25",2,"Fin & Tonic","Aaron","Tent Shallow",24,27,"[{""species"" : ""Caribbean Reef Shark"", ""count"" : 1}, {""species"" : ""Hawksbill Turtle"", ""count"" : 1}, {""species"" : ""Nurse Shark"", ""count"" : 2}, {""species"" : ""Green Turtle"", ""count"" : 6}, {""species"" : ""Yellowfin Grouper"", ""count"" : 1}, {""species"" : ""Southern Stingray"", ""count"" : 2}]"
654,"2024-03-25",3,"Fin & Tonic","Josef","Tent Shallow",13,25,"[{""species"" : null, ""count"" : null}]"
659,"2024-03-25",3,"Fin & Tonic","Caroline","Green Island",18,27,"[{""species"" : null, ""count"" : null}]"
637,"2024-03-26",2,"Shark Bait","Otto","Core Gut",20,27,"[{""species"" : null, ""count"" : null}]"
636,"2024-03-26",1,"Shark Bait","Charles","Hole in the Corner",20,27,"[{""species"" : ""Yellowfin Grouper"", ""count"" : 1}, {""species"" : ""Longspine Sea Urchin"", ""count"" : 12}, {""species"" : ""Green Turtle"", ""count"" : 1}]"
633,"2024-03-26",1,"Fin & Tonic","Vicky","Tent Reef Wall",24,27,"[{""species"" : ""Green Turtle"", ""count"" : 1}, {""species"" : ""Caribbean Reef Shark"", ""count"" : 2}]"
638,"2024-03-26",2,"Fin & Tonic","Aaron","Hole in the Corner",24,27,"[{""species"" : ""Lionfish Dead"", ""count"" : 2}, {""species"" : ""Green Turtle"", ""count"" : 3}, {""species"" : ""Nurse Shark"", ""count"" : 1}]"
634,"2024-03-26",2,"Fin & Tonic","Vicky","Hole in the Corner",23,27,"[{""species"" : ""Lettuce Sea Slug"", ""count"" : 1}, {""species"" : ""Nurse Shark"", ""count"" : 1}, {""species"" : ""Lionfish Alive"", ""count"" : 1}, {""species"" : ""Green Turtle"", ""count"" : 3}, {""species"" : ""Lionfish Dead"", ""count"" : 2}, {""species"" : ""Flamingo Tongue"", ""count"" : 1}]"
635,"2024-03-26",3,"Fin & Tonic","Josef","Core Gut",34,26,"[{""species"" : null, ""count"" : null}]"
665,"2024-03-27",1,"Fin & Tonic","Josef","Third Encounter",31,26,"[{""species"" : ""Lionfish Alive"", ""count"" : 2}]"
660,"2024-03-27",1,"Fin & Tonic","Caroline","Third Encounter",31,27,"[{""species"" : null, ""count"" : null}]"
639,"2024-03-27",2,"Fin & Tonic","Aaron","Big Rock Deep",22,27,"[{""species"" : ""Lionfish Dead"", ""count"" : 2}, {""species"" : ""Nurse Shark"", ""count"" : 1}, {""species"" : ""Nassau Grouper"", ""count"" : 1}, {""species"" : ""Yellowfin Grouper"", ""count"" : 2}, {""species"" : ""Tiger Grouper"", ""count"" : 2}, {""species"" : ""Long Snout Seahorse"", ""count"" : 2}]"
661,"2024-03-27",2,"Fin & Tonic","Caroline","Big Rock Deep",22,27,"[{""species"" : null, ""count"" : null}]"
662,"2024-03-28",1,"Fin & Tonic","Caroline","Core Gut",29,27,"[{""species"" : null, ""count"" : null}]"
645,"2024-03-28",2,"Fin & Tonic","Robins","Airport Drift",24,27,"[{""species"" : ""Lionfish Dead"", ""count"" : 10}]"
640,"2024-03-28",1,"Fin & Tonic","Otto","Core Gut",30,27,"[{""species"" : null, ""count"" : null}]"
663,"2024-03-30",3,"Fin & Tonic","Caroline","Torrens Point",12,27,"[{""species"" : null, ""count"" : null}]"
644,"2024-03-30",3,"Fin & Tonic","Charles","Torrens Point",16,27,"[{""species"" : ""Southern Stingray"", ""count"" : 2}, {""species"" : ""Caribbean Reef Shark"", ""count"" : 2}, {""species"" : ""Green Turtle"", ""count"" : 1}, {""species"" : ""Yellowfin Grouper"", ""count"" : 1}]"
647,"2024-03-31",1,"Fin & Tonic","Otto","Customs House",27,27,"[{""species"" : ""Green Turtle"", ""count"" : 4}, {""species"" : ""Caribbean Reef Shark"", ""count"" : 1}]"
649,"2024-03-31",3,"Fin & Tonic","Otto","Tent Shallow",23,27,"[{""species"" : ""Caribbean Reef Shark"", ""count"" : 1}]"
657,"2024-03-31",3,"Shark Bait","Vicky","50 50",22,27,"[{""species"" : ""Nurse Shark"", ""count"" : 1}, {""species"" : ""Green Turtle"", ""count"" : 6}]"
648,"2024-03-31",2,"Fin & Tonic","Otto","Man of War Shoals",21,27,"[{""species"" : ""Yellowfin Grouper"", ""count"" : 1}, {""species"" : ""Green Turtle"", ""count"" : 1}]"
641,"2024-03-31",1,"Fin & Tonic","Charles","Customs House",18,27,"[{""species"" : ""Caribbean Reef Shark"", ""count"" : 1}, {""species"" : ""Magnificent Urchin"", ""count"" : 1}, {""species"" : ""Yellowfin Grouper"", ""count"" : 2}, {""species"" : ""Southern Stingray"", ""count"" : 3}]"
642,"2024-03-31",2,"Fin & Tonic","Charles","Man of War Shoals",22,27,"[{""species"" : ""Yellowfin Grouper"", ""count"" : 2}, {""species"" : ""Reef Urchin"", ""count"" : 3}, {""species"" : ""Longspine Sea Urchin"", ""count"" : 1}, {""species"" : ""Tiger Grouper"", ""count"" : 1}, {""species"" : ""Green Turtle"", ""count"" : 2}]"
643,"2024-03-31",3,"Fin & Tonic","Charles","Tent Shallow",20,27,"[{""species"" : ""Southern Stingray"", ""count"" : 1}, {""species"" : ""Caribbean Reef Shark"", ""count"" : 1}, {""species"" : ""Green Turtle"", ""count"" : 4}]"
656,"2024-04-01",2,"Fin & Tonic","Robins","Big Rock Deep",22,27,"[{""species"" : ""Yellowfin Grouper"", ""count"" : 8}, {""species"" : ""Lionfish Dead"", ""count"" : 4}]"
646,"2024-04-01",1,"Fin & Tonic","Josef","Tent Reef Wall",34,27,"[{""species"" : ""Lionfish Dead"", ""count"" : 2}, {""species"" : ""Caribbean Reef Shark"", ""count"" : 1}, {""species"" : ""Green Turtle"", ""count"" : 1}, {""species"" : ""Lionfish Alive"", ""count"" : 3}]"
655,"2024-04-01",3,"Fin & Tonic","Otto","Hole in the Corner",23,27,"[{""species"" : ""Southern Stingray"", ""count"" : 2}, {""species"" : ""Reef Urchin"", ""count"" : 3}, {""species"" : ""Yellowfin Grouper"", ""count"" : 1}, {""species"" : ""Nurse Shark"", ""count"" : 1}, {""species"" : ""Lionfish Alive"", ""count"" : 2}]"
695,"2024-04-02",2,"Fin & Tonic","Charles","50 50",22,27,"[{""species"" : ""Southern Stingray"", ""count"" : 6}, {""species"" : ""Green Turtle"", ""count"" : 4}, {""species"" : ""Caribbean Reef Shark"", ""count"" : 1}, {""species"" : ""Nurse Shark"", ""count"" : 2}]"
666,"2024-04-02",1,"Fin & Tonic","Josef","Shark Shoals",40,26,"[{""species"" : ""Lionfish Alive"", ""count"" : 1}, {""species"" : ""Blacktip Reef Shark"", ""count"" : 2}]"
674,"2024-04-02",2,"Fin & Tonic","Josef","50 50",23,26,"[{""species"" : ""Nurse Shark"", ""count"" : 2}, {""species"" : ""Green Turtle"", ""count"" : 4}]"
668,"2024-04-02",3,"Fin & Tonic","Robins","Ladder Labyrinth",18,27,"[{""species"" : ""Yellowfin Grouper"", ""count"" : 6}, {""species"" : ""Nurse Shark"", ""count"" : 1}, {""species"" : ""Green Turtle"", ""count"" : 5}]"
667,"2024-04-02",2,"Fin & Tonic","Robins","50 50",18,27,"[{""species"" : ""Nurse Shark"", ""count"" : 1}, {""species"" : ""Green Turtle"", ""count"" : 7}, {""species"" : ""Yellowfin Grouper"", ""count"" : 9}]"
679,"2024-04-03",3,"Fin & Tonic","Aaron","Tent Reef",18,27,"[{""species"" : ""Green Turtle"", ""count"" : 4}]"
680,"2024-04-03",1,"Fin & Tonic","Robins","Tent Reef Wall",30,27,"[{""species"" : ""Southern Stingray"", ""count"" : 4}, {""species"" : ""Lionfish Dead"", ""count"" : 4}, {""species"" : ""Caribbean Reef Shark"", ""count"" : 1}, {""species"" : ""Yellowfin Grouper"", ""count"" : 3}]"
681,"2024-04-03",3,"Fin & Tonic","Robins","Tent Reef",20,27,"[{""species"" : ""Green Turtle"", ""count"" : 8}, {""species"" : ""Lionfish Alive"", ""count"" : 1}, {""species"" : ""Southern Stingray"", ""count"" : 4}]"
675,"2024-04-03",3,"Fin & Tonic","Josef","Ladder Labyrinth",26,26,"[{""species"" : ""Green Turtle"", ""count"" : 3}, {""species"" : ""Nurse Shark"", ""count"" : 1}]"
676,"2024-04-03",1,"Fin & Tonic","Josef","Tent Reef Wall",38,26,"[{""species"" : ""Blacktip Reef Shark"", ""count"" : 4}, {""species"" : ""Lionfish Dead"", ""count"" : 4}, {""species"" : ""Southern Stingray"", ""count"" : 2}]"
677,"2024-04-03",2,"Fin & Tonic","Josef","Babylon",29,26,"[{""species"" : ""Nurse Shark"", ""count"" : 2}, {""species"" : ""Lionfish Dead"", ""count"" : 1}]"
678,"2024-04-03",2,"Fin & Tonic","Aaron","Babylon",24,27,"[{""species"" : ""Nurse Shark"", ""count"" : 2}, {""species"" : ""Green Turtle"", ""count"" : 1}]"
685,"2024-04-04",3,"Fin & Tonic","Aaron","Hot Springs",23,27,"[{""species"" : ""Southern Stingray"", ""count"" : 4}, {""species"" : ""Nurse Shark"", ""count"" : 2}, {""species"" : ""Green Turtle"", ""count"" : 10}]"
682,"2024-04-04",1,"Fin & Tonic","Vicky","Customs House",29,27,"[{""species"" : ""Southern Stingray"", ""count"" : 3}, {""species"" : ""Lionfish Dead"", ""count"" : 2}, {""species"" : ""Green Turtle"", ""count"" : 3}, {""species"" : ""Long Snout Seahorse"", ""count"" : 1}]"
683,"2024-04-04",2,"Fin & Tonic","Vicky","Ladder Labyrinth",22,27,"[{""species"" : ""Southern Stingray"", ""count"" : 2}, {""species"" : ""Hawksbill Turtle"", ""count"" : 1}, {""species"" : ""Caribbean Reef Shark"", ""count"" : 1}, {""species"" : ""Lettuce Sea Slug"", ""count"" : 1}, {""species"" : ""Nurse Shark"", ""count"" : 1}, {""species"" : ""Green Turtle"", ""count"" : 4}]"
684,"2024-04-04",3,"Fin & Tonic","Caroline","Hot Springs",24,27,"[{""species"" : null, ""count"" : null}]"
686,"2024-04-04",2,"Shark Bait","Chad","Babylon",21,26,"[{""species"" : ""Southern Stingray"", ""count"" : 2}, {""species"" : ""Green Turtle"", ""count"" : 1}, {""species"" : ""Caribbean Reef Shark"", ""count"" : 3}, {""species"" : ""Nurse Shark"", ""count"" : 1}]"
687,"2024-04-04",1,"Shark Bait","Otto","Tent Reef Wall",21,27,"[{""species"" : ""Lionfish Alive"", ""count"" : 1}, {""species"" : ""Green Turtle"", ""count"" : 3}, {""species"" : ""Southern Stingray"", ""count"" : 3}]"
690,"2024-04-05",2,"Shark Bait","Otto","Core Gut",24,27,"[{""species"" : ""Nassau Grouper"", ""count"" : 1}]"
691,"2024-04-05",3,"Shark Bait","Otto","Tent Shallow",23,27,"[{""species"" : ""Lettuce Sea Slug"", ""count"" : 6}, {""species"" : ""Green Turtle"", ""count"" : 3}, {""species"" : ""Southern Stingray"", ""count"" : 3}, {""species"" : ""Leech Head Shield Slug"", ""count"" : 5}]"
692,"2024-04-05",2,"Shark Bait","Robins","Core Gut",20,28,"[{""species"" : ""Green Turtle"", ""count"" : 3}, {""species"" : ""Southern Stingray"", ""count"" : 3}]"
702,"2024-04-05",1,"Shark Bait","Charles","Customs House",30,27,"[{""species"" : ""Green Turtle"", ""count"" : 2}, {""species"" : ""Southern Stingray"", ""count"" : 3}, {""species"" : ""Hawksbill Turtle"", ""count"" : 1}, {""species"" : ""Blacktip Reef Shark"", ""count"" : 1}, {""species"" : ""Nurse Shark"", ""count"" : 1}]"
703,"2024-04-05",3,"Shark Bait","Charles","Tent Shallow",22,27,"[{""species"" : ""Southern Stingray"", ""count"" : 2}, {""species"" : ""Longspine Sea Urchin"", ""count"" : 3}, {""species"" : ""Yellowfin Grouper"", ""count"" : 4}, {""species"" : ""Green Turtle"", ""count"" : 5}, {""species"" : ""Caribbean Reef Shark"", ""count"" : 1}]"
689,"2024-04-05",1,"Shark Bait","Otto","Customs House",27,27,"[{""species"" : ""Southern Stingray"", ""count"" : 3}, {""species"" : ""Caribbean Reef Shark"", ""count"" : 2}, {""species"" : ""Nurse Shark"", ""count"" : 1}]"
688,"2024-04-05",1,"Fin & Tonic","Chad","Third Encounter",34,27,"[{""species"" : ""Nassau Grouper"", ""count"" : 1}, {""species"" : ""Yellowfin Grouper"", ""count"" : 3}, {""species"" : ""Lionfish Dead"", ""count"" : 3}, {""species"" : ""Lionfish Alive"", ""count"" : 1}, {""species"" : ""Caribbean Reef Shark"", ""count"" : 1}, {""species"" : ""Nurse Shark"", ""count"" : 1}]"
705,"2024-04-06",1,"Shark Bait","Charles","Diamond Rock",25,27,"[{""species"" : ""Green Turtle"", ""count"" : 3}, {""species"" : ""Lionfish Dead"", ""count"" : 2}, {""species"" : ""Lionfish Alive"", ""count"" : 1}, {""species"" : ""Yellowfin Grouper"", ""count"" : 3}, {""species"" : ""Southern Stingray"", ""count"" : 1}, {""species"" : ""Caribbean Reef Shark"", ""count"" : 1}]"
694,"2024-04-06",3,"Shark Bait","Robins","Hot Springs",21,27,"[{""species"" : ""Green Turtle"", ""count"" : 6}, {""species"" : ""Nurse Shark"", ""count"" : 1}]"
693,"2024-04-06",1,"Shark Bait","Robins","David's Drop-off Deep",24,28,"[{""species"" : ""Yellowfin Grouper"", ""count"" : 3}, {""species"" : ""Green Turtle"", ""count"" : 2}, {""species"" : ""Caribbean Reef Shark"", ""count"" : 1}, {""species"" : ""Nurse Shark"", ""count"" : 1}, {""species"" : ""Lionfish Alive"", ""count"" : 1}]"
709,"2024-04-07",2,"Shark Bait","Charles","50 50",30,27,"[{""species"" : ""Green Turtle"", ""count"" : 3}, {""species"" : ""Caribbean Reef Shark"", ""count"" : 1}, {""species"" : ""Nurse Shark"", ""count"" : 2}]"
696,"2024-04-07",1,"Shark Bait","Vicky","Tent Shallow",24,27,"[{""species"" : ""Green Turtle"", ""count"" : 4}]"
697,"2024-04-07",2,"Shark Bait","Vicky","50 50",22,27,"[{""species"" : ""Southern Stingray"", ""count"" : 2}, {""species"" : ""Green Turtle"", ""count"" : 5}, {""species"" : ""Nurse Shark"", ""count"" : 1}, {""species"" : ""Leech Head Shield Slug"", ""count"" : 1}]"
698,"2024-04-07",1,"Fin & Tonic","Otto","Twilight Zone",34,27,"[{""species"" : ""Yellowfin Grouper"", ""count"" : 2}, {""species"" : ""Lionfish Alive"", ""count"" : 4}]"
699,"2024-04-07",2,"Shark Bait","Otto","Man of War Shoals",21,27,"[{""species"" : ""Tiger Grouper"", ""count"" : 1}, {""species"" : ""Yellowfin Grouper"", ""count"" : 1}, {""species"" : ""Southern Stingray"", ""count"" : 3}, {""species"" : ""Green Turtle"", ""count"" : 1}]"
700,"2024-04-07",3,"Fin & Tonic","Otto","Abraham's Hole",23,27,"[{""species"" : ""Lionfish Alive"", ""count"" : 2}]"
708,"2024-04-07",1,"Shark Bait","Charles","Tent Shallow",12,27,"[{""species"" : null, ""count"" : null}]"
701,"2024-04-08",2,"Shark Bait","Aaron","Big Rock Deep",22,27,"[{""species"" : ""Lionfish Dead"", ""count"" : 6}, {""species"" : ""Long Snout Seahorse"", ""count"" : 2}]"
706,"2024-04-09",3,"Shark Bait","Aaron","Tent Reef",22,27,"[{""species"" : ""Green Turtle"", ""count"" : 4}, {""species"" : ""Yellowfin Grouper"", ""count"" : 1}]"
707,"2024-04-09",3,"Shark Bait","Charles","Hot Springs",22,27,"[{""species"" : ""Nurse Shark"", ""count"" : 1}, {""species"" : ""Green Turtle"", ""count"" : 6}, {""species"" : ""Yellowfin Grouper"", ""count"" : 2}]"
704,"2024-04-09",1,"Shark Bait","Aaron","Tent Deep",30,27,"[{""species"" : ""Green Turtle"", ""count"" : 4}, {""species"" : ""Southern Stingray"", ""count"" : 2}, {""species"" : ""Yellowfin Grouper"", ""count"" : 1}]"
730,"2024-04-10",1,"Fin & Tonic","Charles","Tent Reef Wall",30,27,"[{""species"" : ""Green Turtle"", ""count"" : 2}, {""species"" : ""Caribbean Reef Shark"", ""count"" : 2}, {""species"" : ""Yellowfin Grouper"", ""count"" : 1}, {""species"" : ""Longspine Sea Urchin"", ""count"" : 3}]"
710,"2024-04-10",1,"Shark Bait","Caroline","Tent Reef Wall",27,27,"[{""species"" : ""Caribbean Reef Shark"", ""count"" : 2}]"
711,"2024-04-10",2,"Fin & Tonic","Aaron","Greer Gut",22,27,"[{""species"" : ""Green Turtle"", ""count"" : 1}, {""species"" : ""Lionfish Dead"", ""count"" : 15}, {""species"" : ""Southern Stingray"", ""count"" : 1}]"
712,"2024-04-10",1,"Shark Bait","Otto","Tent Reef Wall",27,27,"[{""species"" : ""Green Turtle"", ""count"" : 1}, {""species"" : ""Southern Stingray"", ""count"" : 2}, {""species"" : ""Caribbean Reef Shark"", ""count"" : 2}]"
713,"2024-04-10",2,"Shark Bait","Otto","Babylon",23,27,"[{""species"" : ""Nurse Shark"", ""count"" : 1}]"
715,"2024-04-10",1,"Shark Bait","Robins","Tent Deep",29,28,"[{""species"" : ""Yellowfin Grouper"", ""count"" : 12}, {""species"" : ""Green Turtle"", ""count"" : 8}]"
716,"2024-04-10",2,"Shark Bait","Robins","Hot Springs",21,28,"[{""species"" : ""Green Turtle"", ""count"" : 13}, {""species"" : ""Roughtail Stingray"", ""count"" : 4}, {""species"" : ""Nurse Shark"", ""count"" : 2}]"
714,"2024-04-11",2,"Shark Bait","Robins","Babylon",27,28,"[{""species"" : ""Green Turtle"", ""count"" : 3}, {""species"" : ""Nurse Shark"", ""count"" : 1}, {""species"" : ""Yellowfin Grouper"", ""count"" : 7}]"
719,"2024-04-11",1,"Fin & Tonic","Robins","Customs House",24,28,"[{""species"" : ""Green Turtle"", ""count"" : 4}, {""species"" : ""Yellowfin Grouper"", ""count"" : 3}, {""species"" : ""Southern Stingray"", ""count"" : 2}]"
717,"2024-04-11",2,"Fin & Tonic","Aaron","Tent Shallow",24,27,"[{""species"" : ""Yellowfin Grouper"", ""count"" : 1}, {""species"" : ""Caribbean Reef Shark"", ""count"" : 2}, {""species"" : ""Green Turtle"", ""count"" : 4}]"
718,"2024-04-11",3,"Fin & Tonic","Aaron","Ladder Drift",24,27,"[{""species"" : ""Caribbean Reef Shark"", ""count"" : 2}, {""species"" : ""Yellowfin Grouper"", ""count"" : 1}, {""species"" : ""Nurse Shark"", ""count"" : 2}, {""species"" : ""Green Turtle"", ""count"" : 2}]"
721,"2024-04-12",2,"Fin & Tonic","Otto","Otto Zone",23,27,"[{""species"" : ""Caribbean Reef Shark"", ""count"" : 1}]"
722,"2024-04-12",3,"Fin & Tonic","Otto","Ladder Drift",23,27,"[{""species"" : ""Nurse Shark"", ""count"" : 1}]"
720,"2024-04-12",1,"Fin & Tonic","Otto","Customs House",30,27,"[{""species"" : ""Caribbean Reef Shark"", ""count"" : 1}, {""species"" : ""Green Turtle"", ""count"" : 6}]"
724,"2024-04-13",1,"Shark Bait","Robins","Big Rock Deep",23,28,"[{""species"" : ""Yellowfin Grouper"", ""count"" : 5}, {""species"" : ""Green Turtle"", ""count"" : 2}, {""species"" : ""Tiger Grouper"", ""count"" : 6}, {""species"" : ""Nassau Grouper"", ""count"" : 8}]"
725,"2024-04-13",2,"Shark Bait","Robins","Porites Point",23,27,"[{""species"" : ""Nassau Grouper"", ""count"" : 5}, {""species"" : ""Nurse Shark"", ""count"" : 1}, {""species"" : ""Green Turtle"", ""count"" : 6}, {""species"" : ""Yellowfin Grouper"", ""count"" : 4}, {""species"" : ""Southern Stingray"", ""count"" : 2}]"
726,"2024-04-13",3,"Shark Bait","Robins","Hot Springs",23,27,"[{""species"" : null, ""count"" : null}]"
731,"2024-04-13",1,"Shark Bait","Charles","Big Rock Deep",22,27,"[{""species"" : ""Southern Stingray"", ""count"" : 3}, {""species"" : ""Nurse Shark"", ""count"" : 1}, {""species"" : ""Caribbean Reef Shark"", ""count"" : 2}, {""species"" : ""Hawksbill Turtle"", ""count"" : 1}, {""species"" : ""Green Turtle"", ""count"" : 2}, {""species"" : ""Yellowfin Grouper"", ""count"" : 2}]"
732,"2024-04-13",2,"Shark Bait","Charles","Ladder Labyrinth",20,28,"[{""species"" : ""Southern Stingray"", ""count"" : 2}, {""species"" : ""Nurse Shark"", ""count"" : 1}, {""species"" : ""Lionfish Alive"", ""count"" : 1}, {""species"" : ""Longspine Sea Urchin"", ""count"" : 2}, {""species"" : ""Green Turtle"", ""count"" : 2}, {""species"" : ""Hawksbill Turtle"", ""count"" : 1}, {""species"" : ""Caribbean Reef Shark"", ""count"" : 1}]"
755,"2024-04-13",2,"Fin & Tonic","Caroline","Ladder Drift",22,27,"[{""species"" : null, ""count"" : null}]"
723,"2024-04-13",1,"Fin & Tonic","Otto","Tent Shallow",23,27,"[{""species"" : ""Green Turtle"", ""count"" : 5}, {""species"" : ""Southern Stingray"", ""count"" : 4}, {""species"" : ""Caribbean Reef Shark"", ""count"" : 3}, {""species"" : ""Hawksbill Turtle"", ""count"" : 2}]"
736,"2024-04-14",2,"Fin & Tonic","Otto","Tent Boulders",23,27,"[{""species"" : ""Hawksbill Turtle"", ""count"" : 2}, {""species"" : ""Green Turtle"", ""count"" : 4}, {""species"" : ""Flamingo Tongue"", ""count"" : 2}, {""species"" : ""Southern Stingray"", ""count"" : 3}, {""species"" : ""Caribbean Reef Shark"", ""count"" : 2}, {""species"" : ""Lettuce Sea Slug"", ""count"" : 5}]"
729,"2024-04-14",2,"Shark Bait","Vicky","Tent Reef",23,27,"[{""species"" : ""Caribbean Reef Shark"", ""count"" : 1}, {""species"" : ""Green Turtle"", ""count"" : 6}, {""species"" : ""Yellowfin Grouper"", ""count"" : 2}]"
733,"2024-04-14",1,"Shark Bait","Charles","Customs House",29,28,"[{""species"" : ""Hawksbill Turtle"", ""count"" : 2}, {""species"" : ""Lionfish Alive"", ""count"" : 1}, {""species"" : ""Longspine Sea Urchin"", ""count"" : 3}, {""species"" : ""Yellowfin Grouper"", ""count"" : 1}, {""species"" : ""Southern Stingray"", ""count"" : 3}, {""species"" : ""Caribbean Reef Shark"", ""count"" : 1}, {""species"" : ""Green Turtle"", ""count"" : 2}]"
734,"2024-04-14",3,"Fin & Tonic","Caroline","Hot Springs",12,27,"[{""species"" : ""Green Turtle"", ""count"" : 3}]"
735,"2024-04-14",1,"Fin & Tonic","Otto","Twilight Zone",32,27,"[{""species"" : null, ""count"" : null}]"
728,"2024-04-14",1,"Shark Bait","Vicky","Customs House",27,27,"[{""species"" : ""Green Turtle"", ""count"" : 5}]"
727,"2024-04-14",2,"Shark Bait","Aaron","Tent Reef",24,27,"[{""species"" : ""Green Turtle"", ""count"" : 4}, {""species"" : ""Yellowfin Grouper"", ""count"" : 1}, {""species"" : ""Caribbean Reef Shark"", ""count"" : 1}]"
743,"2024-04-15",1,"Fin & Tonic","Otto","Diamond Rock",26,27,"[{""species"" : ""Yellowfin Grouper"", ""count"" : 2}, {""species"" : ""Tiger Grouper"", ""count"" : 1}, {""species"" : ""Green Turtle"", ""count"" : 2}]"
744,"2024-04-15",2,"Fin & Tonic","Otto","Man of War Shoals",21,27,"[{""species"" : ""Caribbean Reef Shark"", ""count"" : 1}, {""species"" : ""Lettuce Sea Slug"", ""count"" : 3}, {""species"" : ""Yellowfin Grouper"", ""count"" : 2}, {""species"" : ""Southern Stingray"", ""count"" : 2}, {""species"" : ""Green Turtle"", ""count"" : 1}]"
745,"2024-04-15",3,"Fin & Tonic","Lenny","50 50",23,27,"[{""species"" : ""Nurse Shark"", ""count"" : 2}, {""species"" : ""Green Turtle"", ""count"" : 4}, {""species"" : ""Lionfish Alive"", ""count"" : 1}, {""species"" : ""Flamingo Tongue"", ""count"" : 7}, {""species"" : ""Lettuce Sea Slug"", ""count"" : 2}, {""species"" : ""Southern Stingray"", ""count"" : 2}]"
783,"2024-04-15",1,"Shark Bait","Charles","Tent Reef Wall",30,27,"[{""species"" : ""Yellowfin Grouper"", ""count"" : 2}, {""species"" : ""Southern Stingray"", ""count"" : 4}, {""species"" : ""Caribbean Reef Shark"", ""count"" : 1}, {""species"" : ""Green Turtle"", ""count"" : 3}, {""species"" : ""Longspine Sea Urchin"", ""count"" : 4}]"
737,"2024-04-15",1,"Shark Bait","Robins","Customs House",29,28,"[{""species"" : ""Yellowfin Grouper"", ""count"" : 8}, {""species"" : ""Southern Stingray"", ""count"" : 3}, {""species"" : ""Green Turtle"", ""count"" : 4}, {""species"" : ""Nassau Grouper"", ""count"" : 4}]"
738,"2024-04-15",2,"Shark Bait","Robins","Tent Reef",21,28,"[{""species"" : ""Yellowfin Grouper"", ""count"" : 12}, {""species"" : ""Green Turtle"", ""count"" : 4}, {""species"" : ""Southern Stingray"", ""count"" : 2}, {""species"" : ""Nassau Grouper"", ""count"" : 10}]"
739,"2024-04-15",3,"Fin & Tonic","Josef","Hot Springs",22,26,"[{""species"" : ""Hawksbill Turtle"", ""count"" : 1}, {""species"" : ""Green Turtle"", ""count"" : 4}]"
740,"2024-04-15",1,"Shark Bait","Vicky","Tent Reef Wall",25,28,"[{""species"" : ""Lionfish Alive"", ""count"" : 2}, {""species"" : ""Green Turtle"", ""count"" : 2}, {""species"" : ""Caribbean Reef Shark"", ""count"" : 1}, {""species"" : ""Southern Stingray"", ""count"" : 2}, {""species"" : ""Flamingo Tongue"", ""count"" : 7}]"
741,"2024-04-15",2,"Shark Bait","Vicky","Diamond Rock",24,28,"[{""species"" : ""Green Turtle"", ""count"" : 5}, {""species"" : ""Yellowfin Grouper"", ""count"" : 1}, {""species"" : ""Caribbean Reef Shark"", ""count"" : 1}]"
742,"2024-04-15",2,"Shark Bait","Aaron","Diamond Rock",24,27,"[{""species"" : ""Hawksbill Turtle"", ""count"" : 1}, {""species"" : ""Yellowfin Grouper"", ""count"" : 1}, {""species"" : ""Caribbean Reef Shark"", ""count"" : 1}, {""species"" : ""Green Turtle"", ""count"" : 3}]"
748,"2024-04-16",1,"Shark Bait","Aaron","Big Rock Deep",22,27,"[{""species"" : ""Lionfish Alive"", ""count"" : 1}, {""species"" : ""Lettuce Sea Slug"", ""count"" : 2}, {""species"" : ""Nurse Shark"", ""count"" : 1}, {""species"" : ""Yellowfin Grouper"", ""count"" : 1}, {""species"" : ""Long Snout Seahorse"", ""count"" : 2}]"
749,"2024-04-16",3,"Shark Bait","Aaron","Tent Shallow",24,27,"[{""species"" : ""Green Turtle"", ""count"" : 4}, {""species"" : ""Yellowfin Grouper"", ""count"" : 1}]"
750,"2024-04-16",1,"Shark Bait","Robins","Tent Reef Wall",27,28,"[{""species"" : ""Green Turtle"", ""count"" : 5}, {""species"" : ""Southern Stingray"", ""count"" : 3}, {""species"" : ""Nassau Grouper"", ""count"" : 5}, {""species"" : ""Yellowfin Grouper"", ""count"" : 6}]"
751,"2024-04-16",2,"Shark Bait","Robins","Diamond Rock",23,28,"[{""species"" : ""Caribbean Reef Shark"", ""count"" : 1}, {""species"" : ""Nassau Grouper"", ""count"" : 8}, {""species"" : ""Yellowfin Grouper"", ""count"" : 9}, {""species"" : ""Green Turtle"", ""count"" : 6}]"
784,"2024-04-16",2,"Shark Bait","Charles","Man of War Shoals",22,27,"[{""species"" : ""Southern Stingray"", ""count"" : 2}, {""species"" : ""Green Turtle"", ""count"" : 2}, {""species"" : ""Caribbean Reef Shark"", ""count"" : 1}]"
753,"2024-04-16",1,"Fin & Tonic","Caroline","Ladder Drift",27,27,"[{""species"" : ""Nurse Shark"", ""count"" : 2}, {""species"" : ""Caribbean Reef Shark"", ""count"" : 1}]"
747,"2024-04-16",2,"Shark Bait","Vicky","Man of War Shoals",22,27,"[{""species"" : ""Nurse Shark"", ""count"" : 1}, {""species"" : ""Southern Stingray"", ""count"" : 3}, {""species"" : ""Green Turtle"", ""count"" : 2}, {""species"" : ""Yellowfin Grouper"", ""count"" : 1}]"
746,"2024-04-16",1,"Shark Bait","Vicky","Big Rock Deep",8,-3,"[{""species"" : ""Southern Stingray"", ""count"" : 3}, {""species"" : ""Nurse Shark"", ""count"" : 1}, {""species"" : ""Lionfish Alive"", ""count"" : 2}, {""species"" : ""Long Snout Seahorse"", ""count"" : 2}, {""species"" : ""Tiger Grouper"", ""count"" : 1}]"
785,"2024-04-16",3,"Shark Bait","Charles","Tent Shallow",18,27,"[{""species"" : ""Southern Stingray"", ""count"" : 2}, {""species"" : ""Green Turtle"", ""count"" : 4}, {""species"" : ""Caribbean Reef Shark"", ""count"" : 1}]"
754,"2024-04-16",2,"Fin & Tonic","Caroline","Hole in the Corner",21,27,"[{""species"" : null, ""count"" : null}]"
752,"2024-04-17",3,"Shark Bait","Robins","Tent Shallow",23,28,"[{""species"" : ""Southern Stingray"", ""count"" : 4}, {""species"" : ""Green Turtle"", ""count"" : 5}, {""species"" : ""Nassau Grouper"", ""count"" : 10}, {""species"" : ""Yellowfin Grouper"", ""count"" : 14}]"
787,"2024-04-17",2,"Shark Bait","Charles","Ladder Labyrinth",22,27,"[{""species"" : ""Green Turtle"", ""count"" : 2}, {""species"" : ""Caribbean Reef Shark"", ""count"" : 1}, {""species"" : ""Southern Stingray"", ""count"" : 1}, {""species"" : ""Yellowfin Grouper"", ""count"" : 1}, {""species"" : ""Longspine Sea Urchin"", ""count"" : 2}]"
756,"2024-04-17",3,"Fin & Tonic","Caroline","Tent Shallow",12,27,"[{""species"" : ""Caribbean Reef Shark"", ""count"" : 1}]"
757,"2024-04-17",1,"Shark Bait","Robins","David's Drop-off Deep",9,-1,"[{""species"" : ""Nassau Grouper"", ""count"" : 6}, {""species"" : ""Green Turtle"", ""count"" : 3}, {""species"" : ""Yellowfin Grouper"", ""count"" : 7}, {""species"" : ""Lionfish Alive"", ""count"" : 6}, {""species"" : ""Lionfish Dead"", ""count"" : 4}]"
758,"2024-04-17",3,"Fin & Tonic","Chad","Tent Shallow",21,27,"[{""species"" : ""Nurse Shark"", ""count"" : 1}, {""species"" : ""Green Turtle"", ""count"" : 3}, {""species"" : ""Flamingo Tongue"", ""count"" : 2}, {""species"" : ""Lettuce Sea Slug"", ""count"" : 1}, {""species"" : ""Longspine Sea Urchin"", ""count"" : 1}, {""species"" : ""Nassau Grouper"", ""count"" : 1}, {""species"" : ""Southern Stingray"", ""count"" : 2}, {""species"" : ""Caribbean Reef Shark"", ""count"" : 3}]"
786,"2024-04-17",1,"Shark Bait","Charles","David's Drop-off Deep",35,27,"[{""species"" : ""Green Turtle"", ""count"" : 3}, {""species"" : ""Longspine Sea Urchin"", ""count"" : 6}, {""species"" : ""Yellowfin Grouper"", ""count"" : 3}, {""species"" : ""Caribbean Reef Shark"", ""count"" : 2}, {""species"" : ""Nassau Grouper"", ""count"" : 1}, {""species"" : ""Lionfish Alive"", ""count"" : 5}, {""species"" : ""Lionfish Dead"", ""count"" : 2}]"
788,"2024-04-18",1,"Shark Bait","Charles","Ghost Wreck",35,27,"[{""species"" : ""Green Turtle"", ""count"" : 1}, {""species"" : ""Caribbean Reef Shark"", ""count"" : 2}, {""species"" : ""Yellowfin Grouper"", ""count"" : 1}, {""species"" : ""Lionfish Alive"", ""count"" : 4}]"
759,"2024-04-18",2,"Shark Bait","Otto","Ghost Wreck",34,27,"[{""species"" : ""Nurse Shark"", ""count"" : 1}, {""species"" : ""Caribbean Reef Shark"", ""count"" : 3}]"
760,"2024-04-19",2,"Fin & Tonic","Lenny","Man of War Shoals",23,27,"[{""species"" : ""Yellowfin Grouper"", ""count"" : 1}, {""species"" : ""Tiger Grouper"", ""count"" : 5}, {""species"" : ""Green Turtle"", ""count"" : 3}, {""species"" : ""Lettuce Sea Slug"", ""count"" : 6}, {""species"" : ""Caribbean Reef Shark"", ""count"" : 1}]"
768,"2024-04-19",2,"Shark Bait","Otto","Big Rock Deep",21,27,"[{""species"" : null, ""count"" : null}]"
769,"2024-04-19",3,"Shark Bait","Otto","Tent Shallow",23,27,"[{""species"" : ""Green Turtle"", ""count"" : 3}]"
767,"2024-04-19",1,"Shark Bait","Otto","Core Gut",30,27,"[{""species"" : ""Nassau Grouper"", ""count"" : 1}]"
761,"2024-04-19",3,"Fin & Tonic","Caroline","Tent Boulders",12,27,"[{""species"" : null, ""count"" : null}]"
764,"2024-04-20",2,"Shark Bait","Lenny","Ladder Drift",22,27,"[{""species"" : ""Caribbean Reef Shark"", ""count"" : 2}, {""species"" : ""Green Turtle"", ""count"" : 5}, {""species"" : ""Nurse Shark"", ""count"" : 2}, {""species"" : ""Southern Stingray"", ""count"" : 8}, {""species"" : ""Nassau Grouper"", ""count"" : 2}, {""species"" : ""Yellowfin Grouper"", ""count"" : 1}, {""species"" : ""Tiger Grouper"", ""count"" : 3}, {""species"" : ""Lettuce Sea Slug"", ""count"" : 2}]"
765,"2024-04-20",1,"Shark Bait","Otto","Hole in the Corner",23,27,"[{""species"" : ""Nurse Shark"", ""count"" : 1}, {""species"" : ""Lionfish Dead"", ""count"" : 1}]"
766,"2024-04-20",3,"Shark Bait","Otto","Tent Boulders",23,27,"[{""species"" : ""Green Turtle"", ""count"" : 5}, {""species"" : ""Caribbean Reef Shark"", ""count"" : 2}, {""species"" : ""Nurse Shark"", ""count"" : 1}, {""species"" : ""Southern Stingray"", ""count"" : 4}]"
778,"2024-04-20",1,"Shark Bait","Lenny","Ladder Drift",24,27,"[{""species"" : ""Lionfish Dead"", ""count"" : 1}, {""species"" : ""Green Turtle"", ""count"" : 3}, {""species"" : ""Hawksbill Turtle"", ""count"" : 1}, {""species"" : ""Caribbean Reef Shark"", ""count"" : 1}, {""species"" : ""Nurse Shark"", ""count"" : 2}, {""species"" : ""Southern Stingray"", ""count"" : 7}, {""species"" : ""Nassau Grouper"", ""count"" : 2}, {""species"" : ""Tiger Grouper"", ""count"" : 1}, {""species"" : ""Lionfish Alive"", ""count"" : 2}]"
762,"2024-04-20",2,"Shark Bait","Caroline","Ladder Drift",22,27,"[{""species"" : null, ""count"" : null}]"
763,"2024-04-20",3,"Shark Bait","Caroline","Tent Reef Wall",30,27,"[{""species"" : null, ""count"" : null}]"
777,"2024-04-21",3,"Fin & Tonic","Otto","Tent Reef",21,27,"[{""species"" : ""Longspine Sea Urchin"", ""count"" : 3}, {""species"" : ""Flamingo Tongue"", ""count"" : 8}, {""species"" : ""Lettuce Sea Slug"", ""count"" : 4}, {""species"" : ""Red-tipped Sea Goddess"", ""count"" : 1}, {""species"" : ""Southern Stingray"", ""count"" : 2}, {""species"" : ""Caribbean Reef Shark"", ""count"" : 1}, {""species"" : ""Green Turtle"", ""count"" : 4}]"
771,"2024-04-21",2,"Shark Bait","Vicky","Tent Shallow",22,27,"[{""species"" : ""Nurse Shark"", ""count"" : 1}, {""species"" : ""Green Turtle"", ""count"" : 2}]"
779,"2024-04-21",1,"Shark Bait","Robins","Tent Shallow",24,28,"[{""species"" : ""Nassau Grouper"", ""count"" : 8}, {""species"" : ""Green Turtle"", ""count"" : 4}, {""species"" : ""Caribbean Reef Shark"", ""count"" : 1}, {""species"" : ""Southern Stingray"", ""count"" : 3}, {""species"" : ""Yellowfin Grouper"", ""count"" : 9}]"
780,"2024-04-21",2,"Shark Bait","Robins","Ladder Drift",21,29,"[{""species"" : ""Nassau Grouper"", ""count"" : 10}, {""species"" : ""Green Turtle"", ""count"" : 17}, {""species"" : ""Southern Stingray"", ""count"" : 8}, {""species"" : ""Yellowfin Grouper"", ""count"" : 13}]"
770,"2024-04-21",2,"Fin & Tonic","Caroline","Green Island",22,27,"[{""species"" : null, ""count"" : null}]"
773,"2024-04-21",3,"Shark Bait","Vicky","Ladder Drift",22,27,"[{""species"" : ""Southern Stingray"", ""count"" : 5}, {""species"" : ""Nurse Shark"", ""count"" : 1}]"
772,"2024-04-21",2,"Shark Bait","Aaron","Tent Shallow",21,28,"[{""species"" : ""Caribbean Reef Shark"", ""count"" : 1}, {""species"" : ""Southern Stingray"", ""count"" : 4}, {""species"" : ""Yellowfin Grouper"", ""count"" : 1}, {""species"" : ""Green Turtle"", ""count"" : 4}]"
774,"2024-04-21",1,"Fin & Tonic","Lenny","David's Drop-off Deep",32,27,"[{""species"" : ""Nassau Grouper"", ""count"" : 3}, {""species"" : ""Green Turtle"", ""count"" : 2}, {""species"" : ""Caribbean Reef Shark"", ""count"" : 1}, {""species"" : ""Tiger Grouper"", ""count"" : 1}, {""species"" : ""Lionfish Alive"", ""count"" : 3}, {""species"" : ""Lionfish Dead"", ""count"" : 2}]"
775,"2024-04-21",1,"Fin & Tonic","Otto","David's Drop-off Deep",30,27,"[{""species"" : ""Lionfish Alive"", ""count"" : 1}, {""species"" : ""Green Turtle"", ""count"" : 1}, {""species"" : ""Caribbean Reef Shark"", ""count"" : 1}, {""species"" : ""Blacktip Reef Shark"", ""count"" : 1}, {""species"" : ""Nurse Shark"", ""count"" : 1}, {""species"" : ""Tiger Grouper"", ""count"" : 1}, {""species"" : ""Lettuce Sea Slug"", ""count"" : 5}, {""species"" : ""Lionfish Dead"", ""count"" : 2}, {""species"" : ""Flamingo Tongue"", ""count"" : 5}]"
776,"2024-04-21",2,"Fin & Tonic","Otto","Green Island",21,27,"[{""species"" : ""Nurse Shark"", ""count"" : 1}]"
782,"2024-04-22",2,"Fin & Tonic","Vicky","Man of War Shoals",22,28,"[{""species"" : ""Roughtail Stingray"", ""count"" : 5}, {""species"" : ""Green Turtle"", ""count"" : 2}, {""species"" : ""Yellowfin Grouper"", ""count"" : 3}]"
781,"2024-04-22",1,"Shark Bait","Vicky","Customs House",25,28,"[{""species"" : ""Lettuce Sea Slug"", ""count"" : 2}, {""species"" : ""Green Turtle"", ""count"" : 5}, {""species"" : ""Nurse Shark"", ""count"" : 1}, {""species"" : ""Southern Stingray"", ""count"" : 2}]"
789,"2024-04-22",1,"Fin & Tonic","Caroline","Tent Reef Wall",22,27,"[{""species"" : null, ""count"" : null}]"
790,"2024-04-22",3,"Fin & Tonic","Goose ","Tent Reef",12,28,"[{""species"" : ""Green Turtle"", ""count"" : 3}]"
791,"2024-04-22",3,"Fin & Tonic","Caroline","Tent Reef",18,27,"[{""species"" : null, ""count"" : null}]"
792,"2024-04-22",1,"Shark Bait","Aaron","Customs House",27,28,"[{""species"" : ""Hawksbill Turtle"", ""count"" : 1}, {""species"" : ""Green Turtle"", ""count"" : 6}, {""species"" : ""Nurse Shark"", ""count"" : 1}]"
793,"2024-04-22",1,"Fin & Tonic","Otto","Tent Reef Wall",30,27,"[{""species"" : ""Caribbean Reef Shark"", ""count"" : 2}, {""species"" : ""Green Turtle"", ""count"" : 3}]"
794,"2024-04-22",2,"Fin & Tonic","Otto","Hot Springs",21,27,"[{""species"" : ""Green Turtle"", ""count"" : 4}, {""species"" : ""Nurse Shark"", ""count"" : 1}]"
795,"2024-04-22",1,"Shark Bait","Robins","Customs House",24,29,"[{""species"" : ""Yellowfin Grouper"", ""count"" : 10}, {""species"" : ""Green Turtle"", ""count"" : 6}, {""species"" : ""Nurse Shark"", ""count"" : 1}, {""species"" : ""Southern Stingray"", ""count"" : 3}, {""species"" : ""Nassau Grouper"", ""count"" : 8}]"
796,"2024-04-22",2,"Shark Bait","Robins","Man of War Shoals",22,29,"[{""species"" : ""Southern Stingray"", ""count"" : 6}, {""species"" : ""Nassau Grouper"", ""count"" : 10}, {""species"" : ""Yellowfin Grouper"", ""count"" : 13}, {""species"" : ""Green Turtle"", ""count"" : 4}]"
797,"2024-04-22",3,"Shark Bait","Robins","Ladder Drift",21,29,"[{""species"" : ""Southern Stingray"", ""count"" : 7}, {""species"" : ""Nassau Grouper"", ""count"" : 14}, {""species"" : ""Yellowfin Grouper"", ""count"" : 16}, {""species"" : ""Nurse Shark"", ""count"" : 1}, {""species"" : ""Green Turtle"", ""count"" : 14}]"
805,"2024-04-23",1,"Shark Bait","Aaron","Customs House",30,28,"[{""species"" : ""Nurse Shark"", ""count"" : 1}, {""species"" : ""Green Turtle"", ""count"" : 6}, {""species"" : ""Hawksbill Turtle"", ""count"" : 1}]"
799,"2024-04-23",3,"Fin & Tonic","Otto","Rays and Anchors",14,27,"[{""species"" : ""Nurse Shark"", ""count"" : 2}]"
798,"2024-04-23",2,"Fin & Tonic","Otto","Man of War Shoals",21,27,"[{""species"" : null, ""count"" : null}]"
804,"2024-04-24",1,"Shark Bait","Aaron","Big Rock Deep",22,28,"[{""species"" : ""Lionfish Dead"", ""count"" : 1}, {""species"" : ""Long Snout Seahorse"", ""count"" : 1}]"
801,"2024-04-24",2,"Shark Bait","Vicky","Hole in the Corner",23,27,"[{""species"" : ""Green Turtle"", ""count"" : 1}, {""species"" : ""Lettuce Sea Slug"", ""count"" : 2}]"
802,"2024-04-24",2,"Fin & Tonic","Caroline","Big Rock Deep",22,27,"[{""species"" : null, ""count"" : null}]"
803,"2024-04-24",3,"Fin & Tonic","Caroline","Big Rock Deep",22,27,"[{""species"" : null, ""count"" : null}]"
806,"2024-04-24",1,"Shark Bait","Robins","Big Rock Deep",24,29,"[{""species"" : ""Southern Stingray"", ""count"" : 4}, {""species"" : ""Nassau Grouper"", ""count"" : 13}, {""species"" : ""Yellowfin Grouper"", ""count"" : 14}, {""species"" : ""Lionfish Alive"", ""count"" : 3}, {""species"" : ""Lionfish Dead"", ""count"" : 1}, {""species"" : ""Green Turtle"", ""count"" : 1}]"
807,"2024-04-24",2,"Shark Bait","Robins","Hole in the Corner",23,30,"[{""species"" : ""Yellowfin Grouper"", ""count"" : 13}, {""species"" : ""Green Turtle"", ""count"" : 5}, {""species"" : ""Southern Stingray"", ""count"" : 3}, {""species"" : ""Nassau Grouper"", ""count"" : 8}, {""species"" : ""Lionfish Alive"", ""count"" : 1}]"
800,"2024-04-24",1,"Shark Bait","Vicky","Big Rock Deep",2,-19,"[{""species"" : ""Lionfish Dead"", ""count"" : 1}, {""species"" : ""Long Snout Seahorse"", ""count"" : 1}, {""species"" : ""Lettuce Sea Slug"", ""count"" : 2}]"
808,"2024-04-26",1,"Fin & Tonic","Otto","Customs House",27,27,"[{""species"" : ""Green Turtle"", ""count"" : 3}, {""species"" : ""Southern Stingray"", ""count"" : 4}]"
809,"2024-04-26",2,"Fin & Tonic","Otto","Green Island",18,27,"[{""species"" : ""Hawksbill Turtle"", ""count"" : 1}, {""species"" : ""Green Turtle"", ""count"" : 2}, {""species"" : ""Nurse Shark"", ""count"" : 1}, {""species"" : ""Caribbean Reef Shark"", ""count"" : 2}]"
810,"2024-04-28",2,"Fin & Tonic","Caroline","Tent Reef",18,27,"[{""species"" : ""Caribbean Reef Shark"", ""count"" : 2}, {""species"" : ""Nurse Shark"", ""count"" : 1}]"
812,"2024-04-29",2,"Fin & Tonic","Aaron","50 50",23,28,"[{""species"" : ""Nurse Shark"", ""count"" : 1}, {""species"" : ""Green Turtle"", ""count"" : 8}, {""species"" : ""Hawksbill Turtle"", ""count"" : 1}, {""species"" : ""Caribbean Reef Shark"", ""count"" : 2}, {""species"" : ""Southern Stingray"", ""count"" : 2}]"
811,"2024-04-30",2,"Fin & Tonic","Aaron","Tent Shallow",23,28,"[{""species"" : ""Southern Stingray"", ""count"" : 4}, {""species"" : ""Nurse Shark"", ""count"" : 1}, {""species"" : ""Caribbean Reef Shark"", ""count"" : 3}, {""species"" : ""Hawksbill Turtle"", ""count"" : 1}, {""species"" : ""Green Turtle"", ""count"" : 6}, {""species"" : ""Leech Head Shield Slug"", ""count"" : 2}, {""species"" : ""Lionfish Dead"", ""count"" : 1}, {""species"" : ""Yellowfin Grouper"", ""count"" : 1}]"
813,"2024-05-01",2,"Shark Bait","Aaron","Tent Shallow",23,28,"[{""species"" : ""Leech Head Shield Slug"", ""count"" : 4}, {""species"" : ""Green Turtle"", ""count"" : 6}, {""species"" : ""Hawksbill Turtle"", ""count"" : 1}, {""species"" : ""Caribbean Reef Shark"", ""count"" : 3}, {""species"" : ""Nurse Shark"", ""count"" : 1}, {""species"" : ""Southern Stingray"", ""count"" : 2}, {""species"" : ""Yellowfin Grouper"", ""count"" : 3}]"
817,"2024-05-01",1,"Shark Bait","Robins","Customs House",29,30,"[{""species"" : ""Nassau Grouper"", ""count"" : 8}, {""species"" : ""Green Turtle"", ""count"" : 3}, {""species"" : ""Southern Stingray"", ""count"" : 4}, {""species"" : ""Yellowfin Grouper"", ""count"" : 9}]"
815,"2024-05-02",1,"Fin & Tonic","Otto","Diamond Rock",24,27,"[{""species"" : ""Yellowfin Grouper"", ""count"" : 1}, {""species"" : ""Green Turtle"", ""count"" : 2}, {""species"" : ""Caribbean Reef Shark"", ""count"" : 1}, {""species"" : ""Southern Stingray"", ""count"" : 2}, {""species"" : ""Lionfish Dead"", ""count"" : 1}]"
816,"2024-05-02",3,"Fin & Tonic","Otto","Porites Point",11,27,"[{""species"" : ""Nurse Shark"", ""count"" : 2}, {""species"" : ""Southern Stingray"", ""count"" : 2}]"
818,"2024-05-02",2,"Shark Bait","Robins","Hot Springs",21,30,"[{""species"" : ""Southern Stingray"", ""count"" : 7}, {""species"" : ""Green Turtle"", ""count"" : 9}, {""species"" : ""Nurse Shark"", ""count"" : 1}, {""species"" : ""Yellowfin Grouper"", ""count"" : 8}]"
814,"2024-05-02",3,"Shark Bait","Caroline","Porites Point",12,27,"[{""species"" : null, ""count"" : null}]"
819,"2024-05-03",1,"Shark Bait","Otto","Man of War Shoals",22,27,"[{""species"" : ""Southern Stingray"", ""count"" : 4}, {""species"" : ""Green Turtle"", ""count"" : 2}, {""species"" : ""Yellowfin Grouper"", ""count"" : 2}]"
820,"2024-05-03",2,"Shark Bait","Otto","Green Island",20,27,"[{""species"" : ""Tiger Grouper"", ""count"" : 1}, {""species"" : ""Lionfish Dead"", ""count"" : 3}]"
821,"2024-05-04",1,"Shark Bait","Otto","Tent Boulders",24,27,"[{""species"" : ""Southern Stingray"", ""count"" : 2}, {""species"" : ""Flamingo Tongue"", ""count"" : 6}, {""species"" : ""Lettuce Sea Slug"", ""count"" : 9}, {""species"" : ""Nurse Shark"", ""count"" : 1}, {""species"" : ""Caribbean Reef Shark"", ""count"" : 2}, {""species"" : ""Hawksbill Turtle"", ""count"" : 1}, {""species"" : ""Green Turtle"", ""count"" : 3}]"
822,"2024-05-04",2,"Shark Bait","Charles","Hole in the Corner",20,28,"[{""species"" : ""Caribbean Reef Shark"", ""count"" : 1}]"
846,"2024-05-05",1,"Shark Bait","Lenny","Core Gut",26,27,"[{""species"" : ""Nurse Shark"", ""count"" : 1}, {""species"" : ""Southern Stingray"", ""count"" : 3}, {""species"" : ""Nassau Grouper"", ""count"" : 2}, {""species"" : ""Tiger Grouper"", ""count"" : 1}, {""species"" : ""Lettuce Sea Slug"", ""count"" : 2}, {""species"" : ""Lionfish Alive"", ""count"" : 1}, {""species"" : ""Green Turtle"", ""count"" : 2}]"
827,"2024-05-05",2,"Shark Bait","Aaron","David's Drop-off Deep",27,28,"[{""species"" : ""Caribbean Reef Shark"", ""count"" : 1}, {""species"" : ""Green Turtle"", ""count"" : 2}, {""species"" : ""Lionfish Dead"", ""count"" : 4}]"
845,"2024-05-05",2,"Shark Bait","Lenny","David's Drop-off Deep",27,29,"[{""species"" : ""Hawksbill Turtle"", ""count"" : 1}, {""species"" : ""Blacktip Reef Shark"", ""count"" : 1}, {""species"" : ""Nurse Shark"", ""count"" : 1}, {""species"" : ""Nassau Grouper"", ""count"" : 2}, {""species"" : ""Lettuce Sea Slug"", ""count"" : 4}, {""species"" : ""Lionfish Alive"", ""count"" : 5}, {""species"" : ""Lionfish Dead"", ""count"" : 5}, {""species"" : ""Green Turtle"", ""count"" : 2}]"
847,"2024-05-05",3,"Shark Bait","Lenny","Tent Drift",25,27,"[{""species"" : ""Tiger Grouper"", ""count"" : 2}, {""species"" : ""Green Turtle"", ""count"" : 6}, {""species"" : ""Hawksbill Turtle"", ""count"" : 1}, {""species"" : ""Caribbean Reef Shark"", ""count"" : 3}, {""species"" : ""Nurse Shark"", ""count"" : 2}]"
826,"2024-05-05",1,"Shark Bait","Aaron","Core Gut",27,28,"[{""species"" : ""Nurse Shark"", ""count"" : 1}, {""species"" : ""Green Turtle"", ""count"" : 1}]"
824,"2024-05-06",2,"Fin & Tonic","Otto","Hot Springs",23,27,"[{""species"" : ""Caribbean Reef Shark"", ""count"" : 1}, {""species"" : ""Nurse Shark"", ""count"" : 2}]"
825,"2024-05-06",2,"Shark Bait","Aaron","Big Rock Deep",22,28,"[{""species"" : ""Nurse Shark"", ""count"" : 1}, {""species"" : ""Long Snout Seahorse"", ""count"" : 2}, {""species"" : ""Tiger Grouper"", ""count"" : 1}, {""species"" : ""Caribbean Reef Shark"", ""count"" : 1}, {""species"" : ""Yellowfin Grouper"", ""count"" : 1}]"
823,"2024-05-06",1,"Fin & Tonic","Otto","Big Rock Deep",23,27,"[{""species"" : ""Caribbean Reef Shark"", ""count"" : 4}, {""species"" : ""Blacktip Reef Shark"", ""count"" : 1}, {""species"" : ""Yellowfin Grouper"", ""count"" : 1}, {""species"" : ""Lionfish Dead"", ""count"" : 5}]"
830,"2024-05-07",1,"Shark Bait","Caroline","Customs House",27,27,"[{""species"" : null, ""count"" : null}]"
828,"2024-05-07",1,"Shark Bait","Vicky","Customs House",26,27,"[{""species"" : ""Green Turtle"", ""count"" : 1}, {""species"" : ""Lionfish Alive"", ""count"" : 2}, {""species"" : ""Southern Stingray"", ""count"" : 3}, {""species"" : ""Nurse Shark"", ""count"" : 1}]"
829,"2024-05-07",2,"Shark Bait","Vicky","Man of War Shoals",22,27,"[{""species"" : ""Lettuce Sea Slug"", ""count"" : 1}, {""species"" : ""Green Turtle"", ""count"" : 3}, {""species"" : ""Southern Stingray"", ""count"" : 5}, {""species"" : ""Yellowfin Grouper"", ""count"" : 1}]"
831,"2024-05-07",3,"Shark Bait","Caroline","50 50",27,27,"[{""species"" : null, ""count"" : null}]"
832,"2024-05-07",2,"Shark Bait","Aaron","Man of War Shoals",22,28,"[{""species"" : ""Yellowfin Grouper"", ""count"" : 2}, {""species"" : ""Green Turtle"", ""count"" : 3}, {""species"" : ""Southern Stingray"", ""count"" : 3}]"
836,"2024-05-08",2,"Shark Bait","Vicky","Big Rock Deep",23,27,"[{""species"" : ""Long Snout Seahorse"", ""count"" : 3}, {""species"" : ""Nurse Shark"", ""count"" : 1}, {""species"" : ""Southern Stingray"", ""count"" : 1}, {""species"" : ""Lettuce Sea Slug"", ""count"" : 10}, {""species"" : ""Flamingo Tongue"", ""count"" : 1}, {""species"" : ""Lionfish Alive"", ""count"" : 1}, {""species"" : ""Caribbean Reef Shark"", ""count"" : 1}]"
835,"2024-05-08",1,"Shark Bait","Vicky","Babylon",27,27,"[{""species"" : ""Caribbean Reef Shark"", ""count"" : 1}, {""species"" : ""Nurse Shark"", ""count"" : 2}, {""species"" : ""Flamingo Tongue"", ""count"" : 1}, {""species"" : ""Lionfish Alive"", ""count"" : 2}]"
834,"2024-05-08",2,"Shark Bait","Aaron","Big Rock Deep",22,28,"[{""species"" : ""Caribbean Reef Shark"", ""count"" : 1}, {""species"" : ""Nurse Shark"", ""count"" : 1}, {""species"" : ""Long Snout Seahorse"", ""count"" : 3}]"
833,"2024-05-08",3,"Shark Bait","Caroline","Torrens Point",12,27,"[{""species"" : ""Green Turtle"", ""count"" : 1}, {""species"" : ""Lionfish Alive"", ""count"" : 1}, {""species"" : ""Hawksbill Turtle"", ""count"" : 1}]"
841,"2024-05-09",2,"Shark Bait","Aaron","Ladder Labyrinth",23,27,"[{""species"" : ""Green Turtle"", ""count"" : 1}, {""species"" : ""Caribbean Reef Shark"", ""count"" : 1}, {""species"" : ""Nurse Shark"", ""count"" : 1}]"
837,"2024-05-09",1,"Shark Bait","Robins","Babylon",29,29,"[{""species"" : ""Green Turtle"", ""count"" : 8}, {""species"" : ""Caribbean Reef Shark"", ""count"" : 1}, {""species"" : ""Nurse Shark"", ""count"" : 2}, {""species"" : ""Southern Stingray"", ""count"" : 2}, {""species"" : ""Yellowfin Grouper"", ""count"" : 9}, {""species"" : ""Lionfish Alive"", ""count"" : 1}]"
843,"2024-05-09",3,"Shark Bait","Caroline","Hole in the Corner",12,27,"[{""species"" : null, ""count"" : null}]"
844,"2024-05-09",1,"Fin & Tonic","Otto","Man of War Shoals",24,27,"[{""species"" : ""Lettuce Sea Slug"", ""count"" : 10}, {""species"" : ""Green Turtle"", ""count"" : 2}]"
842,"2024-05-09",2,"Fin & Tonic","Caroline","Babylon",23,27,"[{""species"" : null, ""count"" : null}]"
838,"2024-05-09",3,"Shark Bait","Robins","Torrens Point",13,28,"[{""species"" : ""Green Turtle"", ""count"" : 9}, {""species"" : ""Nurse Shark"", ""count"" : 1}]"
839,"2024-05-09",1,"Shark Bait","Vicky","David's Drop-off Deep",27,27,"[{""species"" : ""Flamingo Tongue"", ""count"" : 1}, {""species"" : ""Lettuce Sea Slug"", ""count"" : 3}]"
840,"2024-05-09",2,"Shark Bait","Vicky","Ladder Labyrinth",22,27,"[{""species"" : ""Longspine Sea Urchin"", ""count"" : 1}, {""species"" : ""Flamingo Tongue"", ""count"" : 1}, {""species"" : ""Lettuce Sea Slug"", ""count"" : 2}, {""species"" : ""Nurse Shark"", ""count"" : 2}, {""species"" : ""Green Turtle"", ""count"" : 1}]"
849,"2024-05-10",2,"Shark Bait","Caroline","Ladder Drift",25,27,"[{""species"" : ""Nurse Shark"", ""count"" : 1}]"
848,"2024-05-10",2,"Fin & Tonic","Lenny","Big Rock Deep",23,27,"[{""species"" : ""Nurse Shark"", ""count"" : 1}, {""species"" : ""Lettuce Sea Slug"", ""count"" : 6}, {""species"" : ""Flamingo Tongue"", ""count"" : 4}, {""species"" : ""Long Snout Seahorse"", ""count"" : 2}, {""species"" : ""Lionfish Alive"", ""count"" : 1}]"
850,"2024-05-10",1,"Shark Bait","Otto","Shark Shoals",33,27,"[{""species"" : ""Lionfish Alive"", ""count"" : 1}, {""species"" : ""Caribbean Reef Shark"", ""count"" : 1}, {""species"" : ""Hawksbill Turtle"", ""count"" : 1}]"
851,"2024-05-10",1,"Shark Bait","Robins","Shark Shoals",30,28,"[{""species"" : ""Yellowfin Grouper"", ""count"" : 9}, {""species"" : ""Nassau Grouper"", ""count"" : 8}, {""species"" : ""Caribbean Reef Shark"", ""count"" : 1}, {""species"" : ""Green Turtle"", ""count"" : 1}, {""species"" : ""Lionfish Alive"", ""count"" : 2}]"
852,"2024-05-10",2,"Shark Bait","Robins","Ladder Drift",24,27,"[{""species"" : ""Southern Stingray"", ""count"" : 3}, {""species"" : ""Green Turtle"", ""count"" : 16}, {""species"" : ""Spotted Eagle Ray"", ""count"" : 1}, {""species"" : ""Yellowfin Grouper"", ""count"" : 13}, {""species"" : ""Nassau Grouper"", ""count"" : 8}, {""species"" : ""Nurse Shark"", ""count"" : 2}]"
853,"2024-05-10",3,"Shark Bait","Robins","Tent Drift",23,27,"[{""species"" : ""Yellowfin Grouper"", ""count"" : 16}, {""species"" : ""Caribbean Reef Shark"", ""count"" : 1}, {""species"" : ""Nurse Shark"", ""count"" : 1}, {""species"" : ""Southern Stingray"", ""count"" : 5}, {""species"" : ""Nassau Grouper"", ""count"" : 14}, {""species"" : ""Green Turtle"", ""count"" : 15}]"
854,"2024-05-11",1,"Shark Bait","Robins","Great Point Drift",21,27,"[{""species"" : ""Lionfish Dead"", ""count"" : 4}, {""species"" : ""Yellowfin Grouper"", ""count"" : 18}, {""species"" : ""Nassau Grouper"", ""count"" : 15}]"
855,"2024-05-12",1,"Shark Bait","Otto","Customs House",30,27,"[{""species"" : ""Leech Head Shield Slug"", ""count"" : 5}, {""species"" : ""Southern Stingray"", ""count"" : 3}, {""species"" : ""Nurse Shark"", ""count"" : 1}]"
856,"2024-05-12",3,"Shark Bait","Otto","Green Island",21,27,"[{""species"" : ""Green Turtle"", ""count"" : 1}, {""species"" : ""Nurse Shark"", ""count"" : 2}]"
857,"2024-05-13",1,"Shark Bait","Caroline","Diamond Rock",22,27,"[{""species"" : ""Caribbean Reef Shark"", ""count"" : 3}]"
858,"2024-05-13",3,"Shark Bait","Caroline","Hot Springs",24,27,"[{""species"" : null, ""count"" : null}]"
859,"2024-05-14",2,"Shark Bait","Aaron","Tent Shallow",24,28,"[{""species"" : ""Southern Stingray"", ""count"" : 2}, {""species"" : ""Leech Head Shield Slug"", ""count"" : 10}, {""species"" : ""Lionfish Dead"", ""count"" : 1}, {""species"" : ""Nurse Shark"", ""count"" : 1}, {""species"" : ""Green Turtle"", ""count"" : 6}, {""species"" : ""Hawksbill Turtle"", ""count"" : 1}, {""species"" : ""Caribbean Reef Shark"", ""count"" : 2}]"
860,"2024-05-14",1,"Shark Bait","Caroline","Third Encounter",31,27,"[{""species"" : ""Caribbean Reef Shark"", ""count"" : 1}, {""species"" : ""Nurse Shark"", ""count"" : 1}]"
861,"2024-05-14",3,"Shark Bait","Caroline","50 50",25,27,"[{""species"" : ""Caribbean Reef Shark"", ""count"" : 1}, {""species"" : ""Nurse Shark"", ""count"" : 1}]"
864,"2024-05-15",2,"Shark Bait","Aaron","50 50",24,28,"[{""species"" : ""Nurse Shark"", ""count"" : 2}, {""species"" : ""Green Turtle"", ""count"" : 6}]"
862,"2024-05-15",1,"Shark Bait","Caroline","Tent Reef Wall",30,27,"[{""species"" : null, ""count"" : null}]"
863,"2024-05-15",2,"Shark Bait","Caroline","50 50",24,27,"[{""species"" : null, ""count"" : null}]"
865,"2024-05-15",1,"Shark Bait","Robins","Tent Reef Wall",30,29,"[{""species"" : ""Southern Stingray"", ""count"" : 3}, {""species"" : ""Nassau Grouper"", ""count"" : 8}, {""species"" : ""Yellowfin Grouper"", ""count"" : 12}, {""species"" : ""Green Turtle"", ""count"" : 4}, {""species"" : ""Caribbean Reef Shark"", ""count"" : 3}]"
866,"2024-05-16",1,"Shark Bait","Otto","Shark Shoals",34,27,"[{""species"" : ""Hawksbill Turtle"", ""count"" : 1}, {""species"" : ""Caribbean Reef Shark"", ""count"" : 1}]"
867,"2024-05-16",2,"Shark Bait","Otto","Hole in the Corner",23,27,"[{""species"" : ""Nurse Shark"", ""count"" : 2}, {""species"" : ""Green Turtle"", ""count"" : 1}, {""species"" : ""Caribbean Reef Shark"", ""count"" : 3}, {""species"" : ""Lionfish Alive"", ""count"" : 3}]"
868,"2024-05-16",3,"Shark Bait","Otto","Green Island",14,27,"[{""species"" : ""Caribbean Reef Shark"", ""count"" : 2}, {""species"" : ""Nurse Shark"", ""count"" : 3}]"
869,"2024-05-16",1,"Shark Bait","Robins","Shark Shoals",33,29,"[{""species"" : ""Caribbean Reef Shark"", ""count"" : 1}, {""species"" : ""Lionfish Dead"", ""count"" : 2}, {""species"" : ""Lionfish Alive"", ""count"" : 2}, {""species"" : ""Yellowfin Grouper"", ""count"" : 8}, {""species"" : ""Nassau Grouper"", ""count"" : 8}, {""species"" : ""Green Turtle"", ""count"" : 1}]"
870,"2024-05-16",2,"Shark Bait","Robins","Hole in the Corner",23,29,"[{""species"" : ""Lionfish Alive"", ""count"" : 3}, {""species"" : ""Green Turtle"", ""count"" : 1}, {""species"" : ""Nassau Grouper"", ""count"" : 9}, {""species"" : ""Yellowfin Grouper"", ""count"" : 12}]"
871,"2024-05-17",1,"Shark Bait","Otto","Customs House",27,27,"[{""species"" : ""Southern Stingray"", ""count"" : 3}, {""species"" : ""Green Turtle"", ""count"" : 4}, {""species"" : ""Yellowfin Grouper"", ""count"" : 2}]"
872,"2024-05-18",2,"Shark Bait","Caroline","Man of War Shoals",22,27,"[{""species"" : null, ""count"" : null}]"
873,"2024-05-18",3,"Shark Bait","Caroline","Tent Reef",25,27,"[{""species"" : null, ""count"" : null}]"
874,"2024-05-18",1,"Shark Bait","Otto","Twilight Zone",34,27,"[{""species"" : ""Nurse Shark"", ""count"" : 1}]"
875,"2024-05-18",2,"Shark Bait","Otto","Man of War Shoals",21,27,"[{""species"" : ""Green Turtle"", ""count"" : 1}, {""species"" : ""Yellowfin Grouper"", ""count"" : 1}]"
876,"2024-05-18",3,"Shark Bait","Otto","Tent Reef",23,27,"[{""species"" : ""Nurse Shark"", ""count"" : 1}, {""species"" : ""Southern Stingray"", ""count"" : 4}, {""species"" : ""Yellowfin Grouper"", ""count"" : 1}, {""species"" : ""Flamingo Tongue"", ""count"" : 5}]"
877,"2024-05-19",1,"Shark Bait","Robins","Twilight Zone",34,28,"[{""species"" : ""Nassau Grouper"", ""count"" : 8}, {""species"" : ""Lionfish Dead"", ""count"" : 4}, {""species"" : ""Yellowfin Grouper"", ""count"" : 7}]"
878,"2024-05-19",2,"Shark Bait","Caroline","Green Island",18,27,"[{""species"" : ""Lionfish Alive"", ""count"" : 1}, {""species"" : ""Lionfish Dead"", ""count"" : 5}]"
879,"2024-05-19",3,"Shark Bait","Caroline","50 50",26,27,"[{""species"" : ""Caribbean Reef Shark"", ""count"" : 2}, {""species"" : ""Nurse Shark"", ""count"" : 1}]"
881,"2024-05-20",2,"Fin & Tonic","Vicky","Tent Shallow",22,28,"[{""species"" : ""Southern Stingray"", ""count"" : 2}, {""species"" : ""Spotted Eagle Ray"", ""count"" : 1}, {""species"" : ""Lettuce Sea Slug"", ""count"" : 2}, {""species"" : ""Leech Head Shield Slug"", ""count"" : 5}, {""species"" : ""Green Turtle"", ""count"" : 6}, {""species"" : ""Caribbean Reef Shark"", ""count"" : 1}]"
880,"2024-05-20",1,"Fin & Tonic","Vicky","Big Rock Deep",24,28,"[{""species"" : ""Lettuce Sea Slug"", ""count"" : 5}, {""species"" : ""Long Snout Seahorse"", ""count"" : 2}]"
884,"2024-05-20",3,"Fin & Tonic","Charlie","50 50",12,29,"[{""species"" : ""Southern Stingray"", ""count"" : 1}, {""species"" : ""Green Turtle"", ""count"" : 1}, {""species"" : ""Caribbean Reef Shark"", ""count"" : 1}, {""species"" : ""Nurse Shark"", ""count"" : 1}, {""species"" : ""Longspine Sea Urchin"", ""count"" : 3}]"
883,"2024-05-21",2,"Fin & Tonic","Caroline","Green Island",18,27,"[{""species"" : ""Nurse Shark"", ""count"" : 1}, {""species"" : ""Lionfish Dead"", ""count"" : 1}, {""species"" : ""Caribbean Reef Shark"", ""count"" : 1}]"
888,"2024-05-21",2,"Fin & Tonic","Aaron","Green Island",22,28,"[{""species"" : ""Lionfish Dead"", ""count"" : 1}, {""species"" : ""Caribbean Reef Shark"", ""count"" : 1}, {""species"" : ""Green Turtle"", ""count"" : 1}, {""species"" : ""Nurse Shark"", ""count"" : 1}]"
882,"2024-05-21",1,"Fin & Tonic","Caroline","Twilight Zone",33,27,"[{""species"" : ""Lionfish Alive"", ""count"" : 1}, {""species"" : ""Lionfish Dead"", ""count"" : 1}, {""species"" : ""Nurse Shark"", ""count"" : 1}, {""species"" : ""Caribbean Reef Shark"", ""count"" : 3}]"
886,"2024-05-22",3,"Fin & Tonic","Caroline","Man of War Shoals",21,27,"[{""species"" : null, ""count"" : null}]"
887,"2024-05-22",2,"Fin & Tonic","Aaron","Hot Springs",24,28,"[{""species"" : ""Nurse Shark"", ""count"" : 2}, {""species"" : ""Caribbean Reef Shark"", ""count"" : 1}, {""species"" : ""Green Turtle"", ""count"" : 6}]"
892,"2024-05-22",1,"Fin & Tonic","Robins","Twilight Zone",30,30,"[{""species"" : ""Yellowfin Grouper"", ""count"" : 10}, {""species"" : ""Caribbean Reef Shark"", ""count"" : 3}, {""species"" : ""Lionfish Dead"", ""count"" : 2}, {""species"" : ""Nassau Grouper"", ""count"" : 8}]"
885,"2024-05-22",1,"Fin & Tonic","Caroline","Customs House",30,27,"[{""species"" : ""Lionfish Alive"", ""count"" : 3}]"
889,"2024-05-23",2,"Fin & Tonic","Aaron","Big Rock Deep",22,28,"[{""species"" : ""Long Snout Seahorse"", ""count"" : 3}, {""species"" : ""Caribbean Reef Shark"", ""count"" : 1}, {""species"" : ""Nassau Grouper"", ""count"" : 1}]"
891,"2024-05-24",3,"Fin & Tonic","Robins","50 50",23,29,"[{""species"" : ""Green Turtle"", ""count"" : 15}, {""species"" : ""Southern Stingray"", ""count"" : 7}, {""species"" : ""Nurse Shark"", ""count"" : 3}, {""species"" : ""Caribbean Reef Shark"", ""count"" : 1}, {""species"" : ""Yellowfin Grouper"", ""count"" : 9}, {""species"" : ""Nassau Grouper"", ""count"" : 8}]"
890,"2024-05-24",1,"Fin & Tonic","Robins","Third Encounter",34,29,"[{""species"" : ""Lionfish Dead"", ""count"" : 4}, {""species"" : ""Nassau Grouper"", ""count"" : 7}, {""species"" : ""Nurse Shark"", ""count"" : 1}, {""species"" : ""Caribbean Reef Shark"", ""count"" : 4}, {""species"" : ""Yellowfin Grouper"", ""count"" : 9}]"
893,"2024-05-24",3,"Shark Bait","Caroline","Torrens Point",10,27,"[{""species"" : null, ""count"" : null}]"
894,"2024-05-25",1,"Shark Bait","Otto","Diamond Rock",26,28,"[{""species"" : ""Green Turtle"", ""count"" : 2}, {""species"" : ""Lionfish Alive"", ""count"" : 1}, {""species"" : ""Caribbean Reef Shark"", ""count"" : 3}]"
895,"2024-05-25",2,"Shark Bait","Otto","Man of War Shoals",22,28,"[{""species"" : ""Lionfish Alive"", ""count"" : 1}]"
896,"2024-05-25",3,"Shark Bait","Otto","Hole in the Corner",20,28,"[{""species"" : ""Nurse Shark"", ""count"" : 1}, {""species"" : ""Lionfish Alive"", ""count"" : 3}]"
898,"2024-05-26",3,"Shark Bait","Caroline","Great Point Drift",18,27,"[{""species"" : ""Caribbean Reef Shark"", ""count"" : 1}, {""species"" : ""Lionfish Alive"", ""count"" : 3}]"
897,"2024-05-26",2,"Shark Bait","Caroline","Ladder Drift",22,27,"[{""species"" : null, ""count"" : null}]"
899,"2024-05-26",2,"Fin & Tonic","Aaron","Big Rock Deep",22,28,"[{""species"" : ""Long Snout Seahorse"", ""count"" : 1}, {""species"" : ""Nassau Grouper"", ""count"" : 1}, {""species"" : ""Tiger Grouper"", ""count"" : 3}, {""species"" : ""Lettuce Sea Slug"", ""count"" : 3}]"
901,"2024-05-27",3,"Fin & Tonic","Aaron","Big Rock Deep",22,28,"[{""species"" : ""Yellowfin Grouper"", ""count"" : 2}, {""species"" : ""Tiger Grouper"", ""count"" : 3}, {""species"" : ""Lettuce Sea Slug"", ""count"" : 3}, {""species"" : ""Lionfish Alive"", ""count"" : 1}, {""species"" : ""Nurse Shark"", ""count"" : 1}, {""species"" : ""Nassau Grouper"", ""count"" : 1}]"
900,"2024-05-27",2,"Shark Bait","Aaron","Tent Reef",23,28,"[{""species"" : ""Nurse Shark"", ""count"" : 1}, {""species"" : ""Yellowfin Grouper"", ""count"" : 1}]"
902,"2024-05-28",2,"Shark Bait","Aaron","Tent Boulders",24,28,"[{""species"" : ""Yellowfin Grouper"", ""count"" : 2}, {""species"" : ""Lettuce Sea Slug"", ""count"" : 12}, {""species"" : ""Caribbean Reef Shark"", ""count"" : 5}, {""species"" : ""Green Turtle"", ""count"" : 2}]"
903,"2024-05-29",1,"Shark Bait","Caroline","Outer Limits",33,27,"[{""species"" : ""Caribbean Reef Shark"", ""count"" : 4}]"
904,"2024-05-29",3,"Shark Bait","Caroline","Tent Reef Wall",27,27,"[{""species"" : ""Caribbean Reef Shark"", ""count"" : 4}]"
907,"2024-05-30",2,"Shark Bait","Otto","Man of War Shoals",21,28,"[{""species"" : ""Lettuce Sea Slug"", ""count"" : 5}, {""species"" : ""Green Turtle"", ""count"" : 2}, {""species"" : ""Yellowfin Grouper"", ""count"" : 3}, {""species"" : ""Lionfish Dead"", ""count"" : 1}]"
905,"2024-05-30",3,"Shark Bait","Robins","Babylon",18,28,"[{""species"" : ""Nurse Shark"", ""count"" : 2}, {""species"" : ""Caribbean Reef Shark"", ""count"" : 1}, {""species"" : ""Nassau Grouper"", ""count"" : 7}, {""species"" : ""Yellowfin Grouper"", ""count"" : 8}]"
906,"2024-05-30",1,"Shark Bait","Otto","Customs House",23,28,"[{""species"" : ""Green Turtle"", ""count"" : 4}, {""species"" : ""Leech Head Shield Slug"", ""count"" : 5}, {""species"" : ""Southern Stingray"", ""count"" : 4}, {""species"" : ""Caribbean Reef Shark"", ""count"" : 1}]"
908,"2024-05-31",1,"Shark Bait","Robins","Outer Limits",32,28,"[{""species"" : ""Yellowfin Grouper"", ""count"" : 7}, {""species"" : ""Caribbean Reef Shark"", ""count"" : 3}, {""species"" : ""Nurse Shark"", ""count"" : 1}, {""species"" : ""Nassau Grouper"", ""count"" : 8}, {""species"" : ""Lionfish Alive"", ""count"" : 1}]"
909,"2024-05-31",2,"Shark Bait","Otto","Green Island",15,28,"[{""species"" : ""Caribbean Reef Shark"", ""count"" : 1}, {""species"" : ""Nurse Shark"", ""count"" : 1}]"
910,"2024-06-03",2,"Shark Bait","Aaron","Third Encounter",34,29,"[{""species"" : ""Nurse Shark"", ""count"" : 2}, {""species"" : ""Hawksbill Turtle"", ""count"" : 1}, {""species"" : ""Caribbean Reef Shark"", ""count"" : 2}, {""species"" : ""Yellowfin Grouper"", ""count"" : 1}]"
911,"2024-06-04",2,"Shark Bait","Aaron","50 50",26,29,"[{""species"" : ""Caribbean Reef Shark"", ""count"" : 1}, {""species"" : ""Green Turtle"", ""count"" : 6}, {""species"" : ""Nurse Shark"", ""count"" : 2}]"
914,"2024-06-04",2,"Shark Bait","Robins","Man of War Shoals",20,29,"[{""species"" : ""Nassau Grouper"", ""count"" : 8}, {""species"" : ""Green Turtle"", ""count"" : 3}, {""species"" : ""Caribbean Reef Shark"", ""count"" : 3}, {""species"" : ""Southern Stingray"", ""count"" : 4}, {""species"" : ""Yellowfin Grouper"", ""count"" : 10}]"
913,"2024-06-05",3,"Shark Bait","Robins","Green Island",5,-2,"[{""species"" : ""Nassau Grouper"", ""count"" : 7}, {""species"" : ""Green Turtle"", ""count"" : 1}, {""species"" : ""Yellowfin Grouper"", ""count"" : 9}]"
912,"2024-06-05",1,"Shark Bait","Robins","Customs House",23,29,"[{""species"" : ""Lettuce Sea Slug"", ""count"" : 6}, {""species"" : ""Green Turtle"", ""count"" : 8}, {""species"" : ""Caribbean Reef Shark"", ""count"" : 4}, {""species"" : ""Nurse Shark"", ""count"" : 1}, {""species"" : ""Southern Stingray"", ""count"" : 6}, {""species"" : ""Nassau Grouper"", ""count"" : 7}, {""species"" : ""Yellowfin Grouper"", ""count"" : 8}]"
915,"2024-06-06",2,"Shark Bait","Aaron","Big Rock Deep",22,28,"[{""species"" : ""Long Snout Seahorse"", ""count"" : 2}, {""species"" : ""Hawksbill Turtle"", ""count"" : 1}, {""species"" : ""Caribbean Reef Shark"", ""count"" : 2}]"
916,"2024-06-06",3,"Shark Bait","Aaron","50 50",24,28,"[{""species"" : ""Caribbean Reef Shark"", ""count"" : 2}, {""species"" : ""Nurse Shark"", ""count"" : 2}, {""species"" : ""Green Turtle"", ""count"" : 6}]"
919,"2024-06-07",2,"Shark Bait","Robins","Hot Springs",23,30,"[{""species"" : ""Nassau Grouper"", ""count"" : 8}, {""species"" : ""Lettuce Sea Slug"", ""count"" : 3}, {""species"" : ""Yellowfin Grouper"", ""count"" : 10}, {""species"" : ""Green Turtle"", ""count"" : 12}, {""species"" : ""Caribbean Reef Shark"", ""count"" : 1}, {""species"" : ""Nurse Shark"", ""count"" : 2}, {""species"" : ""Southern Stingray"", ""count"" : 3}]"
920,"2024-06-07",3,"Shark Bait","Robins","Man of War Shoals",21,29,"[{""species"" : ""Nassau Grouper"", ""count"" : 11}, {""species"" : ""Green Turtle"", ""count"" : 3}, {""species"" : ""Caribbean Reef Shark"", ""count"" : 2}, {""species"" : ""Southern Stingray"", ""count"" : 5}, {""species"" : ""Yellowfin Grouper"", ""count"" : 13}]"
917,"2024-06-09",1,"Shark Bait","Robins","Core Gut",29,29,"[{""species"" : ""Green Turtle"", ""count"" : 1}, {""species"" : ""Lionfish Alive"", ""count"" : 1}, {""species"" : ""Yellowfin Grouper"", ""count"" : 11}, {""species"" : ""Nassau Grouper"", ""count"" : 9}, {""species"" : ""Spotted Eagle Ray"", ""count"" : 1}, {""species"" : ""Southern Stingray"", ""count"" : 2}]"
918,"2024-06-09",2,"Shark Bait","Robins","Tent Shallow",24,30,"[{""species"" : ""Caribbean Reef Shark"", ""count"" : 1}, {""species"" : ""Southern Stingray"", ""count"" : 3}, {""species"" : ""Nassau Grouper"", ""count"" : 10}, {""species"" : ""Yellowfin Grouper"", ""count"" : 12}, {""species"" : ""Green Turtle"", ""count"" : 6}]"
925,"2024-06-10",2,"Fin & Tonic","Otto","Green Island",15,29,"[{""species"" : ""Green Turtle"", ""count"" : 2}, {""species"" : ""Lionfish Alive"", ""count"" : 2}, {""species"" : ""Caribbean Reef Shark"", ""count"" : 1}]"
923,"2024-06-10",3,"Shark Bait","Aaron","50 50",23,28,"[{""species"" : ""Nurse Shark"", ""count"" : 2}, {""species"" : ""Green Turtle"", ""count"" : 6}, {""species"" : ""Caribbean Reef Shark"", ""count"" : 1}]"
921,"2024-06-10",1,"Shark Bait","Vicky","Tent Reef Wall",27,29,"[{""species"" : ""Southern Stingray"", ""count"" : 1}, {""species"" : ""Green Turtle"", ""count"" : 1}, {""species"" : ""Caribbean Reef Shark"", ""count"" : 3}]"
922,"2024-06-10",2,"Fin & Tonic","Vicky","Diamond Rock",24,29,"[{""species"" : ""Caribbean Reef Shark"", ""count"" : 1}, {""species"" : ""Green Turtle"", ""count"" : 1}, {""species"" : ""Southern Stingray"", ""count"" : 2}, {""species"" : ""Yellowfin Grouper"", ""count"" : 1}]"
924,"2024-06-10",1,"Fin & Tonic","Otto","Customs House",21,29,"[{""species"" : ""Nurse Shark"", ""count"" : 1}, {""species"" : ""Lionfish Alive"", ""count"" : 1}, {""species"" : ""Magnificent Urchin"", ""count"" : 1}]"
926,"2024-06-11",1,"Shark Bait","Aaron","Hot Springs",24,28,"[{""species"" : ""Nurse Shark"", ""count"" : 2}, {""species"" : ""Green Turtle"", ""count"" : 8}]"
927,"2024-06-11",3,"Shark Bait","Aaron","Babylon",23,28,"[{""species"" : null, ""count"" : null}]"
928,"2024-06-11",1,"Shark Bait","Robins","Hot Springs",23,30,"[{""species"" : ""Lionfish Dead"", ""count"" : 1}, {""species"" : ""Longlure Frogfish"", ""count"" : 8}, {""species"" : ""Southern Stingray"", ""count"" : 3}, {""species"" : ""Nurse Shark"", ""count"" : 2}, {""species"" : ""Green Turtle"", ""count"" : 13}]"
929,"2024-06-11",2,"Shark Bait","Robins","Man of War Shoals",6,-2,"[{""species"" : ""Southern Stingray"", ""count"" : 4}, {""species"" : ""Green Turtle"", ""count"" : 4}, {""species"" : ""Caribbean Reef Shark"", ""count"" : 1}, {""species"" : ""Nassau Grouper"", ""count"" : 10}, {""species"" : ""Yellowfin Grouper"", ""count"" : 13}, {""species"" : ""Longlure Frogfish"", ""count"" : 9}]"
932,"2024-06-12",1,"Shark Bait","Vicky","Third Encounter",31,29,"[{""species"" : ""Nurse Shark"", ""count"" : 3}, {""species"" : ""Lionfish Alive"", ""count"" : 1}, {""species"" : ""Caribbean Reef Shark"", ""count"" : 1}, {""species"" : ""Tiger Grouper"", ""count"" : 1}]"
930,"2024-06-12",1,"Shark Bait","Aaron","Third Encounter",34,29,"[{""species"" : ""Lionfish Alive"", ""count"" : 1}, {""species"" : ""Caribbean Reef Shark"", ""count"" : 1}, {""species"" : ""Nurse Shark"", ""count"" : 1}, {""species"" : ""Yellowfin Grouper"", ""count"" : 2}]"
931,"2024-06-12",3,"Shark Bait","Aaron","Hot Springs",23,29,"[{""species"" : ""Roughtail Stingray"", ""count"" : 2}, {""species"" : ""Nurse Shark"", ""count"" : 2}, {""species"" : ""Southern Stingray"", ""count"" : 4}, {""species"" : ""Green Turtle"", ""count"" : 8}, {""species"" : ""Caribbean Reef Shark"", ""count"" : 1}]"
939,"2024-06-13",1,"Shark Bait","Otto","Customs House",27,29,"[{""species"" : ""Southern Stingray"", ""count"" : 3}, {""species"" : ""Lionfish Dead"", ""count"" : 3}, {""species"" : ""Caribbean Reef Shark"", ""count"" : 1}, {""species"" : ""Nurse Shark"", ""count"" : 1}]"
940,"2024-06-13",2,"Shark Bait","Otto","Man of War Shoals",21,29,"[{""species"" : null, ""count"" : null}]"
941,"2024-06-13",3,"Shark Bait","Otto","50 50",23,29,"[{""species"" : ""Green Turtle"", ""count"" : 4}, {""species"" : ""Caribbean Reef Shark"", ""count"" : 2}, {""species"" : ""Nurse Shark"", ""count"" : 2}]"
934,"2024-06-13",2,"Shark Bait","Aaron","Man of War Shoals",22,29,"[{""species"" : ""Yellowfin Grouper"", ""count"" : 4}, {""species"" : ""Green Turtle"", ""count"" : 2}]"
935,"2024-06-13",3,"Shark Bait","Aaron","50 50",24,29,"[{""species"" : ""Green Turtle"", ""count"" : 4}, {""species"" : ""Caribbean Reef Shark"", ""count"" : 2}, {""species"" : ""Nurse Shark"", ""count"" : 2}]"
933,"2024-06-13",1,"Shark Bait","Aaron","Customs House",30,29,"[{""species"" : ""Caribbean Reef Shark"", ""count"" : 2}, {""species"" : ""Lionfish Dead"", ""count"" : 2}, {""species"" : ""Green Turtle"", ""count"" : 2}, {""species"" : ""Nurse Shark"", ""count"" : 1}]"
936,"2024-06-14",1,"Shark Bait","Otto","Tedran Wall",29,29,"[{""species"" : ""Lionfish Dead"", ""count"" : 4}, {""species"" : ""Caribbean Reef Shark"", ""count"" : 2}, {""species"" : ""Nurse Shark"", ""count"" : 1}, {""species"" : ""Southern Stingray"", ""count"" : 3}, {""species"" : ""Green Turtle"", ""count"" : 1}]"
937,"2024-06-14",2,"Shark Bait","Otto","Big Rock Deep",23,29,"[{""species"" : null, ""count"" : null}]"
938,"2024-06-14",3,"Shark Bait","Otto","Otto Zone",21,29,"[{""species"" : ""Nurse Shark"", ""count"" : 3}, {""species"" : ""Green Turtle"", ""count"" : 1}]"
942,"2024-06-15",1,"Shark Bait","Otto","Shark Shoals",34,29,"[{""species"" : ""Caribbean Reef Shark"", ""count"" : 2}]"
943,"2024-06-15",2,"Shark Bait","Otto","Tent Deep",24,28,"[{""species"" : ""Green Turtle"", ""count"" : 2}, {""species"" : ""Caribbean Reef Shark"", ""count"" : 2}, {""species"" : ""Nurse Shark"", ""count"" : 2}]"
944,"2024-06-15",3,"Shark Bait","Otto","Abraham's Hole",23,29,"[{""species"" : ""Caribbean Reef Shark"", ""count"" : 2}]"
945,"2024-06-16",1,"Shark Bait","Vicky","50 50",24,29,"[{""species"" : ""Southern Stingray"", ""count"" : 3}, {""species"" : ""Green Turtle"", ""count"" : 7}, {""species"" : ""Nurse Shark"", ""count"" : 2}, {""species"" : ""Leech Head Shield Slug"", ""count"" : 3}]"
946,"2024-06-16",2,"Shark Bait","Vicky","Man of War Shoals",22,29,"[{""species"" : ""Southern Stingray"", ""count"" : 2}, {""species"" : ""Lettuce Sea Slug"", ""count"" : 1}]"
951,"2024-06-17",1,"Shark Bait","Robins","50 50",23,31,"[{""species"" : ""Yellowfin Grouper"", ""count"" : 10}, {""species"" : ""Green Turtle"", ""count"" : 13}, {""species"" : ""Caribbean Reef Shark"", ""count"" : 1}, {""species"" : ""Nurse Shark"", ""count"" : 2}, {""species"" : ""Southern Stingray"", ""count"" : 6}, {""species"" : ""Nassau Grouper"", ""count"" : 8}]"
953,"2024-06-17",3,"Shark Bait","Robins","Tent Reef",23,31,"[{""species"" : ""Green Turtle"", ""count"" : 10}, {""species"" : ""Longlure Frogfish"", ""count"" : 10}, {""species"" : ""Lettuce Sea Slug"", ""count"" : 6}, {""species"" : ""Yellowfin Grouper"", ""count"" : 8}, {""species"" : ""Nassau Grouper"", ""count"" : 10}, {""species"" : ""Southern Stingray"", ""count"" : 6}, {""species"" : ""Nurse Shark"", ""count"" : 2}, {""species"" : ""Caribbean Reef Shark"", ""count"" : 1}]"
947,"2024-06-17",1,"Shark Bait","Aaron","Customs House",27,29,"[{""species"" : ""Southern Stingray"", ""count"" : 1}, {""species"" : ""Green Turtle"", ""count"" : 3}, {""species"" : ""Nurse Shark"", ""count"" : 1}, {""species"" : ""Lionfish Alive"", ""count"" : 3}]"
948,"2024-06-17",2,"Shark Bait","Aaron","Big Rock Deep",22,29,"[{""species"" : ""Long Snout Seahorse"", ""count"" : 2}, {""species"" : ""Nurse Shark"", ""count"" : 1}, {""species"" : ""Lionfish Dead"", ""count"" : 1}]"
952,"2024-06-17",2,"Shark Bait","Robins","Big Rock Deep",22,30,"[{""species"" : ""Green Turtle"", ""count"" : 3}, {""species"" : ""Yellowfin Grouper"", ""count"" : 14}, {""species"" : ""Nassau Grouper"", ""count"" : 13}]"
950,"2024-06-18",1,"Shark Bait","Robins","Diamond Rock",26,29,"[{""species"" : ""Nassau Grouper"", ""count"" : 9}, {""species"" : ""Green Turtle"", ""count"" : 5}, {""species"" : ""Yellowfin Grouper"", ""count"" : 8}]"
949,"2024-06-18",3,"Fin & Tonic","Bart","Tent Reef Wall",22,27,"[{""species"" : ""Nurse Shark"", ""count"" : 3}, {""species"" : ""Green Turtle"", ""count"" : 4}, {""species"" : ""Hawksbill Turtle"", ""count"" : 1}, {""species"" : ""Flamingo Tongue"", ""count"" : 1}]"
955,"2024-06-18",1,"Shark Bait","Otto","Diamond Rock",24,29,"[{""species"" : null, ""count"" : null}]"
956,"2024-06-18",2,"Shark Bait","Otto","Abraham's Hole",23,28,"[{""species"" : null, ""count"" : null}]"
957,"2024-06-18",3,"Shark Bait","Otto","Hot Springs",23,29,"[{""species"" : ""Yellowfin Grouper"", ""count"" : 1}, {""species"" : ""Green Turtle"", ""count"" : 7}, {""species"" : ""Hawksbill Turtle"", ""count"" : 1}, {""species"" : ""Nurse Shark"", ""count"" : 1}]"
960,"2024-06-19",2,"Shark Bait","Robins","Ladder Labyrinth",21,30,"[{""species"" : ""Green Turtle"", ""count"" : 8}, {""species"" : ""Caribbean Reef Shark"", ""count"" : 1}, {""species"" : ""Nurse Shark"", ""count"" : 3}, {""species"" : ""Spotted Eagle Ray"", ""count"" : 2}, {""species"" : ""Nassau Grouper"", ""count"" : 8}, {""species"" : ""Yellowfin Grouper"", ""count"" : 10}, {""species"" : ""Longlure Frogfish"", ""count"" : 6}]"
954,"2024-06-19",2,"Fin & Tonic","Bart","Hot Springs",18,27,"[{""species"" : ""Southern Stingray"", ""count"" : 3}, {""species"" : ""Flamingo Tongue"", ""count"" : 2}, {""species"" : ""Nurse Shark"", ""count"" : 2}, {""species"" : ""Green Turtle"", ""count"" : 3}]"
958,"2024-06-19",1,"Shark Bait","Otto","Babylon",27,29,"[{""species"" : ""Southern Stingray"", ""count"" : 2}, {""species"" : ""Nurse Shark"", ""count"" : 1}]"
959,"2024-06-19",2,"Shark Bait","Otto","Ladder Labyrinth",23,29,"[{""species"" : ""Nurse Shark"", ""count"" : 1}]"
964,"2024-06-20",2,"Fin & Tonic","Bart","Tent Boulders",21,29,"[{""species"" : ""Longlure Frogfish"", ""count"" : 1}, {""species"" : ""Green Turtle"", ""count"" : 4}]"
969,"2024-06-20",1,"Shark Bait","Otto","Tedran Wall",34,29,"[{""species"" : ""Green Turtle"", ""count"" : 2}]"
970,"2024-06-20",3,"Shark Bait","Otto","Tent Shallow",23,29,"[{""species"" : ""Green Turtle"", ""count"" : 4}, {""species"" : ""Southern Stingray"", ""count"" : 4}]"
961,"2024-06-20",1,"Fin & Tonic","Lenny","Customs House",24,27,"[{""species"" : ""Green Turtle"", ""count"" : 4}, {""species"" : ""Caribbean Reef Shark"", ""count"" : 1}, {""species"" : ""Southern Stingray"", ""count"" : 6}, {""species"" : ""Tiger Grouper"", ""count"" : 1}, {""species"" : ""Lettuce Sea Slug"", ""count"" : 5}, {""species"" : ""Leech Head Shield Slug"", ""count"" : 2}, {""species"" : ""Lionfish Alive"", ""count"" : 1}]"
962,"2024-06-20",2,"Fin & Tonic","Lenny","Tent Boulders",21,27,"[{""species"" : ""Green Turtle"", ""count"" : 3}, {""species"" : ""Hawksbill Turtle"", ""count"" : 1}, {""species"" : ""Southern Stingray"", ""count"" : 2}, {""species"" : ""Tiger Grouper"", ""count"" : 3}, {""species"" : ""Lettuce Sea Slug"", ""count"" : 8}, {""species"" : ""Longlure Frogfish"", ""count"" : 1}]"
963,"2024-06-20",1,"Fin & Tonic","Bart","Customs House",24,29,"[{""species"" : ""Southern Stingray"", ""count"" : 2}, {""species"" : ""Green Turtle"", ""count"" : 2}, {""species"" : ""Flamingo Tongue"", ""count"" : 1}]"
968,"2024-06-21",4,"Fin & Tonic","Otto","Hole in the Corner",21,29,"[{""species"" : null, ""count"" : null}]"
967,"2024-06-21",2,"Fin & Tonic","Otto","Tedran Wall",29,29,"[{""species"" : null, ""count"" : null}]"
965,"2024-06-22",1,"Fin & Tonic","Otto","Twilight Zone",32,29,"[{""species"" : ""Yellowfin Grouper"", ""count"" : 1}, {""species"" : ""Caribbean Reef Shark"", ""count"" : 2}, {""species"" : ""Hawksbill Turtle"", ""count"" : 1}]"
966,"2024-06-22",2,"Shark Bait","Otto","Green Island",16,29,"[{""species"" : ""Green Turtle"", ""count"" : 3}]"
971,"2024-06-23",1,"Fin & Tonic","Bart","Core Gut",24,27,"[{""species"" : ""Lettuce Sea Slug"", ""count"" : 2}, {""species"" : ""Flamingo Tongue"", ""count"" : 1}, {""species"" : ""Caribbean Reef Shark"", ""count"" : 1}, {""species"" : ""Southern Stingray"", ""count"" : 1}]"
972,"2024-06-23",2,"Fin & Tonic","Bart","Big Rock Market",18,29,"[{""species"" : ""Lettuce Sea Slug"", ""count"" : 2}, {""species"" : ""Long Snout Seahorse"", ""count"" : 3}]"
973,"2024-06-23",1,"Shark Bait","Otto","Customs House",27,29,"[{""species"" : null, ""count"" : null}]"
974,"2024-06-23",2,"Shark Bait","Josef","Green Island",18,28,"[{""species"" : ""Nurse Shark"", ""count"" : 1}, {""species"" : ""Lionfish Alive"", ""count"" : 1}, {""species"" : ""Green Turtle"", ""count"" : 1}]"
975,"2024-06-23",1,"Shark Bait","Robins","Customs House",23,30,"[{""species"" : ""Green Turtle"", ""count"" : 4}, {""species"" : ""Caribbean Reef Shark"", ""count"" : 1}, {""species"" : ""Yellowfin Grouper"", ""count"" : 8}]"
977,"2024-06-24",3,"Shark Bait","Chad","50 50",18,29,"[{""species"" : ""Nurse Shark"", ""count"" : 3}, {""species"" : ""Green Turtle"", ""count"" : 5}]"
978,"2024-06-24",4,"Shark Bait","Chad","Green Island",18,29,"[{""species"" : ""Lettuce Sea Slug"", ""count"" : 3}, {""species"" : ""Lionfish Alive"", ""count"" : 1}, {""species"" : ""Blacktip Reef Shark"", ""count"" : 1}]"
976,"2024-06-25",2,"Shark Bait","Chad","Torrens Point",20,29,"[{""species"" : ""Southern Stingray"", ""count"" : 3}, {""species"" : ""Green Turtle"", ""count"" : 2}, {""species"" : ""Caribbean Reef Shark"", ""count"" : 1}, {""species"" : ""Lionfish Dead"", ""count"" : 1}]"
979,"2024-06-26",2,"Shark Bait","Bart","Man of War Shoals",21,29,"[{""species"" : ""Caribbean Reef Shark"", ""count"" : 1}, {""species"" : ""Southern Stingray"", ""count"" : 2}, {""species"" : ""Yellowfin Grouper"", ""count"" : 1}, {""species"" : ""Green Turtle"", ""count"" : 1}]"
983,"2024-06-26",1,"Shark Bait","Robins","Hot Springs",24,30,"[{""species"" : ""Yellowfin Grouper"", ""count"" : 10}, {""species"" : ""Green Turtle"", ""count"" : 14}, {""species"" : ""Nurse Shark"", ""count"" : 3}, {""species"" : ""Southern Stingray"", ""count"" : 6}, {""species"" : ""Nassau Grouper"", ""count"" : 8}]"
984,"2024-06-26",3,"Shark Bait","Robins","Green Island",18,30,"[{""species"" : ""Lionfish Alive"", ""count"" : 1}, {""species"" : ""Green Turtle"", ""count"" : 4}, {""species"" : ""Southern Stingray"", ""count"" : 2}, {""species"" : ""Yellowfin Grouper"", ""count"" : 13}]"
981,"2024-06-27",3,"Shark Bait","Bart","Rays and Anchors",13,29,"[{""species"" : ""Southern Stingray"", ""count"" : 3}, {""species"" : ""Green Turtle"", ""count"" : 4}, {""species"" : ""Nurse Shark"", ""count"" : 1}]"
980,"2024-06-27",1,"Shark Bait","Bart","Diamond Rock",23,29,"[{""species"" : ""Southern Stingray"", ""count"" : 2}]"
982,"2024-06-27",2,"Shark Bait","Robins","Hot Springs",24,27,"[{""species"" : ""Nurse Shark"", ""count"" : 2}, {""species"" : ""Green Turtle"", ""count"" : 10}, {""species"" : ""Southern Stingray"", ""count"" : 4}, {""species"" : ""Yellowfin Grouper"", ""count"" : 10}, {""species"" : ""Tiger Grouper"", ""count"" : 8}]"
986,"2024-06-28",2,"Shark Bait","Otto","Tent Drift",20,29,"[{""species"" : null, ""count"" : null}]"
985,"2024-06-28",1,"Shark Bait","Otto","Customs House",27,29,"[{""species"" : null, ""count"" : null}]"
987,"2024-06-28",3,"Shark Bait","Otto","Man of War Shoals",22,28,"[{""species"" : null, ""count"" : null}]"
988,"2024-07-06",1,"Shark Bait","Vicky","Customs House",30,29,"[{""species"" : ""Caribbean Reef Shark"", ""count"" : 1}, {""species"" : ""Nurse Shark"", ""count"" : 1}, {""species"" : ""Green Turtle"", ""count"" : 1}, {""species"" : ""Southern Stingray"", ""count"" : 5}, {""species"" : ""Lettuce Sea Slug"", ""count"" : 1}, {""species"" : ""Leech Head Shield Slug"", ""count"" : 4}]"
989,"2024-07-06",2,"Shark Bait","Vicky","Tent Shallow",27,29,"[{""species"" : ""Green Turtle"", ""count"" : 2}, {""species"" : ""Hawksbill Turtle"", ""count"" : 1}, {""species"" : ""Caribbean Reef Shark"", ""count"" : 1}, {""species"" : ""Flamingo Tongue"", ""count"" : 1}]"
990,"2024-07-11",1,"Fin & Tonic","Robins","Hot Springs",22,30,"[{""species"" : ""Green Turtle"", ""count"" : 9}, {""species"" : ""Nurse Shark"", ""count"" : 1}, {""species"" : ""Southern Stingray"", ""count"" : 3}, {""species"" : ""Yellowfin Grouper"", ""count"" : 6}]"
991,"2024-07-11",2,"Fin & Tonic","Robins","Tent Shallow",22,30,"[{""species"" : ""Green Turtle"", ""count"" : 10}, {""species"" : ""Nassau Grouper"", ""count"" : 6}, {""species"" : ""Yellowfin Grouper"", ""count"" : 10}, {""species"" : ""Lettuce Sea Slug"", ""count"" : 3}]"
994,"2024-07-13",3,"Fin & Tonic","Robins","Tent Shallow",23,30,"[{""species"" : ""Green Turtle"", ""count"" : 8}, {""species"" : ""Caribbean Reef Shark"", ""count"" : 1}, {""species"" : ""Nurse Shark"", ""count"" : 2}, {""species"" : ""Southern Stingray"", ""count"" : 10}, {""species"" : ""Nassau Grouper"", ""count"" : 9}, {""species"" : ""Yellowfin Grouper"", ""count"" : 8}]"
993,"2024-07-13",2,"Fin & Tonic","Robins","Ladder Drift",23,30,"[{""species"" : ""Nassau Grouper"", ""count"" : 12}, {""species"" : ""Yellowfin Grouper"", ""count"" : 15}, {""species"" : ""Southern Stingray"", ""count"" : 7}, {""species"" : ""Nurse Shark"", ""count"" : 3}, {""species"" : ""Green Turtle"", ""count"" : 10}]"
996,"2024-07-14",2,"Fin & Tonic","Vicky","Tent Reef",22,29,"[{""species"" : ""Hawksbill Turtle"", ""count"" : 1}, {""species"" : ""Caribbean Reef Shark"", ""count"" : 2}, {""species"" : ""Nurse Shark"", ""count"" : 2}, {""species"" : ""Southern Stingray"", ""count"" : 2}, {""species"" : ""Lettuce Sea Slug"", ""count"" : 1}]"
992,"2024-07-14",3,"Fin & Tonic","Robins","Torrens Point",14,30,"[{""species"" : ""Green Turtle"", ""count"" : 2}, {""species"" : ""Southern Stingray"", ""count"" : 6}, {""species"" : ""Nassau Grouper"", ""count"" : 8}, {""species"" : ""Yellowfin Grouper"", ""count"" : 9}]"
995,"2024-07-14",1,"Fin & Tonic","Vicky","Customs House",28,29,"[{""species"" : ""Green Turtle"", ""count"" : 2}, {""species"" : ""Nurse Shark"", ""count"" : 1}, {""species"" : ""Southern Stingray"", ""count"" : 2}, {""species"" : ""Lionfish Alive"", ""count"" : 2}]"
999,"2024-07-14",2,"Fin & Tonic","Robins","Tent Reef",23,30,"[{""species"" : ""Green Turtle"", ""count"" : 9}, {""species"" : ""Caribbean Reef Shark"", ""count"" : 3}, {""species"" : ""Nurse Shark"", ""count"" : 2}, {""species"" : ""Southern Stingray"", ""count"" : 6}, {""species"" : ""Nassau Grouper"", ""count"" : 8}, {""species"" : ""Yellowfin Grouper"", ""count"" : 12}]"
1007,"2024-07-14",3,"Shark Bait","Josef","Ladder Labyrinth",22,27,"[{""species"" : null, ""count"" : null}]"
1006,"2024-07-15",1,"Shark Bait","Josef","Man of War Shoals",22,27,"[{""species"" : null, ""count"" : null}]"
1000,"2024-07-15",1,"Fin & Tonic","Robins","David's Drop-off Deep",29,30,"[{""species"" : ""Green Turtle"", ""count"" : 3}, {""species"" : ""Nurse Shark"", ""count"" : 2}, {""species"" : ""Nassau Grouper"", ""count"" : 7}, {""species"" : ""Yellowfin Grouper"", ""count"" : 8}]"
1001,"2024-07-15",3,"Fin & Tonic","Robins","Tent Shallow",23,30,"[{""species"" : ""Southern Stingray"", ""count"" : 10}, {""species"" : ""Green Turtle"", ""count"" : 5}, {""species"" : ""Nassau Grouper"", ""count"" : 8}, {""species"" : ""Yellowfin Grouper"", ""count"" : 13}, {""species"" : ""Lettuce Sea Slug"", ""count"" : 3}]"
997,"2024-07-15",1,"Fin & Tonic","Vicky","David's Drop-off Deep",30,29,"[{""species"" : ""Caribbean Reef Shark"", ""count"" : 1}, {""species"" : ""Nurse Shark"", ""count"" : 1}, {""species"" : ""Lettuce Sea Slug"", ""count"" : 1}, {""species"" : ""Flamingo Tongue"", ""count"" : 4}]"
998,"2024-07-15",2,"Fin & Tonic","Vicky","Big Rock Deep",22,29,"[{""species"" : ""Flamingo Tongue"", ""count"" : 2}, {""species"" : ""Long Snout Seahorse"", ""count"" : 2}]"
1005,"2024-07-16",2,"Shark Bait","Josef","Tent Shallow",23,27,"[{""species"" : ""Longspine Sea Urchin"", ""count"" : 2}, {""species"" : ""Blacktip Reef Shark"", ""count"" : 1}, {""species"" : ""Green Turtle"", ""count"" : 2}, {""species"" : ""Lionfish Alive"", ""count"" : 1}, {""species"" : ""Red-tipped Sea Goddess"", ""count"" : 1}]"
1002,"2024-07-16",1,"Fin & Tonic","Vicky","Twilight Zone",31,29,"[{""species"" : ""Hawksbill Turtle"", ""count"" : 1}, {""species"" : ""Nurse Shark"", ""count"" : 1}]"
1003,"2024-07-16",2,"Fin & Tonic","Vicky","Man of War Shoals",22,29,"[{""species"" : ""Green Turtle"", ""count"" : 1}, {""species"" : ""Southern Stingray"", ""count"" : 2}, {""species"" : ""Flamingo Tongue"", ""count"" : 2}, {""species"" : ""Lettuce Sea Slug"", ""count"" : 1}]"
1004,"2024-07-16",1,"Shark Bait","Josef","Customs House",29,27,"[{""species"" : ""Lionfish Alive"", ""count"" : 1}, {""species"" : ""Southern Stingray"", ""count"" : 1}, {""species"" : ""Roughtail Stingray"", ""count"" : 1}, {""species"" : ""Caribbean Reef Shark"", ""count"" : 1}, {""species"" : ""Green Turtle"", ""count"" : 2}, {""species"" : ""Leech Head Shield Slug"", ""count"" : 7}, {""species"" : ""Lettuce Sea Slug"", ""count"" : 1}, {""species"" : ""Tiger Grouper"", ""count"" : 1}]"
1008,"2024-07-16",1,"Fin & Tonic","Robins","Twilight Zone",33,29,"[{""species"" : ""Green Turtle"", ""count"" : 1}, {""species"" : ""Nassau Grouper"", ""count"" : 5}, {""species"" : ""Yellowfin Grouper"", ""count"" : 8}]"
1009,"2024-07-16",3,"Fin & Tonic","Robins","Hot Springs",18,30,"[{""species"" : ""Green Turtle"", ""count"" : 8}, {""species"" : ""Nurse Shark"", ""count"" : 1}, {""species"" : ""Southern Stingray"", ""count"" : 4}, {""species"" : ""Nassau Grouper"", ""count"" : 8}, {""species"" : ""Yellowfin Grouper"", ""count"" : 9}]"
1011,"2024-07-17",2,"Fin & Tonic","Vicky","Tent Shallow",22,29,"[{""species"" : ""Green Turtle"", ""count"" : 2}, {""species"" : ""Lionfish Alive"", ""count"" : 1}, {""species"" : ""Flamingo Tongue"", ""count"" : 2}, {""species"" : ""Southern Stingray"", ""count"" : 3}, {""species"" : ""Caribbean Reef Shark"", ""count"" : 1}]"
1012,"2024-07-17",2,"Fin & Tonic","Aaron ","Tent Shallow",24,29,"[{""species"" : ""Green Turtle"", ""count"" : 2}, {""species"" : ""Caribbean Reef Shark"", ""count"" : 2}, {""species"" : ""Southern Stingray"", ""count"" : 2}, {""species"" : ""Yellowfin Grouper"", ""count"" : 2}]"
1010,"2024-07-17",1,"Fin & Tonic","Vicky","Diamond Rock",26,29,"[{""species"" : ""Tiger Grouper"", ""count"" : 1}, {""species"" : ""Southern Stingray"", ""count"" : 2}, {""species"" : ""Caribbean Reef Shark"", ""count"" : 1}, {""species"" : ""Green Turtle"", ""count"" : 2}, {""species"" : ""Yellowfin Grouper"", ""count"" : 1}]"
1015,"2024-07-17",1,"Fin & Tonic","Robins","Diamond Rock",26,27,"[{""species"" : ""Green Turtle"", ""count"" : 4}, {""species"" : ""Southern Stingray"", ""count"" : 8}, {""species"" : ""Nassau Grouper"", ""count"" : 8}, {""species"" : ""Yellowfin Grouper"", ""count"" : 12}, {""species"" : ""Tiger Grouper"", ""count"" : 6}]"
1016,"2024-07-17",3,"Fin & Tonic","Robins","Tent Shallow",23,30,"[{""species"" : ""Green Turtle"", ""count"" : 8}, {""species"" : ""Caribbean Reef Shark"", ""count"" : 1}, {""species"" : ""Nurse Shark"", ""count"" : 3}, {""species"" : ""Southern Stingray"", ""count"" : 9}, {""species"" : ""Nassau Grouper"", ""count"" : 7}, {""species"" : ""Yellowfin Grouper"", ""count"" : 10}]"
1018,"2024-07-18",3,"Fin & Tonic","Robins","Ladder Labyrinth",21,30,"[{""species"" : ""Yellowfin Grouper"", ""count"" : 10}, {""species"" : ""Green Turtle"", ""count"" : 12}, {""species"" : ""Nurse Shark"", ""count"" : 1}, {""species"" : ""Southern Stingray"", ""count"" : 8}, {""species"" : ""Nassau Grouper"", ""count"" : 12}]"
1017,"2024-07-18",1,"Fin & Tonic","Robins","Third Encounter",32,29,"[{""species"" : ""Green Turtle"", ""count"" : 2}, {""species"" : ""Caribbean Reef Shark"", ""count"" : 1}, {""species"" : ""Nurse Shark"", ""count"" : 1}, {""species"" : ""Yellowfin Grouper"", ""count"" : 7}]"
1013,"2024-07-18",1,"Fin & Tonic","Vicky","Third Encounter",32,29,"[{""species"" : ""Caribbean Reef Shark"", ""count"" : 2}, {""species"" : ""Tiger Grouper"", ""count"" : 1}]"
1014,"2024-07-18",2,"Fin & Tonic","Vicky","Tent Deep",22,29,"[{""species"" : ""Green Turtle"", ""count"" : 3}, {""species"" : ""Nurse Shark"", ""count"" : 1}, {""species"" : ""Yellowfin Grouper"", ""count"" : 1}, {""species"" : ""Lionfish Alive"", ""count"" : 1}]"
1019,"2024-07-19",1,"Fin & Tonic","Bart","Customs House",24,29,"[{""species"" : ""Green Turtle"", ""count"" : 1}, {""species"" : ""Flamingo Tongue"", ""count"" : 3}, {""species"" : ""Southern Stingray"", ""count"" : 4}, {""species"" : ""Caribbean Reef Shark"", ""count"" : 1}]"
1020,"2024-07-19",2,"Fin & Tonic","Bart","Ladder Drift",21,28,"[{""species"" : ""Southern Stingray"", ""count"" : 2}, {""species"" : ""Nurse Shark"", ""count"" : 2}, {""species"" : ""Green Turtle"", ""count"" : 4}]"
1021,"2024-07-20",1,"Fin & Tonic","Bart","Man of War Shoals",21,28,"[{""species"" : ""Green Turtle"", ""count"" : 2}, {""species"" : ""Tiger Grouper"", ""count"" : 2}, {""species"" : ""Southern Stingray"", ""count"" : 3}, {""species"" : ""Nurse Shark"", ""count"" : 1}, {""species"" : ""Blacktip Reef Shark"", ""count"" : 1}]"
1022,"2024-07-21",1,"Fin & Tonic","Bart","Hot Springs",18,28,"[{""species"" : ""Southern Stingray"", ""count"" : 4}, {""species"" : ""Nurse Shark"", ""count"" : 4}, {""species"" : ""Green Turtle"", ""count"" : 6}, {""species"" : ""Tiger Grouper"", ""count"" : 2}]"
1023,"2024-07-21",2,"Fin & Tonic","Bart","Tent Reef Wall",23,28,"[{""species"" : ""Lionfish Alive"", ""count"" : 1}, {""species"" : ""Caribbean Reef Shark"", ""count"" : 1}, {""species"" : ""Green Turtle"", ""count"" : 2}, {""species"" : ""Southern Stingray"", ""count"" : 2}]"
1024,"2024-07-22",2,"Fin & Tonic","Bart","Man of War Shoals",21,28,"[{""species"" : ""Southern Stingray"", ""count"" : 2}, {""species"" : ""Caribbean Reef Shark"", ""count"" : 1}, {""species"" : ""Green Turtle"", ""count"" : 2}, {""species"" : ""Tiger Grouper"", ""count"" : 4}]"
1025,"2024-07-27",1,"Shark Bait","Bart","Man of War Shoals",21,28,"[{""species"" : ""Tiger Grouper"", ""count"" : 2}, {""species"" : ""Caribbean Reef Shark"", ""count"" : 1}, {""species"" : ""Green Turtle"", ""count"" : 2}]"
1029,"2024-07-27",2,"Shark Bait","Robins","Hot Springs",23,30,"[{""species"" : ""Yellowfin Grouper"", ""count"" : 10}, {""species"" : ""Nurse Shark"", ""count"" : 2}, {""species"" : ""Green Turtle"", ""count"" : 15}, {""species"" : ""Nassau Grouper"", ""count"" : 8}, {""species"" : ""Southern Stingray"", ""count"" : 10}]"
1026,"2024-07-28",2,"Shark Bait","Bart","Man of War Shoals",21,28,"[{""species"" : ""Tiger Grouper"", ""count"" : 3}, {""species"" : ""Southern Stingray"", ""count"" : 2}, {""species"" : ""Green Turtle"", ""count"" : 6}]"
1027,"2024-07-29",1,"Shark Bait","Robins","Ladder Labyrinth",24,29,"[{""species"" : ""Southern Stingray"", ""count"" : 10}, {""species"" : ""Green Turtle"", ""count"" : 18}, {""species"" : ""Caribbean Reef Shark"", ""count"" : 1}, {""species"" : ""Nurse Shark"", ""count"" : 1}, {""species"" : ""Nassau Grouper"", ""count"" : 14}, {""species"" : ""Yellowfin Grouper"", ""count"" : 17}]"
1028,"2024-07-29",3,"Shark Bait","Robins","Man of War Shoals",21,29,"[{""species"" : ""Yellowfin Grouper"", ""count"" : 10}, {""species"" : ""Nassau Grouper"", ""count"" : 8}, {""species"" : ""Green Turtle"", ""count"" : 4}]"
1030,"2024-08-02",2,"Shark Bait","Caroline","Hot Springs",17,27,"[{""species"" : null, ""count"" : null}]"
1031,"2024-08-02",1,"Shark Bait","Bart","Man of War Shoals",21,28,"[{""species"" : ""Tiger Grouper"", ""count"" : 2}, {""species"" : ""Green Turtle"", ""count"" : 2}, {""species"" : ""Southern Stingray"", ""count"" : 2}]"
1032,"2024-08-02",3,"Shark Bait","Bart","Torrens Point",15,28,"[{""species"" : ""Lettuce Sea Slug"", ""count"" : 3}, {""species"" : ""Flamingo Tongue"", ""count"" : 4}, {""species"" : ""Southern Stingray"", ""count"" : 2}, {""species"" : ""Tiger Grouper"", ""count"" : 2}]"
1033,"2024-08-03",1,"Shark Bait","Bart","Customs House",23,28,"[{""species"" : ""Southern Stingray"", ""count"" : 1}, {""species"" : ""Lettuce Sea Slug"", ""count"" : 4}, {""species"" : ""Green Turtle"", ""count"" : 1}, {""species"" : ""Flamingo Tongue"", ""count"" : 2}, {""species"" : ""Caribbean Reef Shark"", ""count"" : 1}]"
1036,"2024-08-04",2,"Shark Bait","Vicky","Tent Shallow",23,29,"[{""species"" : ""Southern Stingray"", ""count"" : 3}, {""species"" : ""Leech Head Shield Slug"", ""count"" : 1}, {""species"" : ""Lionfish Dead"", ""count"" : 3}, {""species"" : ""Green Turtle"", ""count"" : 4}, {""species"" : ""Caribbean Reef Shark"", ""count"" : 1}, {""species"" : ""Yellowfin Grouper"", ""count"" : 1}]"
1034,"2024-08-04",1,"Fin & Tonic","Bart","Babylon",27,28,"[{""species"" : ""Lionfish Alive"", ""count"" : 1}, {""species"" : ""Hawksbill Turtle"", ""count"" : 1}]"
1035,"2024-08-04",1,"Shark Bait","Vicky","Hot Springs",23,29,"[{""species"" : ""Lettuce Sea Slug"", ""count"" : 1}, {""species"" : ""Nurse Shark"", ""count"" : 1}, {""species"" : ""Green Turtle"", ""count"" : 8}, {""species"" : ""Southern Stingray"", ""count"" : 2}]"
1037,"2024-08-04",1,"Fin & Tonic","Otto","Babylon",27,29,"[{""species"" : ""Hawksbill Turtle"", ""count"" : 1}, {""species"" : ""Green Turtle"", ""count"" : 1}]"
1038,"2024-08-04",2,"Fin & Tonic","Otto","Tent Boulders",21,29,"[{""species"" : ""Southern Stingray"", ""count"" : 2}, {""species"" : ""Nurse Shark"", ""count"" : 1}, {""species"" : ""Lettuce Sea Slug"", ""count"" : 6}, {""species"" : ""Red-tipped Sea Goddess"", ""count"" : 2}]"
1039,"2024-08-04",2,"Shark Bait","Caroline","Tent Shallow",25,27,"[{""species"" : ""Lionfish Dead"", ""count"" : 3}, {""species"" : ""Caribbean Reef Shark"", ""count"" : 1}]"
1040,"2024-08-04",1,"Shark Bait","Josef","Hot Springs",16,28,"[{""species"" : ""Green Turtle"", ""count"" : 4}, {""species"" : ""Nurse Shark"", ""count"" : 2}, {""species"" : ""Lionfish Alive"", ""count"" : 1}, {""species"" : ""Caribbean Reef Shark"", ""count"" : 1}]"
1041,"2024-08-04",2,"Shark Bait","Josef","Tent Shallow",20,27,"[{""species"" : ""Green Turtle"", ""count"" : 3}, {""species"" : ""Lionfish Alive"", ""count"" : 1}, {""species"" : ""Roughtail Stingray"", ""count"" : 2}, {""species"" : ""Nurse Shark"", ""count"" : 2}, {""species"" : ""Caribbean Reef Shark"", ""count"" : 1}]"
1042,"2024-08-04",3,"Shark Bait","Josef","50 50",19,27,"[{""species"" : ""Green Turtle"", ""count"" : 3}]"
1043,"2024-08-04",1,"Shark Bait","Aaron ","Hot Springs",22,29,"[{""species"" : ""Southern Stingray"", ""count"" : 3}, {""species"" : ""Nurse Shark"", ""count"" : 3}, {""species"" : ""Green Turtle"", ""count"" : 10}]"
1044,"2024-08-04",3,"Shark Bait","Aaron ","50 50",22,29,"[{""species"" : ""Green Turtle"", ""count"" : 6}]"
1045,"2024-08-04",3,"Fin & Tonic","Bart","Hot Springs",18,28,"[{""species"" : ""Lettuce Sea Slug"", ""count"" : 2}, {""species"" : ""Southern Stingray"", ""count"" : 3}, {""species"" : ""Nurse Shark"", ""count"" : 1}, {""species"" : ""Hawksbill Turtle"", ""count"" : 1}, {""species"" : ""Green Turtle"", ""count"" : 3}, {""species"" : ""Flamingo Tongue"", ""count"" : 2}]"
1048,"2024-08-04",1,"Shark Bait","Caroline","Customs House",33,27,"[{""species"" : ""Caribbean Reef Shark"", ""count"" : 1}, {""species"" : ""Lionfish Dead"", ""count"" : 5}, {""species"" : ""Lionfish Alive"", ""count"" : 1}]"
1049,"2024-08-04",3,"Shark Bait","Caroline","Ladder Drift",20,27,"[{""species"" : ""Caribbean Reef Shark"", ""count"" : 1}, {""species"" : ""Nurse Shark"", ""count"" : 1}]"
1050,"2024-08-05",1,"Shark Bait","Josef","Customs House",20,27,"[{""species"" : ""Green Turtle"", ""count"" : 2}, {""species"" : ""Southern Stingray"", ""count"" : 4}]"
1061,"2024-08-05",4,"Fin & Tonic","Otto","Tent Shallow",24,29,"[{""species"" : ""Hawksbill Turtle"", ""count"" : 1}, {""species"" : ""Green Turtle"", ""count"" : 3}, {""species"" : ""Caribbean Reef Shark"", ""count"" : 2}]"
1051,"2024-08-05",2,"Shark Bait","Josef","Babylon",27,27,"[{""species"" : ""Green Turtle"", ""count"" : 3}, {""species"" : ""Blacktip Reef Shark"", ""count"" : 2}, {""species"" : ""Nurse Shark"", ""count"" : 3}]"
1046,"2024-08-05",1,"Fin & Tonic","Chad","Tedran Wall",34,28,"[{""species"" : ""Green Turtle"", ""count"" : 1}, {""species"" : ""Lionfish Alive"", ""count"" : 3}, {""species"" : ""Caribbean Reef Shark"", ""count"" : 2}]"
1052,"2024-08-05",3,"Shark Bait","Josef","Porites Point",19,27,"[{""species"" : ""Nurse Shark"", ""count"" : 2}]"
1053,"2024-08-05",2,"Shark Bait","Aaron ","Babylon",30,29,"[{""species"" : ""Green Turtle"", ""count"" : 1}, {""species"" : ""Hawksbill Turtle"", ""count"" : 1}, {""species"" : ""Caribbean Reef Shark"", ""count"" : 3}, {""species"" : ""Nurse Shark"", ""count"" : 3}, {""species"" : ""Lionfish Dead"", ""count"" : 5}]"
1054,"2024-08-05",1,"Shark Bait","Vicky","Customs House",30,29,"[{""species"" : ""Green Turtle"", ""count"" : 3}, {""species"" : ""Caribbean Reef Shark"", ""count"" : 1}, {""species"" : ""Southern Stingray"", ""count"" : 6}, {""species"" : ""Lionfish Dead"", ""count"" : 3}]"
1055,"2024-08-05",2,"Shark Bait","Vicky","Babylon",22,29,"[{""species"" : ""Southern Stingray"", ""count"" : 2}, {""species"" : ""Green Turtle"", ""count"" : 3}, {""species"" : ""Caribbean Reef Shark"", ""count"" : 1}, {""species"" : ""Nurse Shark"", ""count"" : 2}, {""species"" : ""Lionfish Dead"", ""count"" : 5}]"
1047,"2024-08-05",2,"Fin & Tonic","Chad","50 50",23,28,"[{""species"" : ""Nurse Shark"", ""count"" : 2}, {""species"" : ""Green Turtle"", ""count"" : 8}, {""species"" : ""Longspine Sea Urchin"", ""count"" : 3}]"
1057,"2024-08-05",1,"Fin & Tonic","Otto","Tedran Wall",30,29,"[{""species"" : ""Caribbean Reef Shark"", ""count"" : 2}, {""species"" : ""Hawksbill Turtle"", ""count"" : 1}, {""species"" : ""Green Turtle"", ""count"" : 1}]"
1058,"2024-08-05",2,"Fin & Tonic","Otto","50 50",21,29,"[{""species"" : ""Nurse Shark"", ""count"" : 2}, {""species"" : ""Green Turtle"", ""count"" : 6}]"
1059,"2024-08-05",3,"Fin & Tonic","Otto","Hot Springs",22,29,"[{""species"" : ""Nurse Shark"", ""count"" : 1}]"
1063,"2024-08-06",3,"Shark Bait","Caroline","Tent Reef",27,27,"[{""species"" : ""Lionfish Alive"", ""count"" : 8}, {""species"" : ""Nurse Shark"", ""count"" : 1}]"
1056,"2024-08-06",1,"Shark Bait","Vicky","Tedran Wall",29,29,"[{""species"" : ""Lionfish Alive"", ""count"" : 1}, {""species"" : ""Nurse Shark"", ""count"" : 1}]"
1060,"2024-08-06",1,"Fin & Tonic","Caroline","Customs House",33,27,"[{""species"" : ""Caribbean Reef Shark"", ""count"" : 2}, {""species"" : ""Lionfish Alive"", ""count"" : 1}]"
1062,"2024-08-06",1,"Fin & Tonic","Otto","Customs House",30,29,"[{""species"" : ""Caribbean Reef Shark"", ""count"" : 1}, {""species"" : ""Green Turtle"", ""count"" : 2}, {""species"" : ""Leech Head Shield Slug"", ""count"" : 100}]"
1064,"2024-08-06",2,"Fin & Tonic","Otto","Man of War Shoals",21,29,"[{""species"" : ""Green Turtle"", ""count"" : 1}]"
1065,"2024-08-06",2,"Shark Bait","Aaron ","Hot Springs",25,29,"[{""species"" : ""Yellowfin Grouper"", ""count"" : 1}, {""species"" : ""Green Turtle"", ""count"" : 4}, {""species"" : ""Caribbean Reef Shark"", ""count"" : 1}, {""species"" : ""Nurse Shark"", ""count"" : 1}, {""species"" : ""Lionfish Alive"", ""count"" : 2}]"
1066,"2024-08-06",3,"Shark Bait","Aaron ","Tent Reef",24,29,"[{""species"" : ""Caribbean Reef Shark"", ""count"" : 1}, {""species"" : ""Green Turtle"", ""count"" : 4}, {""species"" : ""Nurse Shark"", ""count"" : 1}]"
1067,"2024-08-06",2,"Fin & Tonic","Bart","Man of War Shoals",21,28,"[{""species"" : ""Green Turtle"", ""count"" : 2}, {""species"" : ""Southern Stingray"", ""count"" : 2}, {""species"" : ""Tiger Grouper"", ""count"" : 3}, {""species"" : ""Flamingo Tongue"", ""count"" : 3}]"
1068,"2024-08-06",3,"Fin & Tonic","Bart","Torrens Point",15,28,"[{""species"" : ""Lettuce Sea Slug"", ""count"" : 2}, {""species"" : ""Flamingo Tongue"", ""count"" : 4}, {""species"" : ""Southern Stingray"", ""count"" : 4}, {""species"" : ""Tiger Grouper"", ""count"" : 2}, {""species"" : ""Longspine Sea Urchin"", ""count"" : 1}, {""species"" : ""Sea Egg"", ""count"" : 1}]"
1069,"2024-08-07",2,"Fin & Tonic","Bart","Diamond Rock",25,28,"[{""species"" : ""Tiger Grouper"", ""count"" : 3}, {""species"" : ""Lionfish Alive"", ""count"" : 1}, {""species"" : ""Green Turtle"", ""count"" : 4}]"
1070,"2024-08-07",1,"Fin & Tonic","Josef","Tent Deep",22,27,"[{""species"" : null, ""count"" : null}]"
1071,"2024-08-07",1,"Shark Bait","Vicky","Shark Shoals",31,29,"[{""species"" : ""Lionfish Dead"", ""count"" : 1}, {""species"" : ""Hawksbill Turtle"", ""count"" : 1}]"
1072,"2024-08-07",3,"Fin & Tonic","Josef","Torrens Point",15,27,"[{""species"" : ""Southern Stingray"", ""count"" : 4}]"
1073,"2024-08-07",2,"Shark Bait","Vicky","Man of War Shoals",21,29,"[{""species"" : ""Lionfish Dead"", ""count"" : 1}, {""species"" : ""Caribbean Reef Shark"", ""count"" : 1}, {""species"" : ""Southern Stingray"", ""count"" : 2}, {""species"" : ""Lettuce Sea Slug"", ""count"" : 3}, {""species"" : ""Flamingo Tongue"", ""count"" : 3}]"
1074,"2024-08-07",1,"Shark Bait","Caroline","Shark Shoals",33,27,"[{""species"" : ""Lionfish Dead"", ""count"" : 1}]"
1075,"2024-08-07",2,"Shark Bait","Aaron ","Man of War Shoals",22,29,"[{""species"" : ""Yellowfin Grouper"", ""count"" : 4}, {""species"" : ""Green Turtle"", ""count"" : 1}, {""species"" : ""Southern Stingray"", ""count"" : 2}, {""species"" : ""Caribbean Reef Shark"", ""count"" : 1}]"
1076,"2024-08-07",3,"Shark Bait","Aaron ","Tent Boulders",22,29,"[{""species"" : ""Nurse Shark"", ""count"" : 1}, {""species"" : ""Green Turtle"", ""count"" : 2}]"
1077,"2024-08-07",5,"Shark Bait","Bart","Tent Reef",14,28,"[{""species"" : ""Green Turtle"", ""count"" : 1}, {""species"" : ""Flamingo Tongue"", ""count"" : 2}, {""species"" : ""Magnificent Urchin"", ""count"" : 2}, {""species"" : ""Longspine Sea Urchin"", ""count"" : 1}, {""species"" : ""Caribbean Reef Shark"", ""count"" : 1}]"
1081,"2024-08-08",2,"Fin & Tonic","Chad","Tent Shallow",24,29,"[{""species"" : ""Yellowfin Grouper"", ""count"" : 4}, {""species"" : ""Green Turtle"", ""count"" : 6}, {""species"" : ""Hawksbill Turtle"", ""count"" : 1}, {""species"" : ""Caribbean Reef Shark"", ""count"" : 1}, {""species"" : ""Southern Stingray"", ""count"" : 2}, {""species"" : ""Nassau Grouper"", ""count"" : 1}, {""species"" : ""Lionfish Dead"", ""count"" : 2}, {""species"" : ""Lionfish Alive"", ""count"" : 4}]"
1078,"2024-08-08",1,"Shark Bait","Vicky","Diamond Rock",24,29,"[{""species"" : ""Lionfish Alive"", ""count"" : 1}, {""species"" : ""Caribbean Reef Shark"", ""count"" : 2}, {""species"" : ""Southern Stingray"", ""count"" : 3}, {""species"" : ""Tiger Grouper"", ""count"" : 1}, {""species"" : ""Leech Head Shield Slug"", ""count"" : 1}]"
1079,"2024-08-08",2,"Shark Bait","Vicky","Big Rock Deep",22,29,"[{""species"" : ""Lionfish Dead"", ""count"" : 1}, {""species"" : ""Southern Stingray"", ""count"" : 2}, {""species"" : ""Lettuce Sea Slug"", ""count"" : 3}, {""species"" : ""Long Snout Seahorse"", ""count"" : 1}]"
1080,"2024-08-08",3,"Fin & Tonic","Caroline","Hole in the Corner",12,27,"[{""species"" : ""Caribbean Reef Shark"", ""count"" : 1}]"
1082,"2024-08-08",1,"Fin & Tonic","Otto","Third Encounter",10,-2,"[{""species"" : ""Nassau Grouper"", ""count"" : 2}, {""species"" : ""Caribbean Reef Shark"", ""count"" : 2}]"
1083,"2024-08-08",3,"Fin & Tonic","Otto","Hole in the Corner",23,29,"[{""species"" : ""Blacktip Reef Shark"", ""count"" : 1}]"
1087,"2024-08-08",3,"Shark Bait","Aaron ","Ladder Labyrinth",22,29,"[{""species"" : ""Hawksbill Turtle"", ""count"" : 1}, {""species"" : ""Nurse Shark"", ""count"" : 2}, {""species"" : ""Green Turtle"", ""count"" : 1}, {""species"" : ""Caribbean Reef Shark"", ""count"" : 1}]"
1086,"2024-08-09",1,"Shark Bait","Bart","Core Gut",24,28,"[{""species"" : ""Lettuce Sea Slug"", ""count"" : 3}, {""species"" : ""Flamingo Tongue"", ""count"" : 2}, {""species"" : ""Nurse Shark"", ""count"" : 2}]"
1084,"2024-08-09",1,"Shark Bait","Josef","Core Gut",35,27,"[{""species"" : ""Lionfish Dead"", ""count"" : 2}, {""species"" : ""Caribbean Reef Shark"", ""count"" : 2}]"
1085,"2024-08-09",2,"Shark Bait","Josef","Torrens Point",13,27,"[{""species"" : null, ""count"" : null}]"
1088,"2024-08-16",3,"Shark Bait","Caroline","Torrens Point",11,27,"[{""species"" : null, ""count"" : null}]"
1090,"2024-08-18",1,"Shark Bait","Vicky","Tent Reef",22,29,"[{""species"" : ""Southern Stingray"", ""count"" : 3}, {""species"" : ""Green Turtle"", ""count"" : 1}, {""species"" : ""Caribbean Reef Shark"", ""count"" : 2}, {""species"" : ""Lionfish Dead"", ""count"" : 1}, {""species"" : ""Lionfish Alive"", ""count"" : 1}]"
1091,"2024-08-18",2,"Shark Bait","Vicky","Mt. Michel",22,29,"[{""species"" : ""Flamingo Tongue"", ""count"" : 1}, {""species"" : ""Yellowfin Grouper"", ""count"" : 1}, {""species"" : ""Southern Stingray"", ""count"" : 3}]"
1092,"2024-08-18",2,"Shark Bait","Bart","Man of War Shoals",21,28,"[{""species"" : ""Southern Stingray"", ""count"" : 3}, {""species"" : ""Green Turtle"", ""count"" : 2}, {""species"" : ""Flamingo Tongue"", ""count"" : 2}, {""species"" : ""Tiger Grouper"", ""count"" : 2}, {""species"" : ""Nassau Grouper"", ""count"" : 1}]"
1089,"2024-08-18",1,"Shark Bait","Aaron ","Tent Reef",225,30,"[{""species"" : ""Lionfish Dead"", ""count"" : 1}, {""species"" : ""Green Turtle"", ""count"" : 3}, {""species"" : ""Caribbean Reef Shark"", ""count"" : 2}, {""species"" : ""Nurse Shark"", ""count"" : 1}]"
1093,"2024-08-19",1,"Shark Bait","Bart","50 50",24,28,"[{""species"" : ""Nurse Shark"", ""count"" : 1}, {""species"" : ""Green Turtle"", ""count"" : 2}]"
1094,"2024-08-19",2,"Shark Bait","Aaron ","Tent Shallow",24,29,"[{""species"" : ""Southern Stingray"", ""count"" : 2}, {""species"" : ""Green Turtle"", ""count"" : 6}, {""species"" : ""Caribbean Reef Shark"", ""count"" : 2}, {""species"" : ""Nurse Shark"", ""count"" : 3}, {""species"" : ""Yellowfin Grouper"", ""count"" : 2}, {""species"" : ""Lionfish Alive"", ""count"" : 1}]"
1103,"2024-08-19",4,"Shark Bait","Bart","Tent Boulders",18,27,"[{""species"" : ""Nassau Grouper"", ""count"" : 3}, {""species"" : ""Green Turtle"", ""count"" : 1}, {""species"" : ""Tiger Grouper"", ""count"" : 2}, {""species"" : ""Flamingo Tongue"", ""count"" : 2}]"
1095,"2024-08-19",1,"Shark Bait","Vicky","Mt. Michel",27,29,"[{""species"" : ""Green Turtle"", ""count"" : 3}, {""species"" : ""Longspine Sea Urchin"", ""count"" : 2}, {""species"" : ""Southern Stingray"", ""count"" : 2}, {""species"" : ""Nurse Shark"", ""count"" : 1}, {""species"" : ""Lionfish Alive"", ""count"" : 2}]"
1096,"2024-08-19",2,"Shark Bait","Vicky","Mt. Michel",22,29,"[{""species"" : ""Green Turtle"", ""count"" : 2}, {""species"" : ""Flamingo Tongue"", ""count"" : 2}, {""species"" : ""Southern Stingray"", ""count"" : 3}, {""species"" : ""Caribbean Reef Shark"", ""count"" : 3}]"
1102,"2024-08-20",3,"Shark Bait","Josef","Babylon",23,27,"[{""species"" : ""Nurse Shark"", ""count"" : 2}, {""species"" : ""Hawksbill Turtle"", ""count"" : 1}, {""species"" : ""Green Turtle"", ""count"" : 1}]"
1097,"2024-08-20",1,"Shark Bait","Vicky","Mt. Michel",27,29,"[{""species"" : ""Green Turtle"", ""count"" : 2}, {""species"" : ""Lionfish Alive"", ""count"" : 2}, {""species"" : ""Southern Stingray"", ""count"" : 3}]"
1098,"2024-08-20",2,"Shark Bait","Vicky","Mt. Michel",22,29,"[{""species"" : ""Nurse Shark"", ""count"" : 1}, {""species"" : ""Southern Stingray"", ""count"" : 2}, {""species"" : ""Green Turtle"", ""count"" : 2}, {""species"" : ""Lionfish Alive"", ""count"" : 1}, {""species"" : ""Flamingo Tongue"", ""count"" : 1}, {""species"" : ""Lettuce Sea Slug"", ""count"" : 1}]"
1099,"2024-08-20",1,"Shark Bait","Josef","Customs House",25,27,"[{""species"" : ""Roughtail Stingray"", ""count"" : 1}, {""species"" : ""Longspine Sea Urchin"", ""count"" : 2}]"
1100,"2024-08-20",2,"Shark Bait","Bart","Tent Deep",26,28,"[{""species"" : ""Tiger Grouper"", ""count"" : 2}, {""species"" : ""Nurse Shark"", ""count"" : 1}, {""species"" : ""Green Turtle"", ""count"" : 2}]"
1101,"2024-08-20",2,"Shark Bait","Josef","Tent Deep",25,28,"[{""species"" : ""Nurse Shark"", ""count"" : 1}, {""species"" : ""Caribbean Reef Shark"", ""count"" : 1}, {""species"" : ""Green Turtle"", ""count"" : 2}]"
1104,"2024-08-20",1,"Shark Bait","Aaron ","Mt. Michel",30,29,"[{""species"" : ""Green Turtle"", ""count"" : 3}, {""species"" : ""Caribbean Reef Shark"", ""count"" : 3}, {""species"" : ""Lionfish Alive"", ""count"" : 2}]"
1108,"2024-08-21",2,"Shark Bait","Otto","Tent Reef Wall",27,29,"[{""species"" : ""Caribbean Reef Shark"", ""count"" : 1}]"
1105,"2024-08-21",1,"Shark Bait","Aaron ","Tent Reef Wall",24,29,"[{""species"" : ""Lionfish Dead"", ""count"" : 2}, {""species"" : ""Nurse Shark"", ""count"" : 1}, {""species"" : ""Caribbean Reef Shark"", ""count"" : 2}, {""species"" : ""Green Turtle"", ""count"" : 2}]"
1106,"2024-08-21",1,"Shark Bait","Caroline","Diamond Rock",26,27,"[{""species"" : ""Nurse Shark"", ""count"" : 1}]"
1107,"2024-08-21",1,"Shark Bait","Otto","Diamond Rock",24,29,"[{""species"" : ""Nurse Shark"", ""count"" : 1}, {""species"" : ""Green Turtle"", ""count"" : 1}, {""species"" : ""Yellowfin Grouper"", ""count"" : 2}]"
1113,"2024-08-22",1,"Shark Bait","Otto","Twilight Zone",24,29,"[{""species"" : ""Caribbean Reef Shark"", ""count"" : 2}, {""species"" : ""Nurse Shark"", ""count"" : 2}]"
1114,"2024-08-22",4,"Shark Bait","Otto","Tent Reef",23,29,"[{""species"" : ""Lionfish Dead"", ""count"" : 2}]"
1112,"2024-08-22",3,"Shark Bait","Caroline","Tent Reef",12,27,"[{""species"" : ""Lionfish Dead"", ""count"" : 2}]"
1109,"2024-08-22",1,"Shark Bait","Aaron ","Mt. Michel",22,29,"[{""species"" : ""Caribbean Reef Shark"", ""count"" : 1}, {""species"" : ""Long Snout Seahorse"", ""count"" : 1}, {""species"" : ""Lionfish Dead"", ""count"" : 1}]"
1110,"2024-08-22",1,"Shark Bait","Vicky","Mt. Michel",32,29,"[{""species"" : ""Nurse Shark"", ""count"" : 2}, {""species"" : ""Caribbean Reef Shark"", ""count"" : 1}]"
1111,"2024-08-22",2,"Shark Bait","Vicky","Mt. Michel",23,29,"[{""species"" : ""Caribbean Reef Shark"", ""count"" : 1}, {""species"" : ""Southern Stingray"", ""count"" : 1}, {""species"" : ""Nassau Grouper"", ""count"" : 1}, {""species"" : ""Lettuce Sea Slug"", ""count"" : 3}, {""species"" : ""Long Snout Seahorse"", ""count"" : 1}, {""species"" : ""Lionfish Dead"", ""count"" : 1}]"
1115,"2024-08-23",3,"Shark Bait","Bart","Torrens Point",15,28,"[{""species"" : ""Green Turtle"", ""count"" : 1}]"
1116,"2024-08-24",1,"Shark Bait","Otto","Tent Shallow",12,29,"[{""species"" : ""Green Turtle"", ""count"" : 2}, {""species"" : ""Yellowfin Grouper"", ""count"" : 3}, {""species"" : ""Tiger Grouper"", ""count"" : 1}]"
1118,"2024-08-24",1,"Shark Bait","Robins","Hot Springs",24,30,"[{""species"" : ""Green Turtle"", ""count"" : 13}, {""species"" : ""Caribbean Reef Shark"", ""count"" : 1}, {""species"" : ""Nurse Shark"", ""count"" : 2}, {""species"" : ""Southern Stingray"", ""count"" : 3}, {""species"" : ""Nassau Grouper"", ""count"" : 5}, {""species"" : ""Yellowfin Grouper"", ""count"" : 7}]"
1117,"2024-08-25",2,"Shark Bait","Robins","Hot Springs",7,-1,"[{""species"" : ""Green Turtle"", ""count"" : 13}, {""species"" : ""Caribbean Reef Shark"", ""count"" : 1}, {""species"" : ""Nurse Shark"", ""count"" : 2}, {""species"" : ""Nassau Grouper"", ""count"" : 5}, {""species"" : ""Yellowfin Grouper"", ""count"" : 7}]"
1119,"2024-08-26",2,"Shark Bait","Aaron ","Hot Springs",24,29,"[{""species"" : ""Green Turtle"", ""count"" : 6}, {""species"" : ""Red-tipped Sea Goddess"", ""count"" : 1}, {""species"" : ""Nurse Shark"", ""count"" : 1}]"
1120,"2024-08-27",1,"Shark Bait","Robins","Tent Drift",17,30,"[{""species"" : ""Nurse Shark"", ""count"" : 1}, {""species"" : ""Southern Stingray"", ""count"" : 4}, {""species"" : ""Nassau Grouper"", ""count"" : 8}, {""species"" : ""Yellowfin Grouper"", ""count"" : 10}]"
1121,"2024-08-27",3,"Shark Bait","Robins","50 50",22,30,"[{""species"" : ""Yellowfin Grouper"", ""count"" : 8}, {""species"" : ""Green Turtle"", ""count"" : 10}, {""species"" : ""Caribbean Reef Shark"", ""count"" : 1}, {""species"" : ""Nurse Shark"", ""count"" : 3}, {""species"" : ""Southern Stingray"", ""count"" : 3}, {""species"" : ""Nassau Grouper"", ""count"" : 7}]"
1122,"2024-08-27",1,"Shark Bait","Aaron ","Tent Reef",24,29,"[{""species"" : ""Lionfish Alive"", ""count"" : 2}, {""species"" : ""Nurse Shark"", ""count"" : 1}, {""species"" : ""Green Turtle"", ""count"" : 2}]"
1123,"2024-08-27",3,"Shark Bait","Aaron ","Hot Springs",24,29,"[{""species"" : ""Yellowfin Grouper"", ""count"" : 1}, {""species"" : ""Nurse Shark"", ""count"" : 1}, {""species"" : ""Green Turtle"", ""count"" : 3}]"
1124,"2024-08-27",2,"Shark Bait","Bart","Man of War Shoals",21,28,"[{""species"" : ""Nassau Grouper"", ""count"" : 1}, {""species"" : ""Green Turtle"", ""count"" : 1}, {""species"" : ""Tiger Grouper"", ""count"" : 1}]"
1126,"2024-08-28",2,"Shark Bait","Caroline","Hot Springs",12,27,"[{""species"" : ""Nurse Shark"", ""count"" : 1}]"
1125,"2024-08-28",1,"Shark Bait","Caroline","Core Gut",12,27,"[{""species"" : null, ""count"" : null}]"
1131,"2024-08-28",1,"Shark Bait","Otto","Core Gut",27,29,"[{""species"" : null, ""count"" : null}]"
1132,"2024-08-28",2,"Shark Bait","Robins","Hot Springs",24,29,"[{""species"" : ""Nurse Shark"", ""count"" : 2}, {""species"" : ""Green Turtle"", ""count"" : 8}, {""species"" : ""Southern Stingray"", ""count"" : 4}]"
1129,"2024-08-29",2,"Shark Bait","Otto","Man of War Shoals",21,29,"[{""species"" : ""Caribbean Reef Shark"", ""count"" : 1}, {""species"" : ""Green Turtle"", ""count"" : 2}]"
1130,"2024-08-29",3,"Shark Bait","Otto","Hot Springs",21,29,"[{""species"" : ""Nurse Shark"", ""count"" : 2}]"
1127,"2024-08-29",1,"Shark Bait","Caroline","Torrens Point",12,27,"[{""species"" : null, ""count"" : null}]"
1128,"2024-08-29",2,"Shark Bait","Caroline","Man of War Shoals",18,27,"[{""species"" : null, ""count"" : null}]"
1133,"2024-08-31",1,"Shark Bait","Caroline","Porites Point",18,27,"[{""species"" : null, ""count"" : null}]"
1134,"2024-08-31",2,"Shark Bait","Caroline","Man of War Shoals",18,27,"[{""species"" : null, ""count"" : null}]"
1135,"2024-08-31",3,"Shark Bait","Caroline","Tent Shallow",18,27,"[{""species"" : null, ""count"" : null}]"
1136,"2024-08-31",1,"Shark Bait","Otto","Ladder Drift",24,29,"[{""species"" : ""Caribbean Reef Shark"", ""count"" : 1}, {""species"" : ""Nurse Shark"", ""count"" : 2}, {""species"" : ""Southern Stingray"", ""count"" : 3}]"
1137,"2024-08-31",2,"Shark Bait","Otto","Man of War Shoals",21,29,"[{""species"" : ""Tiger Grouper"", ""count"" : 1}, {""species"" : ""Green Turtle"", ""count"" : 2}, {""species"" : ""Caribbean Reef Shark"", ""count"" : 1}]"
1138,"2024-09-02",3,"Shark Bait","Caroline","Tent Reef",20,27,"[{""species"" : ""Nurse Shark"", ""count"" : 3}, {""species"" : ""Lionfish Alive"", ""count"" : 1}]"
1140,"2024-09-03",2,"Shark Bait","Lenny","Babylon",23,27,"[{""species"" : ""Green Turtle"", ""count"" : 2}, {""species"" : ""Caribbean Reef Shark"", ""count"" : 1}, {""species"" : ""Nurse Shark"", ""count"" : 1}, {""species"" : ""Southern Stingray"", ""count"" : 2}, {""species"" : ""Nassau Grouper"", ""count"" : 2}, {""species"" : ""Lettuce Sea Slug"", ""count"" : 4}, {""species"" : ""Lionfish Alive"", ""count"" : 4}]"
1139,"2024-09-03",1,"Shark Bait","Bart","50 50",24,28,"[{""species"" : ""Green Turtle"", ""count"" : 5}, {""species"" : ""Southern Stingray"", ""count"" : 4}, {""species"" : ""Nurse Shark"", ""count"" : 1}]"
1141,"2024-09-04",2,"Shark Bait","Aaron ","Hot Springs",23,30,"[{""species"" : ""Green Turtle"", ""count"" : 8}, {""species"" : ""Nurse Shark"", ""count"" : 1}]"
1142,"2024-09-05",2,"Shark Bait","Aaron ","Man of War Shoals",22,30,"[{""species"" : ""Green Turtle"", ""count"" : 2}, {""species"" : ""Caribbean Reef Shark"", ""count"" : 1}, {""species"" : ""Southern Stingray"", ""count"" : 4}, {""species"" : ""Yellowfin Grouper"", ""count"" : 2}]"
1143,"2024-09-05",1,"Shark Bait","Caroline","Diamond Rock",25,27,"[{""species"" : ""Lionfish Alive"", ""count"" : 3}]"
1144,"2024-09-06",2,"Shark Bait","Bart","50 50",24,28,"[{""species"" : ""Green Turtle"", ""count"" : 6}, {""species"" : ""Nurse Shark"", ""count"" : 2}, {""species"" : ""Southern Stingray"", ""count"" : 5}]"
1145,"2024-09-06",1,"Shark Bait","Otto","Customs House",27,29,"[{""species"" : ""Green Turtle"", ""count"" : 3}, {""species"" : ""Caribbean Reef Shark"", ""count"" : 1}, {""species"" : ""Southern Stingray"", ""count"" : 4}]"
1146,"2024-09-06",3,"Shark Bait","Otto","Tent Boulders",21,29,"[{""species"" : ""Green Turtle"", ""count"" : 1}, {""species"" : ""Caribbean Reef Shark"", ""count"" : 1}]"
1147,"2024-09-07",1,"Shark Bait","Bart","Hot Springs",26,28,"[{""species"" : ""Green Turtle"", ""count"" : 5}, {""species"" : ""Nurse Shark"", ""count"" : 2}, {""species"" : ""Southern Stingray"", ""count"" : 6}, {""species"" : ""Flamingo Tongue"", ""count"" : 1}]"
1148,"2024-09-07",2,"Shark Bait","Caroline","Tent Shallow",12,27,"[{""species"" : ""Lionfish Alive"", ""count"" : 8}, {""species"" : ""Nurse Shark"", ""count"" : 1}, {""species"" : ""Lionfish Dead"", ""count"" : 1}]"
1149,"2024-09-08",2,"Shark Bait","Lenny","50 50",26,27,"[{""species"" : ""Lettuce Sea Slug"", ""count"" : 5}, {""species"" : ""Hawksbill Turtle"", ""count"" : 1}, {""species"" : ""Nurse Shark"", ""count"" : 2}, {""species"" : ""Green Turtle"", ""count"" : 7}, {""species"" : ""Southern Stingray"", ""count"" : 3}, {""species"" : ""Nassau Grouper"", ""count"" : 1}, {""species"" : ""Tiger Grouper"", ""count"" : 2}]"
1150,"2024-09-08",3,"Shark Bait","Lenny","Ladder Drift",24,27,"[{""species"" : ""Caribbean Reef Shark"", ""count"" : 1}, {""species"" : ""Green Turtle"", ""count"" : 3}, {""species"" : ""Nassau Grouper"", ""count"" : 1}, {""species"" : ""Flamingo Tongue"", ""count"" : 5}, {""species"" : ""Lionfish Alive"", ""count"" : 4}, {""species"" : ""Lionfish Dead"", ""count"" : 3}, {""species"" : ""Nurse Shark"", ""count"" : 2}, {""species"" : ""Southern Stingray"", ""count"" : 2}]"
1151,"2024-09-09",1,"Shark Bait","Caroline","Tent Shallow",32,27,"[{""species"" : null, ""count"" : null}]"
1152,"2024-09-09",2,"Shark Bait","Caroline","Man of War Shoals",21,27,"[{""species"" : ""Nurse Shark"", ""count"" : 1}]"
1153,"2024-09-09",3,"Fin & Tonic","Caroline","Hot Springs",22,27,"[{""species"" : ""Caribbean Reef Shark"", ""count"" : 1}, {""species"" : ""Nurse Shark"", ""count"" : 4}]"
1158,"2024-09-09",2,"Shark Bait","Bart","Man of War Shoals",21,28,"[{""species"" : ""Southern Stingray"", ""count"" : 3}, {""species"" : ""Green Turtle"", ""count"" : 2}, {""species"" : ""Lettuce Sea Slug"", ""count"" : 1}]"
1155,"2024-09-09",3,"Shark Bait","Aaron ","Hot Springs",22,31,"[{""species"" : ""Yellowfin Grouper"", ""count"" : 1}, {""species"" : ""Nurse Shark"", ""count"" : 4}, {""species"" : ""Green Turtle"", ""count"" : 8}]"
1157,"2024-09-10",3,"Shark Bait","Bart","Ladder Drift",27,28,"[{""species"" : ""Green Turtle"", ""count"" : 2}, {""species"" : ""Nurse Shark"", ""count"" : 2}, {""species"" : ""Southern Stingray"", ""count"" : 2}]"
1154,"2024-09-10",2,"Shark Bait","Aaron ","Man of War Shoals",22,31,"[{""species"" : ""Yellowfin Grouper"", ""count"" : 4}, {""species"" : ""Green Turtle"", ""count"" : 3}, {""species"" : ""Hawksbill Turtle"", ""count"" : 1}, {""species"" : ""Southern Stingray"", ""count"" : 6}]"
1156,"2024-09-10",1,"Shark Bait","Bart","Tent Reef",21,28,"[{""species"" : ""Green Turtle"", ""count"" : 2}, {""species"" : ""Nurse Shark"", ""count"" : 1}, {""species"" : ""Lettuce Sea Slug"", ""count"" : 2}, {""species"" : ""Flamingo Tongue"", ""count"" : 3}]"
1159,"2024-09-11",2,"Shark Bait","Aaron ","Diamond Rock",24,31,"[{""species"" : ""Southern Stingray"", ""count"" : 4}, {""species"" : ""Green Turtle"", ""count"" : 2}, {""species"" : ""Yellowfin Grouper"", ""count"" : 3}]"
1160,"2024-09-12",2,"Shark Bait","Aaron ","Ladder Drift",24,31,"[{""species"" : ""Caribbean Reef Shark"", ""count"" : 1}, {""species"" : ""Green Turtle"", ""count"" : 4}, {""species"" : ""Nurse Shark"", ""count"" : 3}]"
1162,"2024-09-12",3,"Shark Bait","Vicky","Hot Springs",19,29,"[{""species"" : ""Green Turtle"", ""count"" : 5}, {""species"" : ""Nurse Shark"", ""count"" : 2}, {""species"" : ""Southern Stingray"", ""count"" : 3}]"
1161,"2024-09-16",3,"Fin & Tonic","Aaron ","Hot Springs",24,31,"[{""species"" : ""Caribbean Reef Shark"", ""count"" : 1}, {""species"" : ""Southern Stingray"", ""count"" : 4}, {""species"" : ""Green Turtle"", ""count"" : 7}]"
1163,"2024-09-16",1,"Fin & Tonic","Vicky","Customs House",27,30,"[{""species"" : ""Lettuce Sea Slug"", ""count"" : 2}, {""species"" : ""Southern Stingray"", ""count"" : 6}, {""species"" : ""Yellowfin Grouper"", ""count"" : 1}, {""species"" : ""Flamingo Tongue"", ""count"" : 1}]"
1164,"2024-09-16",2,"Fin & Tonic","Vicky","Diamond Rock",25,30,"[{""species"" : ""Southern Stingray"", ""count"" : 3}, {""species"" : ""Hawksbill Turtle"", ""count"" : 1}, {""species"" : ""Yellowfin Grouper"", ""count"" : 1}]"
1166,"2024-09-17",1,"Fin & Tonic","Josef","Tent Reef Wall",27,27,"[{""species"" : ""Blacktip Reef Shark"", ""count"" : 1}]"
1165,"2024-09-17",2,"Fin & Tonic","Aaron ","Man of War Shoals",22,30,"[{""species"" : ""Yellowfin Grouper"", ""count"" : 4}, {""species"" : ""Green Turtle"", ""count"" : 3}, {""species"" : ""Southern Stingray"", ""count"" : 4}]"
1167,"2024-09-17",3,"Fin & Tonic","Josef","Hot Springs",22,27,"[{""species"" : ""Nurse Shark"", ""count"" : 2}]"
1168,"2024-09-18",1,"Fin & Tonic","Aaron ","Big Rock Deep",22,30,"[{""species"" : ""Hawksbill Turtle"", ""count"" : 1}]"
1169,"2024-09-18",3,"Fin & Tonic","Aaron ","50 50",24,30,"[{""species"" : ""Green Turtle"", ""count"" : 8}, {""species"" : ""Nurse Shark"", ""count"" : 3}]"
1170,"2024-09-18",2,"Fin & Tonic","Vicky","Tent Reef",22,30,"[{""species"" : ""Lionfish Alive"", ""count"" : 1}, {""species"" : ""Green Turtle"", ""count"" : 2}, {""species"" : ""Longspine Sea Urchin"", ""count"" : 1}]"
1171,"2024-09-18",2,"Fin & Tonic","Josef","Tent Reef Wall",18,29,"[{""species"" : ""Green Turtle"", ""count"" : 2}]"
1172,"2024-09-18",3,"Fin & Tonic","Josef","50 50",20,29,"[{""species"" : ""Green Turtle"", ""count"" : 3}, {""species"" : ""Nurse Shark"", ""count"" : 5}]"
1176,"2024-09-20",2,"Fin & Tonic","Robins","Airport Drift",24,30,"[{""species"" : ""Tiger Grouper"", ""count"" : 5}, {""species"" : ""Nassau Grouper"", ""count"" : 8}, {""species"" : ""Yellowfin Grouper"", ""count"" : 7}, {""species"" : ""Lionfish Alive"", ""count"" : 8}]"
1175,"2024-09-20",1,"Fin & Tonic","Robins","Cove Bay",33,30,"[{""species"" : ""Tiger Grouper"", ""count"" : 5}, {""species"" : ""Nassau Grouper"", ""count"" : 7}, {""species"" : ""Yellowfin Grouper"", ""count"" : 8}, {""species"" : ""Lionfish Alive"", ""count"" : 5}]"
1174,"2024-09-21",2,"Fin & Tonic","Robins","Hot Springs",24,31,"[{""species"" : ""Yellowfin Grouper"", ""count"" : 7}, {""species"" : ""Green Turtle"", ""count"" : 14}, {""species"" : ""Caribbean Reef Shark"", ""count"" : 1}, {""species"" : ""Nurse Shark"", ""count"" : 3}, {""species"" : ""Southern Stingray"", ""count"" : 7}, {""species"" : ""Nassau Grouper"", ""count"" : 5}]"
1178,"2024-09-22",2,"Shark Bait","Aaron ","50 50",24,30,"[{""species"" : ""Nurse Shark"", ""count"" : 3}, {""species"" : ""Caribbean Reef Shark"", ""count"" : 2}, {""species"" : ""Hawksbill Turtle"", ""count"" : 1}, {""species"" : ""Green Turtle"", ""count"" : 8}]"
1179,"2024-09-22",3,"Shark Bait","Aaron ","Green Island",18,30,"[{""species"" : ""Nurse Shark"", ""count"" : 1}]"
1173,"2024-09-22",2,"Fin & Tonic","Robins","Hot Springs",24,31,"[{""species"" : ""Yellowfin Grouper"", ""count"" : 7}, {""species"" : ""Green Turtle"", ""count"" : 14}, {""species"" : ""Caribbean Reef Shark"", ""count"" : 1}, {""species"" : ""Nurse Shark"", ""count"" : 3}, {""species"" : ""Southern Stingray"", ""count"" : 7}, {""species"" : ""Nassau Grouper"", ""count"" : 5}]"
1177,"2024-09-22",2,"Shark Bait","Vicky","50 50",22,30,"[{""species"" : ""Green Turtle"", ""count"" : 1}, {""species"" : ""Southern Stingray"", ""count"" : 1}, {""species"" : ""Nurse Shark"", ""count"" : 3}]"
1183,"2024-09-26",1,"Shark Bait","Robins","Man of War Shoals",21,30,"[{""species"" : ""Southern Stingray"", ""count"" : 6}, {""species"" : ""Nassau Grouper"", ""count"" : 4}, {""species"" : ""Yellowfin Grouper"", ""count"" : 6}, {""species"" : ""Green Turtle"", ""count"" : 3}, {""species"" : ""Tiger Grouper"", ""count"" : 3}]"
1180,"2024-09-26",2,"Shark Bait","Aaron ","Hot Springs",24,30,"[{""species"" : ""Yellowfin Grouper"", ""count"" : 1}, {""species"" : ""Green Turtle"", ""count"" : 6}, {""species"" : ""Nurse Shark"", ""count"" : 1}, {""species"" : ""Southern Stingray"", ""count"" : 3}, {""species"" : ""Roughtail Stingray"", ""count"" : 1}]"
1184,"2024-09-27",2,"Shark Bait","Bart ","Tent Shallow",18,29,"[{""species"" : ""Lionfish Alive"", ""count"" : 1}, {""species"" : ""Longspine Sea Urchin"", ""count"" : 1}, {""species"" : ""Green Turtle"", ""count"" : 3}, {""species"" : ""Pencil Urchin"", ""count"" : 1}, {""species"" : ""Flamingo Tongue"", ""count"" : 6}, {""species"" : ""Lionfish Dead"", ""count"" : 1}]"
1181,"2024-09-27",2,"Shark Bait","Caroline","Tent Shallow",17,27,"[{""species"" : ""Lionfish Dead"", ""count"" : 1}]"
1182,"2024-09-27",3,"Shark Bait","Caroline","Hot Springs",18,27,"[{""species"" : ""Nurse Shark"", ""count"" : 1}]"
1185,"2024-09-28",1,"Fin & Tonic","Caroline","Diamond Rock",25,27,"[{""species"" : ""Lionfish Alive"", ""count"" : 3}]"
1186,"2024-09-28",2,"Fin & Tonic","Caroline","Green Island",18,27,"[{""species"" : ""Lionfish Alive"", ""count"" : 4}]"
1187,"2024-09-28",3,"Fin & Tonic","Caroline","Torrens Point",17,27,"[{""species"" : ""Caribbean Reef Shark"", ""count"" : 1}, {""species"" : ""Nurse Shark"", ""count"" : 1}]"
1188,"2024-09-28",1,"Fin & Tonic","Otto","Diamond Rock",24,29,"[{""species"" : ""Green Turtle"", ""count"" : 4}, {""species"" : ""Southern Stingray"", ""count"" : 5}]"
1189,"2024-09-28",2,"Fin & Tonic","Otto","Green Island",18,29,"[{""species"" : ""Green Turtle"", ""count"" : 1}]"
1190,"2024-09-29",2,"Shark Bait","Otto","Torrens Point",12,29,"[{""species"" : null, ""count"" : null}]"
1191,"2024-09-29",2,"Fin & Tonic","Bart","Hot Springs",22,31,"[{""species"" : ""Nurse Shark"", ""count"" : 2}, {""species"" : ""Green Turtle"", ""count"" : 4}]"
1192,"2024-09-29",3,"Shark Bait","Otto","Otto Limits",14,29,"[{""species"" : null, ""count"" : null}]"
1193,"2024-09-29",1,"Fin & Tonic","Aaron ","Man of War Shoals",22,30,"[{""species"" : ""Yellowfin Grouper"", ""count"" : 4}, {""species"" : ""Green Turtle"", ""count"" : 2}, {""species"" : ""Caribbean Reef Shark"", ""count"" : 1}, {""species"" : ""Southern Stingray"", ""count"" : 4}]"
1194,"2024-10-01",2,"Fin & Tonic","Bart","Core Gut",18,31,"[{""species"" : ""Reef Urchin"", ""count"" : 1}, {""species"" : ""Green Turtle"", ""count"" : 2}, {""species"" : ""Nurse Shark"", ""count"" : 1}, {""species"" : ""Southern Stingray"", ""count"" : 1}, {""species"" : ""Nassau Grouper"", ""count"" : 2}, {""species"" : ""Longspine Sea Urchin"", ""count"" : 1}, {""species"" : ""Flamingo Tongue"", ""count"" : 3}, {""species"" : ""Lionfish Alive"", ""count"" : 1}]"
1195,"2024-10-01",1,"Fin & Tonic","Robins","Big Rock Deep",24,30,"[{""species"" : ""Nassau Grouper"", ""count"" : 8}, {""species"" : ""Yellowfin Grouper"", ""count"" : 15}, {""species"" : ""Tiger Grouper"", ""count"" : 8}, {""species"" : ""Southern Stingray"", ""count"" : 2}]"
1196,"2024-10-01",3,"Fin & Tonic","Robins","Hot Springs",24,30,"[{""species"" : ""Nassau Grouper"", ""count"" : 6}, {""species"" : ""Tiger Grouper"", ""count"" : 3}, {""species"" : ""Yellowfin Grouper"", ""count"" : 8}, {""species"" : ""Green Turtle"", ""count"" : 10}, {""species"" : ""Nurse Shark"", ""count"" : 2}, {""species"" : ""Southern Stingray"", ""count"" : 6}]"
1198,"2024-10-02",1,"Shark Bait","Caroline","Hole in the Corner",12,27,"[{""species"" : null, ""count"" : null}]"
1199,"2024-10-02",2,"Shark Bait","Caroline","Otto Limits",12,27,"[{""species"" : ""Spotted Eagle Ray"", ""count"" : 1}]"
1197,"2024-10-02",3,"Shark Bait","Vicky","Tent Shallow",23,31,"[{""species"" : ""Green Turtle"", ""count"" : 2}, {""species"" : ""Southern Stingray"", ""count"" : 1}, {""species"" : ""Nurse Shark"", ""count"" : 1}]"
1200,"2024-10-02",3,"Shark Bait","Caroline","Tent Shallow",16,27,"[{""species"" : ""Lionfish Alive"", ""count"" : 2}]"
1201,"2024-10-04",1,"Shark Bait","Caroline","Third Encounter",31,27,"[{""species"" : ""Caribbean Reef Shark"", ""count"" : 1}, {""species"" : ""Nurse Shark"", ""count"" : 2}, {""species"" : ""Lionfish Alive"", ""count"" : 3}]"
1202,"2024-10-04",2,"Shark Bait","Caroline","Ladder Drift",22,27,"[{""species"" : ""Nurse Shark"", ""count"" : 3}]"
1203,"2024-10-04",3,"Shark Bait","Caroline","Tent Shallow",28,27,"[{""species"" : ""Lionfish Alive"", ""count"" : 8}]"
1204,"2024-10-06",1,"Shark Bait","Josef","Customs House",29,28,"[{""species"" : ""Green Turtle"", ""count"" : 3}, {""species"" : ""Southern Stingray"", ""count"" : 3}, {""species"" : ""Longspine Sea Urchin"", ""count"" : 2}]"
1205,"2024-10-06",3,"Shark Bait","Josef","Hot Springs",25,29,"[{""species"" : ""Nurse Shark"", ""count"" : 4}, {""species"" : ""Green Turtle"", ""count"" : 4}, {""species"" : ""Southern Stingray"", ""count"" : 2}]"
1206,"2024-10-06",2,"Shark Bait","Aaron ","Tent Reef",24,30,"[{""species"" : ""Green Turtle"", ""count"" : 4}, {""species"" : ""Caribbean Reef Shark"", ""count"" : 1}, {""species"" : ""Yellowfin Grouper"", ""count"" : 1}, {""species"" : ""Lettuce Sea Slug"", ""count"" : 1}]"
1207,"2024-10-06",3,"Shark Bait","Aaron ","Hot Springs",22,30,"[{""species"" : ""Green Turtle"", ""count"" : 12}, {""species"" : ""Nurse Shark"", ""count"" : 2}, {""species"" : ""Southern Stingray"", ""count"" : 5}, {""species"" : ""Spotted Eagle Ray"", ""count"" : 1}, {""species"" : ""Yellowfin Grouper"", ""count"" : 1}]"
1208,"2024-10-06",2,"Shark Bait","Caroline","Green Island",12,27,"[{""species"" : ""Lionfish Alive"", ""count"" : 2}, {""species"" : ""Nurse Shark"", ""count"" : 1}, {""species"" : ""Lionfish Dead"", ""count"" : 2}]"
1209,"2024-10-06",1,"Shark Bait","Bart","Customs House",26,30,"[{""species"" : ""Green Turtle"", ""count"" : 1}]"
1210,"2024-10-06",2,"Shark Bait","Bart","Tent Shallow",23,30,"[{""species"" : ""Green Turtle"", ""count"" : 2}, {""species"" : ""Southern Stingray"", ""count"" : 3}, {""species"" : ""Lettuce Sea Slug"", ""count"" : 1}, {""species"" : ""Flamingo Tongue"", ""count"" : 2}]"
1213,"2024-10-07",3,"Shark Bait","Aaron ","Tent Boulders",24,30,"[{""species"" : ""Green Turtle"", ""count"" : 1}, {""species"" : ""Caribbean Reef Shark"", ""count"" : 1}]"
1211,"2024-10-07",2,"Shark Bait","Bart","Man of War Shoals",21,30,"[{""species"" : ""Green Turtle"", ""count"" : 2}, {""species"" : ""Hawksbill Turtle"", ""count"" : 1}, {""species"" : ""Southern Stingray"", ""count"" : 3}, {""species"" : ""Yellowfin Grouper"", ""count"" : 2}, {""species"" : ""Reef Urchin"", ""count"" : 2}, {""species"" : ""Lettuce Sea Slug"", ""count"" : 2}, {""species"" : ""Flamingo Tongue"", ""count"" : 1}]"
1212,"2024-10-07",1,"Shark Bait","Aaron ","Third Encounter",33,30,"[{""species"" : ""Hawksbill Turtle"", ""count"" : 1}, {""species"" : ""Caribbean Reef Shark"", ""count"" : 1}, {""species"" : ""Nurse Shark"", ""count"" : 1}, {""species"" : ""Yellowfin Grouper"", ""count"" : 2}]"
1215,"2024-10-08",2,"Shark Bait","Vicky","Big Rock Deep",22,30,"[{""species"" : ""Long Snout Seahorse"", ""count"" : 1}, {""species"" : ""Nurse Shark"", ""count"" : 1}, {""species"" : ""Southern Stingray"", ""count"" : 3}, {""species"" : ""Longspine Sea Urchin"", ""count"" : 1}, {""species"" : ""Lettuce Sea Slug"", ""count"" : 3}, {""species"" : ""Flamingo Tongue"", ""count"" : 1}, {""species"" : ""Lionfish Alive"", ""count"" : 2}]"
1216,"2024-10-08",2,"Shark Bait","Aaron ","Big Rock Deep",22,30,"[{""species"" : ""Yellowfin Grouper"", ""count"" : 2}, {""species"" : ""Long Snout Seahorse"", ""count"" : 1}, {""species"" : ""Nurse Shark"", ""count"" : 1}]"
1214,"2024-10-08",1,"Shark Bait","Vicky","Diamond Rock",24,30,"[{""species"" : ""Green Turtle"", ""count"" : 3}, {""species"" : ""Hawksbill Turtle"", ""count"" : 1}, {""species"" : ""Southern Stingray"", ""count"" : 5}]"
1219,"2024-10-09",2,"Shark Bait","Aaron ","Tent Shallow",22,30,"[{""species"" : ""Caribbean Reef Shark"", ""count"" : 2}, {""species"" : ""Green Turtle"", ""count"" : 4}]"
1220,"2024-10-09",3,"Shark Bait","Aaron ","Hole in the Corner",18,30,"[{""species"" : null, ""count"" : null}]"
1221,"2024-10-09",1,"Fin & Tonic","Robins","Babylon",18,31,"[{""species"" : ""Tiger Grouper"", ""count"" : 4}, {""species"" : ""Yellowfin Grouper"", ""count"" : 5}, {""species"" : ""Nassau Grouper"", ""count"" : 3}, {""species"" : ""Nurse Shark"", ""count"" : 2}, {""species"" : ""Southern Stingray"", ""count"" : 2}, {""species"" : ""Green Turtle"", ""count"" : 3}, {""species"" : ""Lionfish Dead"", ""count"" : 2}]"
1217,"2024-10-09",1,"Shark Bait","Vicky","Twilight Zone",32,31,"[{""species"" : ""Caribbean Reef Shark"", ""count"" : 1}, {""species"" : ""Lionfish Dead"", ""count"" : 1}]"
1218,"2024-10-09",2,"Shark Bait","Vicky","Tent Shallow",22,31,"[{""species"" : ""Green Turtle"", ""count"" : 2}, {""species"" : ""Lionfish Dead"", ""count"" : 3}, {""species"" : ""Flamingo Tongue"", ""count"" : 1}, {""species"" : ""Longspine Sea Urchin"", ""count"" : 1}, {""species"" : ""Southern Stingray"", ""count"" : 3}, {""species"" : ""Nurse Shark"", ""count"" : 1}]"
1227,"2024-10-09",2,"Fin & Tonic","Otto","Torrens Point",12,29,"[{""species"" : null, ""count"" : null}]"
1223,"2024-10-10",2,"Shark Bait","Vicky","Man of War Shoals",21,30,"[{""species"" : ""Southern Stingray"", ""count"" : 3}, {""species"" : ""Green Turtle"", ""count"" : 3}]"
1224,"2024-10-10",1,"Shark Bait","Aaron ","50 50",25,30,"[{""species"" : ""Green Turtle"", ""count"" : 6}, {""species"" : ""Caribbean Reef Shark"", ""count"" : 1}, {""species"" : ""Nurse Shark"", ""count"" : 4}]"
1225,"2024-10-10",2,"Shark Bait","Aaron ","Man of War Shoals",22,30,"[{""species"" : ""Yellowfin Grouper"", ""count"" : 4}, {""species"" : ""Green Turtle"", ""count"" : 2}]"
1226,"2024-10-10",1,"Fin & Tonic","Otto","Twilight Zone",30,27,"[{""species"" : null, ""count"" : null}]"
1228,"2024-10-10",3,"Fin & Tonic","Otto","Otto Limits",15,29,"[{""species"" : null, ""count"" : null}]"
1222,"2024-10-10",1,"Shark Bait","Vicky","50 50",21,30,"[{""species"" : ""Green Turtle"", ""count"" : 5}, {""species"" : ""Hawksbill Turtle"", ""count"" : 1}, {""species"" : ""Caribbean Reef Shark"", ""count"" : 1}, {""species"" : ""Lettuce Sea Slug"", ""count"" : 3}, {""species"" : ""Nurse Shark"", ""count"" : 3}, {""species"" : ""Southern Stingray"", ""count"" : 1}]"
1230,"2024-10-11",2,"Shark Bait","Bart","Tent Boulders",24,30,"[{""species"" : ""Flamingo Tongue"", ""count"" : 4}, {""species"" : ""Lettuce Sea Slug"", ""count"" : 3}, {""species"" : ""Green Turtle"", ""count"" : 2}, {""species"" : ""Nurse Shark"", ""count"" : 1}]"
1229,"2024-10-11",2,"Shark Bait","Caroline","Hot Springs",18,27,"[{""species"" : ""Nurse Shark"", ""count"" : 1}]"
1231,"2024-10-11",3,"Shark Bait","Bart","Hot Springs",24,30,"[{""species"" : ""Nurse Shark"", ""count"" : 1}, {""species"" : ""Green Turtle"", ""count"" : 3}, {""species"" : ""Southern Stingray"", ""count"" : 1}, {""species"" : ""Flamingo Tongue"", ""count"" : 4}]"
1243,"2024-10-12",2,"Shark Bait","Robins","Ladder Drift",24,30,"[{""species"" : ""Southern Stingray"", ""count"" : 5}, {""species"" : ""Tiger Grouper"", ""count"" : 6}, {""species"" : ""Yellowfin Grouper"", ""count"" : 14}, {""species"" : ""Nassau Grouper"", ""count"" : 10}, {""species"" : ""Nurse Shark"", ""count"" : 2}, {""species"" : ""Caribbean Reef Shark"", ""count"" : 1}, {""species"" : ""Green Turtle"", ""count"" : 8}]"
1232,"2024-10-12",1,"Shark Bait","Josef","Tent Deep",31,29,"[{""species"" : ""Green Turtle"", ""count"" : 2}, {""species"" : ""Longspine Sea Urchin"", ""count"" : 2}, {""species"" : ""Hawksbill Turtle"", ""count"" : 1}, {""species"" : ""Caribbean Reef Shark"", ""count"" : 1}]"
1236,"2024-10-12",2,"Shark Bait","Caroline","Ladder Drift",20,27,"[{""species"" : ""Caribbean Reef Shark"", ""count"" : 1}, {""species"" : ""Nurse Shark"", ""count"" : 4}]"
1235,"2024-10-12",1,"Shark Bait","Caroline","Tent Deep",30,27,"[{""species"" : null, ""count"" : null}]"
1234,"2024-10-12",2,"Shark Bait","Josef","Ladder Drift",23,29,"[{""species"" : ""Caribbean Reef Shark"", ""count"" : 1}, {""species"" : ""Green Turtle"", ""count"" : 6}, {""species"" : ""Hawksbill Turtle"", ""count"" : 2}, {""species"" : ""Nurse Shark"", ""count"" : 4}]"
1233,"2024-10-12",1,"Shark Bait","Bart","Tent Deep",32,30,"[{""species"" : ""Caribbean Reef Shark"", ""count"" : 2}, {""species"" : ""Lettuce Sea Slug"", ""count"" : 2}, {""species"" : ""Flamingo Tongue"", ""count"" : 4}, {""species"" : ""Green Turtle"", ""count"" : 2}]"
1237,"2024-10-12",3,"Shark Bait","Caroline","Tent Shallow",12,27,"[{""species"" : ""Nurse Shark"", ""count"" : 1}, {""species"" : ""Caribbean Reef Shark"", ""count"" : 1}]"
1245,"2024-10-13",3,"Shark Bait","Robins","Hole in the Corner",23,29,"[{""species"" : null, ""count"" : null}]"
1239,"2024-10-13",3,"Shark Bait","Vicky","Hole in the Corner",22,31,"[{""species"" : ""Lettuce Sea Slug"", ""count"" : 2}, {""species"" : ""Hawksbill Turtle"", ""count"" : 1}, {""species"" : ""Flamingo Tongue"", ""count"" : 1}, {""species"" : ""Lionfish Alive"", ""count"" : 2}]"
1244,"2024-10-13",1,"Shark Bait","Robins","Diamond Rock",26,27,"[{""species"" : ""Green Turtle"", ""count"" : 8}, {""species"" : ""Caribbean Reef Shark"", ""count"" : 1}, {""species"" : ""Nassau Grouper"", ""count"" : 10}, {""species"" : ""Yellowfin Grouper"", ""count"" : 11}, {""species"" : ""Tiger Grouper"", ""count"" : 5}, {""species"" : ""Southern Stingray"", ""count"" : 7}]"
1240,"2024-10-13",2,"Shark Bait","Aaron ","Man of War Shoals",22,30,"[{""species"" : ""Yellowfin Grouper"", ""count"" : 2}, {""species"" : ""Green Turtle"", ""count"" : 4}]"
1238,"2024-10-13",1,"Shark Bait","Vicky","Man of War Shoals",22,31,"[{""species"" : ""Green Turtle"", ""count"" : 3}, {""species"" : ""Southern Stingray"", ""count"" : 2}]"
1247,"2024-10-15",2,"Shark Bait","Josef","Ladder Drift",2,-19,"[{""species"" : ""Green Turtle"", ""count"" : 6}, {""species"" : ""Nurse Shark"", ""count"" : 4}, {""species"" : ""Roughtail Stingray"", ""count"" : 2}]"
1241,"2024-10-15",1,"Shark Bait","Vicky","Customs House",24,31,"[{""species"" : ""Nurse Shark"", ""count"" : 1}, {""species"" : ""Southern Stingray"", ""count"" : 4}, {""species"" : ""Lettuce Sea Slug"", ""count"" : 1}, {""species"" : ""Lionfish Alive"", ""count"" : 1}, {""species"" : ""Lionfish Dead"", ""count"" : 2}, {""species"" : ""Green Turtle"", ""count"" : 1}, {""species"" : ""Caribbean Reef Shark"", ""count"" : 1}]"
1242,"2024-10-15",2,"Shark Bait","Vicky","Ladder Drift",17,31,"[{""species"" : ""Green Turtle"", ""count"" : 6}, {""species"" : ""Caribbean Reef Shark"", ""count"" : 1}, {""species"" : ""Nurse Shark"", ""count"" : 3}, {""species"" : ""Southern Stingray"", ""count"" : 3}, {""species"" : ""Flamingo Tongue"", ""count"" : 1}]"
1246,"2024-10-15",1,"Shark Bait","Josef","Customs House",29,29,"[{""species"" : ""Green Turtle"", ""count"" : 3}, {""species"" : ""Longspine Sea Urchin"", ""count"" : 2}, {""species"" : ""Lettuce Sea Slug"", ""count"" : 1}]"
1248,"2024-10-15",3,"Shark Bait","Aaron ","Rays and Anchors",12,30,"[{""species"" : ""Green Turtle"", ""count"" : 1}, {""species"" : ""Nurse Shark"", ""count"" : 1}]"
1249,"2024-10-16",2,"Shark Bait","Josef","Tent Shallow",27,29,"[{""species"" : ""Green Turtle"", ""count"" : 4}, {""species"" : ""Caribbean Reef Shark"", ""count"" : 5}, {""species"" : ""Nurse Shark"", ""count"" : 1}, {""species"" : ""Longspine Sea Urchin"", ""count"" : 2}, {""species"" : ""Lettuce Sea Slug"", ""count"" : 3}]"
1250,"2024-10-16",3,"Shark Bait","Josef","Tent Boulders",26,27,"[{""species"" : ""Lettuce Sea Slug"", ""count"" : 13}, {""species"" : ""Caribbean Reef Shark"", ""count"" : 1}, {""species"" : ""Green Turtle"", ""count"" : 1}]"
1251,"2024-10-16",1,"Shark Bait","Aaron ","Twilight Zone",33,30,"[{""species"" : ""Tiger Grouper"", ""count"" : 2}, {""species"" : ""Caribbean Reef Shark"", ""count"" : 1}, {""species"" : ""Nurse Shark"", ""count"" : 1}]"
1252,"2024-10-16",3,"Shark Bait","Aaron ","Tent Boulders",15,30,"[{""species"" : ""Green Turtle"", ""count"" : 2}]"
1253,"2024-10-17",1,"Shark Bait","Vicky","Third Encounter",32,30,"[{""species"" : ""Nurse Shark"", ""count"" : 1}, {""species"" : ""Tiger Grouper"", ""count"" : 1}]"
1254,"2024-10-17",2,"Shark Bait","Vicky","Diamond Rock",26,31,"[{""species"" : ""Lionfish Alive"", ""count"" : 1}, {""species"" : ""Southern Stingray"", ""count"" : 2}, {""species"" : ""Nurse Shark"", ""count"" : 1}, {""species"" : ""Yellowfin Grouper"", ""count"" : 1}]"
1255,"2024-10-17",2,"Shark Bait","Aaron ","Diamond Rock",24,30,"[{""species"" : ""Green Turtle"", ""count"" : 1}, {""species"" : ""Yellowfin Grouper"", ""count"" : 4}, {""species"" : ""Nurse Shark"", ""count"" : 2}, {""species"" : ""Caribbean Reef Shark"", ""count"" : 1}]"
1256,"2024-10-17",1,"Shark Bait","Robins","Twilight Zone",32,29,"[{""species"" : ""Nassau Grouper"", ""count"" : 4}, {""species"" : ""Tiger Grouper"", ""count"" : 5}, {""species"" : ""Yellowfin Grouper"", ""count"" : 7}, {""species"" : ""Nurse Shark"", ""count"" : 2}]"
1257,"2024-10-17",2,"Shark Bait","Robins","Tent Shallow",24,30,"[{""species"" : ""Yellowfin Grouper"", ""count"" : 6}, {""species"" : ""Caribbean Reef Shark"", ""count"" : 2}, {""species"" : ""Nurse Shark"", ""count"" : 1}, {""species"" : ""Southern Stingray"", ""count"" : 5}, {""species"" : ""Green Turtle"", ""count"" : 8}, {""species"" : ""Nassau Grouper"", ""count"" : 5}, {""species"" : ""Tiger Grouper"", ""count"" : 4}]"
1258,"2024-10-18",1,"Shark Bait","Robins","Third Encounter",34,29,"[{""species"" : ""Nurse Shark"", ""count"" : 2}]"
1259,"2024-10-18",3,"Shark Bait","Robins","Hot Springs",23,29,"[{""species"" : ""Southern Stingray"", ""count"" : 8}, {""species"" : ""Green Turtle"", ""count"" : 12}, {""species"" : ""Caribbean Reef Shark"", ""count"" : 1}, {""species"" : ""Nurse Shark"", ""count"" : 2}, {""species"" : ""Nassau Grouper"", ""count"" : 6}, {""species"" : ""Tiger Grouper"", ""count"" : 4}, {""species"" : ""Yellowfin Grouper"", ""count"" : 5}]"
1260,"2024-10-18",1,"Fin & Tonic","Bart","Core Gut",26,30,"[{""species"" : ""Caribbean Reef Shark"", ""count"" : 1}, {""species"" : ""Nassau Grouper"", ""count"" : 1}, {""species"" : ""Lettuce Sea Slug"", ""count"" : 2}, {""species"" : ""Flamingo Tongue"", ""count"" : 3}]"
1261,"2024-10-18",2,"Fin & Tonic","Bart","Tent Reef",21,30,"[{""species"" : ""Lettuce Sea Slug"", ""count"" : 3}, {""species"" : ""Flamingo Tongue"", ""count"" : 2}, {""species"" : ""Southern Stingray"", ""count"" : 6}, {""species"" : ""Nurse Shark"", ""count"" : 3}, {""species"" : ""Caribbean Reef Shark"", ""count"" : 4}, {""species"" : ""Hawksbill Turtle"", ""count"" : 2}, {""species"" : ""Green Turtle"", ""count"" : 3}]"
1262,"2024-10-18",1,"Fin & Tonic","Robins","Core Gut",32,29,"[{""species"" : ""Lionfish Alive"", ""count"" : 4}, {""species"" : ""Yellowfin Grouper"", ""count"" : 8}, {""species"" : ""Green Turtle"", ""count"" : 2}, {""species"" : ""Caribbean Reef Shark"", ""count"" : 1}, {""species"" : ""Southern Stingray"", ""count"" : 3}, {""species"" : ""Nassau Grouper"", ""count"" : 6}, {""species"" : ""Tiger Grouper"", ""count"" : 5}]"
1264,"2024-10-20",1,"Shark Bait","Vicky","Babylon",24,30,"[{""species"" : ""Green Turtle"", ""count"" : 1}, {""species"" : ""Nurse Shark"", ""count"" : 1}]"
1263,"2024-10-20",2,"Shark Bait","Aaron ","Tent Reef",22,30,"[{""species"" : ""Green Turtle"", ""count"" : 2}, {""species"" : ""Yellowfin Grouper"", ""count"" : 1}, {""species"" : ""Nurse Shark"", ""count"" : 1}, {""species"" : ""Hawksbill Turtle"", ""count"" : 1}]"
1265,"2024-10-20",1,"Fin & Tonic","Robins","Tent Drift",24,31,"[{""species"" : ""Green Turtle"", ""count"" : 12}, {""species"" : ""Caribbean Reef Shark"", ""count"" : 6}, {""species"" : ""Nurse Shark"", ""count"" : 1}, {""species"" : ""Southern Stingray"", ""count"" : 6}, {""species"" : ""Nassau Grouper"", ""count"" : 8}, {""species"" : ""Yellowfin Grouper"", ""count"" : 9}]"
1277,"2024-10-20",1,"Fin & Tonic","Bart","Tent Drift",24,30,"[{""species"" : ""Southern Stingray"", ""count"" : 3}, {""species"" : ""Green Turtle"", ""count"" : 2}, {""species"" : ""Hawksbill Turtle"", ""count"" : 1}, {""species"" : ""Caribbean Reef Shark"", ""count"" : 5}, {""species"" : ""Nurse Shark"", ""count"" : 2}, {""species"" : ""Flamingo Tongue"", ""count"" : 2}]"
1267,"2024-10-21",1,"Shark Bait","Aaron ","Twilight Zone",33,30,"[{""species"" : ""Caribbean Reef Shark"", ""count"" : 1}]"
1268,"2024-10-21",1,"Shark Bait","Vicky","Twilight Zone",30,30,"[{""species"" : ""Caribbean Reef Shark"", ""count"" : 2}, {""species"" : ""Nurse Shark"", ""count"" : 1}, {""species"" : ""Lionfish Alive"", ""count"" : 2}]"
1269,"2024-10-21",2,"Fin & Tonic","Vicky","Diamond Rock",24,30,"[{""species"" : ""Green Turtle"", ""count"" : 2}, {""species"" : ""Southern Stingray"", ""count"" : 3}, {""species"" : ""Flamingo Tongue"", ""count"" : 2}]"
1275,"2024-10-21",1,"Fin & Tonic","Otto","Diamond Rock",24,29,"[{""species"" : null, ""count"" : null}]"
1278,"2024-10-21",1,"Fin & Tonic","Bart","Diamond Rock",24,30,"[{""species"" : ""Southern Stingray"", ""count"" : 4}, {""species"" : ""Green Turtle"", ""count"" : 2}]"
1266,"2024-10-21",2,"Fin & Tonic","Robins","Man of War Shoals",20,31,"[{""species"" : ""Green Turtle"", ""count"" : 4}, {""species"" : ""Caribbean Reef Shark"", ""count"" : 2}, {""species"" : ""Southern Stingray"", ""count"" : 8}, {""species"" : ""Tiger Grouper"", ""count"" : 5}, {""species"" : ""Yellowfin Grouper"", ""count"" : 8}, {""species"" : ""Nassau Grouper"", ""count"" : 7}]"
1273,"2024-10-22",2,"Fin & Tonic","Otto","Babylon",23,29,"[{""species"" : null, ""count"" : null}]"
1274,"2024-10-22",3,"Fin & Tonic","Otto","Tent Shallow",21,29,"[{""species"" : null, ""count"" : null}]"
1276,"2024-10-22",1,"Shark Bait","Josef","Third Encounter",39,29,"[{""species"" : ""Hawksbill Turtle"", ""count"" : 1}, {""species"" : ""Tiger Grouper"", ""count"" : 1}]"
1279,"2024-10-22",2,"Fin & Tonic","Bart","Babylon",27,30,"[{""species"" : ""Green Turtle"", ""count"" : 1}, {""species"" : ""Nurse Shark"", ""count"" : 2}]"
1280,"2024-10-22",3,"Fin & Tonic","Bart","Tent Drift",20,30,"[{""species"" : ""Southern Stingray"", ""count"" : 5}, {""species"" : ""Lettuce Sea Slug"", ""count"" : 2}, {""species"" : ""Green Turtle"", ""count"" : 3}, {""species"" : ""Hawksbill Turtle"", ""count"" : 1}, {""species"" : ""Caribbean Reef Shark"", ""count"" : 1}, {""species"" : ""Flamingo Tongue"", ""count"" : 3}]"
1281,"2024-10-22",2,"Shark Bait","Aaron ","50 50",24,30,"[{""species"" : ""Green Turtle"", ""count"" : 8}, {""species"" : ""Yellowfin Grouper"", ""count"" : 1}]"
1288,"2024-10-22",1,"Fin & Tonic","Robins","Shark Shoals",32,31,"[{""species"" : ""Green Turtle"", ""count"" : 1}]"
1270,"2024-10-22",1,"Shark Bait","Vicky","Third Encounter",32,30,"[{""species"" : ""Nurse Shark"", ""count"" : 3}, {""species"" : ""Hawksbill Turtle"", ""count"" : 1}]"
1271,"2024-10-22",1,"Fin & Tonic","Otto","Shark Shoals",30,29,"[{""species"" : ""Hawksbill Turtle"", ""count"" : 1}]"
1272,"2024-10-22",2,"Shark Bait","Vicky","50 50",22,30,"[{""species"" : ""Green Turtle"", ""count"" : 5}, {""species"" : ""Leech Head Shield Slug"", ""count"" : 1}]"
1283,"2024-10-23",2,"Shark Bait","Vicky","Hot Springs",22,30,"[{""species"" : ""Leech Head Shield Slug"", ""count"" : 1}, {""species"" : ""Green Turtle"", ""count"" : 5}, {""species"" : ""Nurse Shark"", ""count"" : 1}, {""species"" : ""Southern Stingray"", ""count"" : 2}]"
1284,"2024-10-23",3,"Fin & Tonic","Caroline","Hot Springs",12,27,"[{""species"" : ""Nurse Shark"", ""count"" : 1}]"
1285,"2024-10-23",1,"Shark Bait","Aaron ","Man of War Shoals",22,30,"[{""species"" : ""Yellowfin Grouper"", ""count"" : 4}, {""species"" : ""Southern Stingray"", ""count"" : 4}, {""species"" : ""Green Turtle"", ""count"" : 2}]"
1286,"2024-10-23",3,"Shark Bait","Aaron ","50 50",15,30,"[{""species"" : ""Caribbean Reef Shark"", ""count"" : 3}, {""species"" : ""Nurse Shark"", ""count"" : 3}]"
1287,"2024-10-23",3,"Fin & Tonic","Robins","Hot Springs",24,31,"[{""species"" : ""Southern Stingray"", ""count"" : 6}, {""species"" : ""Nassau Grouper"", ""count"" : 6}, {""species"" : ""Yellowfin Grouper"", ""count"" : 8}, {""species"" : ""Green Turtle"", ""count"" : 10}, {""species"" : ""Tiger Grouper"", ""count"" : 4}]"
1282,"2024-10-23",1,"Shark Bait","Vicky","Man of War Shoals",22,30,"[{""species"" : ""Southern Stingray"", ""count"" : 2}, {""species"" : ""Green Turtle"", ""count"" : 2}]"
1294,"2024-10-24",3,"Fin & Tonic","Otto","Hole in the Corner",22,29,"[{""species"" : null, ""count"" : null}]"
1289,"2024-10-24",1,"Shark Bait","Vicky","Big Rock Deep",22,30,"[{""species"" : ""Roughtail Stingray"", ""count"" : 1}]"
1296,"2024-10-24",3,"Shark Bait","Lenny","Tent Boulders",15,27,"[{""species"" : ""Tiger Grouper"", ""count"" : 1}, {""species"" : ""Green Turtle"", ""count"" : 3}, {""species"" : ""Hawksbill Turtle"", ""count"" : 1}, {""species"" : ""Southern Stingray"", ""count"" : 3}, {""species"" : ""Lettuce Sea Slug"", ""count"" : 8}, {""species"" : ""Lionfish Alive"", ""count"" : 2}]"
1295,"2024-10-24",1,"Shark Bait","Lenny","Big Rock Deep",23,27,"[{""species"" : ""Southern Stingray"", ""count"" : 2}, {""species"" : ""Lettuce Sea Slug"", ""count"" : 6}, {""species"" : ""Green Turtle"", ""count"" : 2}, {""species"" : ""Flamingo Tongue"", ""count"" : 3}, {""species"" : ""Long Snout Seahorse"", ""count"" : 1}]"
1290,"2024-10-24",2,"Shark Bait","Vicky","Tent Reef Wall",23,30,"[{""species"" : ""Longspine Sea Urchin"", ""count"" : 1}, {""species"" : ""Hawksbill Turtle"", ""count"" : 1}, {""species"" : ""Caribbean Reef Shark"", ""count"" : 1}, {""species"" : ""Lettuce Sea Slug"", ""count"" : 7}]"
1291,"2024-10-24",1,"Fin & Tonic","Caroline","Core Gut",30,27,"[{""species"" : ""Caribbean Reef Shark"", ""count"" : 1}, {""species"" : ""Lionfish Alive"", ""count"" : 7}]"
1292,"2024-10-24",2,"Fin & Tonic","Caroline","Airport Drift",23,27,"[{""species"" : ""Nurse Shark"", ""count"" : 1}, {""species"" : ""Lionfish Alive"", ""count"" : 4}]"
1293,"2024-10-24",2,"Shark Bait","Aaron ","Tent Boulders",22,30,"[{""species"" : ""Caribbean Reef Shark"", ""count"" : 1}, {""species"" : ""Green Turtle"", ""count"" : 1}, {""species"" : ""Hawksbill Turtle"", ""count"" : 1}]"
1306,"2024-10-26",2,"Fin & Tonic","Robins","Hot Springs",23,31,"[{""species"" : ""Yellowfin Grouper"", ""count"" : 8}, {""species"" : ""Tiger Grouper"", ""count"" : 5}, {""species"" : ""Lettuce Sea Slug"", ""count"" : 3}, {""species"" : ""Green Turtle"", ""count"" : 8}, {""species"" : ""Caribbean Reef Shark"", ""count"" : 1}, {""species"" : ""Nurse Shark"", ""count"" : 3}, {""species"" : ""Southern Stingray"", ""count"" : 7}, {""species"" : ""Nassau Grouper"", ""count"" : 7}]"
1302,"2024-10-26",3,"Fin & Tonic","Bart","Man of War Shoals",18,30,"[{""species"" : ""Caribbean Reef Shark"", ""count"" : 1}, {""species"" : ""Southern Stingray"", ""count"" : 2}, {""species"" : ""Yellowfin Grouper"", ""count"" : 2}, {""species"" : ""Green Turtle"", ""count"" : 6}]"
1304,"2024-10-26",1,"Fin & Tonic","Robins","Tent Shallow",27,31,"[{""species"" : ""Southern Stingray"", ""count"" : 7}, {""species"" : ""Tiger Grouper"", ""count"" : 4}, {""species"" : ""Yellowfin Grouper"", ""count"" : 8}, {""species"" : ""Green Turtle"", ""count"" : 9}, {""species"" : ""Caribbean Reef Shark"", ""count"" : 3}, {""species"" : ""Nurse Shark"", ""count"" : 1}, {""species"" : ""Nassau Grouper"", ""count"" : 6}]"
1299,"2024-10-27",2,"Shark Bait","Vicky","Man of War Shoals",22,30,"[{""species"" : ""Green Turtle"", ""count"" : 4}, {""species"" : ""Southern Stingray"", ""count"" : 1}]"
1301,"2024-10-27",3,"Fin & Tonic","Bart","Ladder Drift",17,30,"[{""species"" : ""Yellowfin Grouper"", ""count"" : 2}, {""species"" : ""Green Turtle"", ""count"" : 2}, {""species"" : ""Caribbean Reef Shark"", ""count"" : 1}, {""species"" : ""Nurse Shark"", ""count"" : 1}, {""species"" : ""Southern Stingray"", ""count"" : 2}]"
1303,"2024-10-27",1,"Shark Bait","Robins","Babylon",26,31,"[{""species"" : ""Nurse Shark"", ""count"" : 3}, {""species"" : ""Southern Stingray"", ""count"" : 3}, {""species"" : ""Yellowfin Grouper"", ""count"" : 8}, {""species"" : ""Nassau Grouper"", ""count"" : 6}, {""species"" : ""Tiger Grouper"", ""count"" : 5}, {""species"" : ""Lionfish Alive"", ""count"" : 1}, {""species"" : ""Green Turtle"", ""count"" : 8}]"
1298,"2024-10-27",1,"Shark Bait","Vicky","Babylon",24,30,"[{""species"" : ""Hawksbill Turtle"", ""count"" : 1}, {""species"" : ""Nurse Shark"", ""count"" : 2}, {""species"" : ""Flamingo Tongue"", ""count"" : 1}]"
1305,"2024-10-27",2,"Shark Bait","Aaron ","Man of War Shoals",22,30,"[{""species"" : ""Yellowfin Grouper"", ""count"" : 4}, {""species"" : ""Green Turtle"", ""count"" : 4}, {""species"" : ""Southern Stingray"", ""count"" : 4}]"
1297,"2024-10-27",1,"Shark Bait","Caroline","Babylon",22,27,"[{""species"" : ""Nurse Shark"", ""count"" : 2}]"
1307,"2024-10-27",2,"Shark Bait","Robins","Man of War Shoals",22,31,"[{""species"" : ""Southern Stingray"", ""count"" : 10}, {""species"" : ""Tiger Grouper"", ""count"" : 7}, {""species"" : ""Yellowfin Grouper"", ""count"" : 10}, {""species"" : ""Green Turtle"", ""count"" : 6}, {""species"" : ""Caribbean Reef Shark"", ""count"" : 1}, {""species"" : ""Nassau Grouper"", ""count"" : 8}]"
1300,"2024-10-27",2,"Fin & Tonic","Bart","50 50",23,30,"[{""species"" : ""Nurse Shark"", ""count"" : 1}, {""species"" : ""Green Turtle"", ""count"" : 4}, {""species"" : ""Southern Stingray"", ""count"" : 5}]"
1309,"2024-10-28",1,"Shark Bait","Vicky","Tent Reef Wall",24,30,"[{""species"" : ""Green Turtle"", ""count"" : 3}, {""species"" : ""Southern Stingray"", ""count"" : 1}]"
1310,"2024-10-28",2,"Shark Bait","Vicky","Tent Shallow",24,30,"[{""species"" : ""Flamingo Tongue"", ""count"" : 3}, {""species"" : ""Caribbean Reef Shark"", ""count"" : 1}, {""species"" : ""Southern Stingray"", ""count"" : 4}]"
1328,"2024-10-28",2,"Shark Bait","Robins","Tent Shallow",24,30,"[{""species"" : ""Yellowfin Grouper"", ""count"" : 6}, {""species"" : ""Green Turtle"", ""count"" : 7}, {""species"" : ""Caribbean Reef Shark"", ""count"" : 1}, {""species"" : ""Nurse Shark"", ""count"" : 1}, {""species"" : ""Southern Stingray"", ""count"" : 5}, {""species"" : ""Nassau Grouper"", ""count"" : 8}, {""species"" : ""Tiger Grouper"", ""count"" : 5}]"
1311,"2024-10-28",3,"Shark Bait","Vicky","Diamond Rock",24,30,"[{""species"" : ""Leech Head Shield Slug"", ""count"" : 1}, {""species"" : ""Lionfish Alive"", ""count"" : 1}, {""species"" : ""Yellowfin Grouper"", ""count"" : 2}, {""species"" : ""Southern Stingray"", ""count"" : 3}]"
1312,"2024-10-28",1,"Shark Bait","Aaron ","Tent Reef Wall",27,30,"[{""species"" : ""Green Turtle"", ""count"" : 4}, {""species"" : ""Hawksbill Turtle"", ""count"" : 1}, {""species"" : ""Yellowfin Grouper"", ""count"" : 1}, {""species"" : ""Sea Egg"", ""count"" : 1}]"
1313,"2024-10-28",1,"Fin & Tonic","Josef","Man of War Shoals",19,29,"[{""species"" : ""Green Turtle"", ""count"" : 4}, {""species"" : ""Caribbean Reef Shark"", ""count"" : 1}, {""species"" : ""Roughtail Stingray"", ""count"" : 2}]"
1314,"2024-10-28",2,"Shark Bait","Aaron ","Tent Shallow",22,30,"[{""species"" : ""Caribbean Reef Shark"", ""count"" : 3}, {""species"" : ""Green Turtle"", ""count"" : 4}, {""species"" : ""Yellowfin Grouper"", ""count"" : 1}, {""species"" : ""Southern Stingray"", ""count"" : 5}]"
1315,"2024-10-28",3,"Fin & Tonic","Josef","Hole in the Corner",27,29,"[{""species"" : ""Nurse Shark"", ""count"" : 1}]"
1316,"2024-10-28",3,"Shark Bait","Caroline","Diamond Rock",20,27,"[{""species"" : null, ""count"" : null}]"
1308,"2024-10-28",2,"Fin & Tonic","Bart","Babylon",20,30,"[{""species"" : ""Nurse Shark"", ""count"" : 2}, {""species"" : ""Green Turtle"", ""count"" : 1}, {""species"" : ""Flamingo Tongue"", ""count"" : 8}]"
1319,"2024-10-29",2,"Shark Bait","Caroline","Hot Springs",22,27,"[{""species"" : ""Caribbean Reef Shark"", ""count"" : 2}]"
1317,"2024-10-29",1,"Shark Bait","Vicky","Twilight Zone",32,30,"[{""species"" : ""Lionfish Alive"", ""count"" : 2}, {""species"" : ""Caribbean Reef Shark"", ""count"" : 1}]"
1318,"2024-10-29",2,"Shark Bait","Vicky","Hot Springs",24,30,"[{""species"" : ""Lettuce Sea Slug"", ""count"" : 4}, {""species"" : ""Yellowfin Grouper"", ""count"" : 1}, {""species"" : ""Flamingo Tongue"", ""count"" : 2}, {""species"" : ""Green Turtle"", ""count"" : 5}, {""species"" : ""Caribbean Reef Shark"", ""count"" : 2}, {""species"" : ""Nurse Shark"", ""count"" : 1}]"
1320,"2024-10-29",3,"Shark Bait","Caroline","Man of War Shoals",21,27,"[{""species"" : null, ""count"" : null}]"
1321,"2024-10-29",2,"Fin & Tonic","Josef","50 50",29,29,"[{""species"" : ""Caribbean Reef Shark"", ""count"" : 3}, {""species"" : ""Nurse Shark"", ""count"" : 2}, {""species"" : ""Green Turtle"", ""count"" : 4}]"
1322,"2024-10-29",1,"Fin & Tonic","Bart","Hole in the Corner",26,30,"[{""species"" : ""Caribbean Reef Shark"", ""count"" : 1}]"
1323,"2024-10-29",3,"Fin & Tonic","Bart","50 50",18,30,"[{""species"" : ""Green Turtle"", ""count"" : 4}, {""species"" : ""Caribbean Reef Shark"", ""count"" : 2}, {""species"" : ""Nurse Shark"", ""count"" : 3}, {""species"" : ""Southern Stingray"", ""count"" : 5}]"
1324,"2024-10-29",1,"Shark Bait","Robins","Twilight Zone",26,30,"[{""species"" : null, ""count"" : null}]"
1325,"2024-10-29",1,"Shark Bait","Aaron ","Twilight Zone",33,30,"[{""species"" : ""Caribbean Reef Shark"", ""count"" : 1}]"
1326,"2024-10-29",2,"Shark Bait","Robins","Hot Springs",23,31,"[{""species"" : ""Nurse Shark"", ""count"" : 2}, {""species"" : ""Southern Stingray"", ""count"" : 6}, {""species"" : ""Nassau Grouper"", ""count"" : 7}, {""species"" : ""Tiger Grouper"", ""count"" : 4}, {""species"" : ""Yellowfin Grouper"", ""count"" : 6}, {""species"" : ""Green Turtle"", ""count"" : 8}]"
1327,"2024-10-29",3,"Shark Bait","Aaron ","Man of War Shoals",22,30,"[{""species"" : ""Southern Stingray"", ""count"" : 4}, {""species"" : ""Green Turtle"", ""count"" : 8}, {""species"" : ""Yellowfin Grouper"", ""count"" : 4}]"
1329,"2024-10-30",1,"Shark Bait","Robins","Third Encounter",28,30,"[{""species"" : ""Tiger Grouper"", ""count"" : 3}, {""species"" : ""Lionfish Dead"", ""count"" : 1}, {""species"" : ""Nurse Shark"", ""count"" : 1}, {""species"" : ""Nassau Grouper"", ""count"" : 7}, {""species"" : ""Yellowfin Grouper"", ""count"" : 6}]"
1330,"2024-10-30",2,"Shark Bait","Robins","50 50",20,30,"[{""species"" : ""Blacktip Reef Shark"", ""count"" : 2}, {""species"" : ""Lettuce Sea Slug"", ""count"" : 2}, {""species"" : ""Tiger Grouper"", ""count"" : 4}, {""species"" : ""Yellowfin Grouper"", ""count"" : 6}, {""species"" : ""Nassau Grouper"", ""count"" : 7}, {""species"" : ""Southern Stingray"", ""count"" : 4}, {""species"" : ""Green Turtle"", ""count"" : 9}]"
1331,"2024-10-30",1,"Shark Bait","Vicky","Third Encounter",32,30,"[{""species"" : ""Nurse Shark"", ""count"" : 3}, {""species"" : ""Caribbean Reef Shark"", ""count"" : 1}, {""species"" : ""Lionfish Dead"", ""count"" : 1}]"
1332,"2024-10-30",2,"Shark Bait","Vicky","50 50",23,30,"[{""species"" : ""Southern Stingray"", ""count"" : 3}, {""species"" : ""Lionfish Alive"", ""count"" : 1}, {""species"" : ""Flamingo Tongue"", ""count"" : 2}, {""species"" : ""Green Turtle"", ""count"" : 4}, {""species"" : ""Nurse Shark"", ""count"" : 3}]"
1333,"2024-10-30",1,"Shark Bait","Aaron ","Third Encounter",33,30,"[{""species"" : ""Yellowfin Grouper"", ""count"" : 1}, {""species"" : ""Nurse Shark"", ""count"" : 2}, {""species"" : ""Nassau Grouper"", ""count"" : 1}, {""species"" : ""Tiger Grouper"", ""count"" : 1}]"
1334,"2024-11-01",1,"Shark Bait","Bart","Man of War Shoals",21,30,"[{""species"" : ""Lettuce Sea Slug"", ""count"" : 8}, {""species"" : ""Green Turtle"", ""count"" : 4}, {""species"" : ""Flamingo Tongue"", ""count"" : 4}, {""species"" : ""Southern Stingray"", ""count"" : 2}]"
1335,"2024-11-01",2,"Shark Bait","Caroline","Hot Springs",20,27,"[{""species"" : ""Nurse Shark"", ""count"" : 1}]"
1336,"2024-11-03",1,"Shark Bait","Bart","Twilight Zone",32,31,"[{""species"" : ""Nurse Shark"", ""count"" : 2}, {""species"" : ""Caribbean Reef Shark"", ""count"" : 1}]"
1337,"2024-11-03",2,"Shark Bait","Aaron ","Tent Reef",24,29,"[{""species"" : ""Green Turtle"", ""count"" : 1}, {""species"" : ""Nurse Shark"", ""count"" : 2}]"
1338,"2024-11-03",3,"Shark Bait","Bart","Hole in the Corner",18,30,"[{""species"" : null, ""count"" : null}]"
1340,"2024-11-04",1,"Fin & Tonic","Daniel ","Man of War Shoals",22,30,"[{""species"" : ""Green Turtle"", ""count"" : 1}, {""species"" : ""Southern Stingray"", ""count"" : 5}, {""species"" : ""Longspine Sea Urchin"", ""count"" : 5}, {""species"" : ""Flamingo Tongue"", ""count"" : 2}]"
1339,"2024-11-04",1,"Fin & Tonic","Aaron ","Man of War Shoals",22,29,"[{""species"" : ""Roughtail Stingray"", ""count"" : 2}, {""species"" : ""Green Turtle"", ""count"" : 4}, {""species"" : ""Caribbean Reef Shark"", ""count"" : 1}, {""species"" : ""Southern Stingray"", ""count"" : 4}, {""species"" : ""Yellowfin Grouper"", ""count"" : 4}]"
1341,"2024-11-04",2,"Fin & Tonic","Daniel ","Tent Shallow",24,29,"[{""species"" : ""Nurse Shark"", ""count"" : 1}, {""species"" : ""Green Turtle"", ""count"" : 2}, {""species"" : ""Southern Stingray"", ""count"" : 3}]"
1342,"2024-11-04",3,"Shark Bait","Caroline","Tent Shallow",12,27,"[{""species"" : ""Lionfish Alive"", ""count"" : 2}]"
1343,"2024-11-04",2,"Shark Bait","Bart","Man of War Shoals",21,30,"[{""species"" : ""Green Turtle"", ""count"" : 3}, {""species"" : ""Southern Stingray"", ""count"" : 6}, {""species"" : ""Yellowfin Grouper"", ""count"" : 2}]"
1344,"2024-11-04",3,"Shark Bait","Bart","Tent Shallow",18,30,"[{""species"" : ""Flamingo Tongue"", ""count"" : 3}, {""species"" : ""Green Turtle"", ""count"" : 2}, {""species"" : ""Southern Stingray"", ""count"" : 4}]"
1345,"2024-11-04",1,"Shark Bait","Otto","Customs House",27,29,"[{""species"" : ""Nurse Shark"", ""count"" : 1}, {""species"" : ""Green Turtle"", ""count"" : 2}]"
1346,"2024-11-04",2,"Shark Bait","Otto","Man of War Shoals",21,29,"[{""species"" : ""Green Turtle"", ""count"" : 2}]"
1350,"2024-11-05",1,"Fin & Tonic","Josef","Tent Deep",25,29,"[{""species"" : null, ""count"" : null}]"
1347,"2024-11-05",1,"Fin & Tonic","Daniel ","Tent Deep",27,29,"[{""species"" : ""Green Turtle"", ""count"" : 2}, {""species"" : ""Nurse Shark"", ""count"" : 1}, {""species"" : ""Southern Stingray"", ""count"" : 3}, {""species"" : ""Longspine Sea Urchin"", ""count"" : 3}]"
1349,"2024-11-05",2,"Shark Bait","Bart","Hole in the Corner",21,30,"[{""species"" : ""Nurse Shark"", ""count"" : 1}, {""species"" : ""Caribbean Reef Shark"", ""count"" : 1}]"
1352,"2024-11-05",2,"Fin & Tonic","Aaron ","Hot Springs",24,29,"[{""species"" : ""Nurse Shark"", ""count"" : 2}, {""species"" : ""Green Turtle"", ""count"" : 6}]"
1348,"2024-11-05",2,"Fin & Tonic","Daniel ","Hot Springs",23,29,"[{""species"" : ""Nurse Shark"", ""count"" : 2}, {""species"" : ""Green Turtle"", ""count"" : 3}]"
1356,"2024-11-06",2,"Shark Bait","Otto","50 50",20,29,"[{""species"" : ""Southern Stingray"", ""count"" : 3}, {""species"" : ""Nurse Shark"", ""count"" : 1}, {""species"" : ""Green Turtle"", ""count"" : 3}]"
1351,"2024-11-06",1,"Fin & Tonic","Vicky","Customs House",27,30,"[{""species"" : ""Southern Stingray"", ""count"" : 3}, {""species"" : ""Green Turtle"", ""count"" : 5}, {""species"" : ""Caribbean Reef Shark"", ""count"" : 1}, {""species"" : ""Nurse Shark"", ""count"" : 1}, {""species"" : ""Lionfish Alive"", ""count"" : 1}]"
1353,"2024-11-06",2,"Fin & Tonic","Vicky","Diamond Rock",24,30,"[{""species"" : ""Yellowfin Grouper"", ""count"" : 1}, {""species"" : ""Southern Stingray"", ""count"" : 2}, {""species"" : ""Hawksbill Turtle"", ""count"" : 1}]"
1354,"2024-11-06",3,"Shark Bait","Josef","Torrens Point",17,29,"[{""species"" : ""Nurse Shark"", ""count"" : 1}]"
1355,"2024-11-06",1,"Shark Bait","Otto","Outer Limits",30,29,"[{""species"" : ""Nurse Shark"", ""count"" : 1}]"
1363,"2024-11-07",2,"Shark Bait","Otto","Abraham's Hole",21,29,"[{""species"" : ""Caribbean Reef Shark"", ""count"" : 1}, {""species"" : ""Nurse Shark"", ""count"" : 2}, {""species"" : ""Tiger Grouper"", ""count"" : 1}]"
1357,"2024-11-07",1,"Fin & Tonic","Vicky","Tent Shallow",23,30,"[{""species"" : ""Caribbean Reef Shark"", ""count"" : 1}, {""species"" : ""Southern Stingray"", ""count"" : 1}]"
1358,"2024-11-07",2,"Fin & Tonic","Vicky","Big Rock Market",22,30,"[{""species"" : null, ""count"" : null}]"
1359,"2024-11-07",1,"Fin & Tonic","Daniel ","Tent Shallow",21,29,"[{""species"" : ""Southern Stingray"", ""count"" : 1}, {""species"" : ""Flamingo Tongue"", ""count"" : 2}, {""species"" : ""Caribbean Reef Shark"", ""count"" : 1}, {""species"" : ""Nurse Shark"", ""count"" : 1}]"
1360,"2024-11-07",3,"Fin & Tonic","Daniel ","Hole in the Corner",20,29,"[{""species"" : ""Lettuce Sea Slug"", ""count"" : 1}, {""species"" : ""Nurse Shark"", ""count"" : 1}]"
1361,"2024-11-07",2,"Fin & Tonic","Aaron ","Big Rock Deep",22,29,"[{""species"" : null, ""count"" : null}]"
1362,"2024-11-07",1,"Shark Bait","Otto","Third Encounter",30,29,"[{""species"" : ""Nurse Shark"", ""count"" : 1}, {""species"" : ""Yellowfin Grouper"", ""count"" : 4}]"
1387,"2024-11-07",1,"Fin & Tonic","Robins","Diamond Rock",26,30,"[{""species"" : ""Yellowfin Grouper"", ""count"" : 8}, {""species"" : ""Green Turtle"", ""count"" : 8}, {""species"" : ""Caribbean Reef Shark"", ""count"" : 1}, {""species"" : ""Southern Stingray"", ""count"" : 6}, {""species"" : ""Nassau Grouper"", ""count"" : 6}, {""species"" : ""Tiger Grouper"", ""count"" : 3}]"
1365,"2024-11-08",2,"Fin & Tonic","Daniel ","50 50",24,29,"[{""species"" : ""Lettuce Sea Slug"", ""count"" : 1}]"
1366,"2024-11-08",1,"Fin & Tonic","Lenny","Babylon",27,27,"[{""species"" : ""Nassau Grouper"", ""count"" : 1}, {""species"" : ""Green Turtle"", ""count"" : 1}, {""species"" : ""Nurse Shark"", ""count"" : 2}, {""species"" : ""Southern Stingray"", ""count"" : 2}, {""species"" : ""Lettuce Sea Slug"", ""count"" : 4}, {""species"" : ""Flamingo Tongue"", ""count"" : 3}, {""species"" : ""Lionfish Alive"", ""count"" : 3}]"
1367,"2024-11-08",2,"Fin & Tonic","Lenny","50 50",23,27,"[{""species"" : ""Green Turtle"", ""count"" : 4}, {""species"" : ""Nurse Shark"", ""count"" : 2}, {""species"" : ""Southern Stingray"", ""count"" : 5}, {""species"" : ""Lettuce Sea Slug"", ""count"" : 8}, {""species"" : ""Lionfish Alive"", ""count"" : 2}]"
1368,"2024-11-08",1,"Shark Bait","Otto","Tedran Wall",30,29,"[{""species"" : null, ""count"" : null}]"
1369,"2024-11-08",2,"Shark Bait","Otto","Hot Springs",21,29,"[{""species"" : ""Green Turtle"", ""count"" : 1}, {""species"" : ""Nurse Shark"", ""count"" : 2}]"
1370,"2024-11-08",3,"Shark Bait","Otto","Tent Shallow",24,29,"[{""species"" : ""Green Turtle"", ""count"" : 1}, {""species"" : ""Caribbean Reef Shark"", ""count"" : 2}]"
1388,"2024-11-08",3,"Fin & Tonic","Robins","Core Gut",22,30,"[{""species"" : ""Red-tipped Sea Goddess"", ""count"" : 8}, {""species"" : ""Lionfish Alive"", ""count"" : 4}, {""species"" : ""Southern Stingray"", ""count"" : 3}, {""species"" : ""Nassau Grouper"", ""count"" : 4}, {""species"" : ""Yellowfin Grouper"", ""count"" : 7}, {""species"" : ""Tiger Grouper"", ""count"" : 3}, {""species"" : ""Green Turtle"", ""count"" : 2}]"
1364,"2024-11-08",1,"Fin & Tonic","Daniel ","Babylon",27,29,"[{""species"" : ""Nurse Shark"", ""count"" : 3}, {""species"" : ""Longspine Sea Urchin"", ""count"" : 2}, {""species"" : ""Green Turtle"", ""count"" : 2}]"
1371,"2024-11-09",2,"Shark Bait","Bart","Hot Springs",24,30,"[{""species"" : ""Nurse Shark"", ""count"" : 3}, {""species"" : ""Southern Stingray"", ""count"" : 4}, {""species"" : ""Flamingo Tongue"", ""count"" : 5}]"
1374,"2024-11-10",1,"Shark Bait","Caroline","Hot Springs",18,27,"[{""species"" : null, ""count"" : null}]"
1375,"2024-11-10",2,"Shark Bait","Caroline","Babylon",18,27,"[{""species"" : ""Nurse Shark"", ""count"" : 2}, {""species"" : ""Lionfish Alive"", ""count"" : 3}]"
1373,"2024-11-10",1,"Fin & Tonic","Josef","Man of War Shoals",22,27,"[{""species"" : ""Green Turtle"", ""count"" : 3}, {""species"" : ""Lettuce Sea Slug"", ""count"" : 5}]"
1390,"2024-11-10",2,"Fin & Tonic","Robins","Man of War Shoals",21,30,"[{""species"" : ""Tiger Grouper"", ""count"" : 3}, {""species"" : ""Red-tipped Sea Goddess"", ""count"" : 12}, {""species"" : ""Green Turtle"", ""count"" : 6}, {""species"" : ""Southern Stingray"", ""count"" : 6}, {""species"" : ""Nassau Grouper"", ""count"" : 4}, {""species"" : ""Yellowfin Grouper"", ""count"" : 6}]"
1372,"2024-11-10",1,"Shark Bait","Bart","Hot Springs",24,30,"[{""species"" : ""Green Turtle"", ""count"" : 4}, {""species"" : ""Nurse Shark"", ""count"" : 3}, {""species"" : ""Southern Stingray"", ""count"" : 4}]"
1389,"2024-11-10",1,"Fin & Tonic","Robins","Diamond Rock",24,30,"[{""species"" : ""Caribbean Reef Shark"", ""count"" : 1}, {""species"" : ""Red-tipped Sea Goddess"", ""count"" : 2}, {""species"" : ""Yellowfin Grouper"", ""count"" : 8}, {""species"" : ""Tiger Grouper"", ""count"" : 4}, {""species"" : ""Nassau Grouper"", ""count"" : 6}, {""species"" : ""Southern Stingray"", ""count"" : 8}, {""species"" : ""Green Turtle"", ""count"" : 8}]"
1381,"2024-11-11",1,"Fin & Tonic","Aaron ","Third Encounter",33,29,"[{""species"" : ""Yellowfin Grouper"", ""count"" : 1}, {""species"" : ""Nurse Shark"", ""count"" : 4}]"
1376,"2024-11-11",2,"Shark Bait","Bart","Hole in the Corner",24,29,"[{""species"" : ""Nassau Grouper"", ""count"" : 1}, {""species"" : ""Nurse Shark"", ""count"" : 1}, {""species"" : ""Green Turtle"", ""count"" : 3}]"
1377,"2024-11-11",3,"Fin & Tonic","Josef","50 50",15,27,"[{""species"" : ""Green Turtle"", ""count"" : 2}, {""species"" : ""Roughtail Stingray"", ""count"" : 2}, {""species"" : ""Nurse Shark"", ""count"" : 1}]"
1378,"2024-11-11",1,"Shark Bait","Otto","Core Gut",27,29,"[{""species"" : null, ""count"" : null}]"
1379,"2024-11-11",3,"Fin & Tonic","Daniel ","50 50",13,29,"[{""species"" : ""Green Turtle"", ""count"" : 1}, {""species"" : ""Tiger Grouper"", ""count"" : 1}, {""species"" : ""Nurse Shark"", ""count"" : 1}]"
1380,"2024-11-11",2,"Fin & Tonic","Lenny","Big Rock Deep",23,27,"[{""species"" : ""Long Snout Seahorse"", ""count"" : 1}, {""species"" : ""Lettuce Sea Slug"", ""count"" : 4}, {""species"" : ""Yellowfin Grouper"", ""count"" : 2}, {""species"" : ""Nassau Grouper"", ""count"" : 1}, {""species"" : ""Southern Stingray"", ""count"" : 2}, {""species"" : ""Nurse Shark"", ""count"" : 1}, {""species"" : ""Lionfish Alive"", ""count"" : 5}, {""species"" : ""Flamingo Tongue"", ""count"" : 2}]"
1382,"2024-11-11",3,"Fin & Tonic","Lenny","50 50",23,27,"[{""species"" : ""Lettuce Sea Slug"", ""count"" : 7}, {""species"" : ""Tiger Grouper"", ""count"" : 1}, {""species"" : ""Nassau Grouper"", ""count"" : 1}, {""species"" : ""Southern Stingray"", ""count"" : 2}, {""species"" : ""Nurse Shark"", ""count"" : 3}, {""species"" : ""Green Turtle"", ""count"" : 4}, {""species"" : ""Lionfish Alive"", ""count"" : 3}]"
1391,"2024-11-11",3,"Fin & Tonic","Robins","50 50",20,30,"[{""species"" : ""Tiger Grouper"", ""count"" : 4}, {""species"" : ""Yellowfin Grouper"", ""count"" : 5}, {""species"" : ""Nassau Grouper"", ""count"" : 6}, {""species"" : ""Southern Stingray"", ""count"" : 3}, {""species"" : ""Nurse Shark"", ""count"" : 2}, {""species"" : ""Green Turtle"", ""count"" : 6}]"
1385,"2024-11-12",3,"Fin & Tonic","Caroline","Hole in the Corner",20,27,"[{""species"" : ""Lionfish Alive"", ""count"" : 3}, {""species"" : ""Caribbean Reef Shark"", ""count"" : 1}]"
1383,"2024-11-12",1,"Fin & Tonic","Daniel ","David's Drop-off Deep",27,29,"[{""species"" : null, ""count"" : null}]"
1386,"2024-11-12",2,"Shark Bait","Bart","Diamond Rock",24,30,"[{""species"" : ""Tiger Grouper"", ""count"" : 4}, {""species"" : ""Caribbean Reef Shark"", ""count"" : 1}, {""species"" : ""Green Turtle"", ""count"" : 3}, {""species"" : ""Southern Stingray"", ""count"" : 3}]"
1384,"2024-11-12",2,"Fin & Tonic","Daniel ","Diamond Rock",26,29,"[{""species"" : ""Tiger Grouper"", ""count"" : 5}, {""species"" : ""Green Turtle"", ""count"" : 6}]"
1394,"2024-11-13",1,"Fin & Tonic","Josef","Outer Limits",33,29,"[{""species"" : ""Blacktip Reef Shark"", ""count"" : 1}, {""species"" : ""Caribbean Reef Shark"", ""count"" : 2}]"
1392,"2024-11-13",1,"Fin & Tonic","Caroline","Outer Limits",30,27,"[{""species"" : ""Caribbean Reef Shark"", ""count"" : 2}, {""species"" : ""Lionfish Dead"", ""count"" : 3}]"
1393,"2024-11-13",2,"Fin & Tonic","Caroline","Big Rock Deep",22,27,"[{""species"" : ""Lionfish Alive"", ""count"" : 3}]"
1395,"2024-11-13",2,"Fin & Tonic","Aaron ","Big Rock Deep",22,29,"[{""species"" : ""Caribbean Reef Shark"", ""count"" : 1}]"
1396,"2024-11-14",1,"Shark Bait","Otto","Big Rock Market",17,29,"[{""species"" : ""Lionfish Dead"", ""count"" : 2}]"
1397,"2024-11-14",2,"Shark Bait","Otto","Man of War Shoals",22,29,"[{""species"" : ""Green Turtle"", ""count"" : 3}]"
1398,"2024-11-14",1,"Fin & Tonic","Aaron ","Man of War Shoals",22,29,"[{""species"" : ""Green Turtle"", ""count"" : 4}, {""species"" : ""Yellowfin Grouper"", ""count"" : 4}]"
1399,"2024-11-15",1,"Fin & Tonic","Bart","Core Gut",27,29,"[{""species"" : ""Green Turtle"", ""count"" : 1}, {""species"" : ""Nassau Grouper"", ""count"" : 1}]"
1400,"2024-11-15",3,"Fin & Tonic","Bart","Hole in the Corner",24,30,"[{""species"" : ""Caribbean Reef Shark"", ""count"" : 1}, {""species"" : ""Roughtail Stingray"", ""count"" : 1}, {""species"" : ""Green Turtle"", ""count"" : 2}]"
1403,"2024-11-16",1,"Fin & Tonic","Otto","Abraham's Hole",27,28,"[{""species"" : ""Nassau Grouper"", ""count"" : 1}]"
1401,"2024-11-16",1,"Fin & Tonic","Caroline","Abraham's Hole",30,27,"[{""species"" : ""Lionfish Alive"", ""count"" : 6}]"
1402,"2024-11-16",2,"Fin & Tonic","Caroline","Core Gut",30,27,"[{""species"" : ""Lionfish Alive"", ""count"" : 18}]"
1404,"2024-11-16",2,"Fin & Tonic","Otto","Core Gut",24,28,"[{""species"" : ""Hawksbill Turtle"", ""count"" : 1}]"
1405,"2024-11-16",2,"Fin & Tonic","Bart","Core Gut",21,28,"[{""species"" : ""Hawksbill Turtle"", ""count"" : 2}]"
1406,"2024-11-16",3,"Fin & Tonic","Bart","Hole in the Corner",23,28,"[{""species"" : ""Green Turtle"", ""count"" : 1}]"
1407,"2024-11-17",1,"Shark Bait","Vicky","Man of War Shoals",22,29,"[{""species"" : ""Southern Stingray"", ""count"" : 3}, {""species"" : ""Green Turtle"", ""count"" : 3}, {""species"" : ""Caribbean Reef Shark"", ""count"" : 3}, {""species"" : ""Yellowfin Grouper"", ""count"" : 1}]"
1408,"2024-11-17",2,"Shark Bait","Vicky","Man of War Shoals",22,29,"[{""species"" : ""Southern Stingray"", ""count"" : 4}, {""species"" : ""Green Turtle"", ""count"" : 2}]"
1409,"2024-11-17",1,"Fin & Tonic","Caroline","Diamond Rock",25,27,"[{""species"" : ""Nurse Shark"", ""count"" : 1}]"
1410,"2024-11-17",2,"Fin & Tonic","Caroline","Otto Zone",18,27,"[{""species"" : null, ""count"" : null}]"
1411,"2024-11-17",3,"Fin & Tonic","Caroline","Hole in the Corner",24,27,"[{""species"" : ""Lionfish Alive"", ""count"" : 5}]"
1412,"2024-11-17",1,"Fin & Tonic","Aaron ","Diamond Rock",24,29,"[{""species"" : ""Nurse Shark"", ""count"" : 1}, {""species"" : ""Southern Stingray"", ""count"" : 4}, {""species"" : ""Caribbean Reef Shark"", ""count"" : 1}, {""species"" : ""Green Turtle"", ""count"" : 4}, {""species"" : ""Yellowfin Grouper"", ""count"" : 4}]"
1413,"2024-11-18",1,"Fin & Tonic","Caroline","Big Rock Deep",20,27,"[{""species"" : null, ""count"" : null}]"
1414,"2024-11-18",3,"Fin & Tonic","Caroline","Tent Shallow",24,27,"[{""species"" : ""Lionfish Alive"", ""count"" : 6}, {""species"" : ""Caribbean Reef Shark"", ""count"" : 3}]"
1415,"2024-11-19",1,"Shark Bait","Aaron ","Third Encounter",33,29,"[{""species"" : ""Caribbean Reef Shark"", ""count"" : 2}, {""species"" : ""Lionfish Alive"", ""count"" : 2}, {""species"" : ""Yellowfin Grouper"", ""count"" : 2}, {""species"" : ""Nassau Grouper"", ""count"" : 3}, {""species"" : ""Nurse Shark"", ""count"" : 1}]"
1416,"2024-11-21",2,"Shark Bait","Aaron ","Man of War Shoals",22,29,"[{""species"" : ""Green Turtle"", ""count"" : 8}, {""species"" : ""Yellowfin Grouper"", ""count"" : 2}, {""species"" : ""Southern Stingray"", ""count"" : 4}]"
1417,"2024-11-22",1,"Shark Bait","Caroline","Airport Drift",28,27,"[{""species"" : ""Lionfish Alive"", ""count"" : 5}, {""species"" : ""Nurse Shark"", ""count"" : 1}]"
1418,"2024-11-22",3,"Shark Bait","Caroline","Tent Boulders",22,27,"[{""species"" : ""Nurse Shark"", ""count"" : 1}, {""species"" : ""Caribbean Reef Shark"", ""count"" : 1}, {""species"" : ""Lionfish Dead"", ""count"" : 1}, {""species"" : ""Lionfish Alive"", ""count"" : 1}]"
1421,"2024-11-23",3,"Shark Bait","Caroline","Tent Shallow",22,27,"[{""species"" : ""Nurse Shark"", ""count"" : 2}, {""species"" : ""Caribbean Reef Shark"", ""count"" : 2}, {""species"" : ""Lionfish Alive"", ""count"" : 2}]"
1419,"2024-11-23",2,"Shark Bait","Bart","Babylon",29,29,"[{""species"" : ""Lettuce Sea Slug"", ""count"" : 4}, {""species"" : ""Southern Stingray"", ""count"" : 2}, {""species"" : ""Nurse Shark"", ""count"" : 2}, {""species"" : ""Caribbean Reef Shark"", ""count"" : 3}, {""species"" : ""Hawksbill Turtle"", ""count"" : 1}]"
1420,"2024-11-23",1,"Shark Bait","Caroline","50 50",25,27,"[{""species"" : ""Lionfish Alive"", ""count"" : 1}, {""species"" : ""Nurse Shark"", ""count"" : 1}]"
1422,"2024-11-24",2,"Shark Bait","Bart","Hot Springs",27,30,"[{""species"" : ""Hawksbill Turtle"", ""count"" : 2}, {""species"" : ""Nurse Shark"", ""count"" : 2}, {""species"" : ""Caribbean Reef Shark"", ""count"" : 3}, {""species"" : ""Southern Stingray"", ""count"" : 3}, {""species"" : ""Green Turtle"", ""count"" : 5}]"
1425,"2024-11-25",3,"Fin & Tonic","Daniel ","Babylon",21,29,"[{""species"" : ""Hawksbill Turtle"", ""count"" : 3}, {""species"" : ""Caribbean Reef Shark"", ""count"" : 3}, {""species"" : ""Nurse Shark"", ""count"" : 2}, {""species"" : ""Southern Stingray"", ""count"" : 3}, {""species"" : ""Green Turtle"", ""count"" : 4}]"
1423,"2024-11-25",1,"Fin & Tonic","Daniel ","Tent Deep",34,29,"[{""species"" : ""Green Turtle"", ""count"" : 2}, {""species"" : ""Hawksbill Turtle"", ""count"" : 1}, {""species"" : ""Caribbean Reef Shark"", ""count"" : 1}, {""species"" : ""Southern Stingray"", ""count"" : 2}]"
1424,"2024-11-25",2,"Fin & Tonic","Bart","Tent Shallow",20,30,"[{""species"" : ""Tiger Grouper"", ""count"" : 1}, {""species"" : ""Lionfish Alive"", ""count"" : 1}, {""species"" : ""Flamingo Tongue"", ""count"" : 5}, {""species"" : ""Southern Stingray"", ""count"" : 2}, {""species"" : ""Nurse Shark"", ""count"" : 1}, {""species"" : ""Caribbean Reef Shark"", ""count"" : 3}, {""species"" : ""Hawksbill Turtle"", ""count"" : 2}, {""species"" : ""Green Turtle"", ""count"" : 3}]"
1426,"2024-11-26",1,"Fin & Tonic","Robins","Diamond Rock",8,-1,"[{""species"" : ""Green Turtle"", ""count"" : 6}, {""species"" : ""Southern Stingray"", ""count"" : 5}, {""species"" : ""Nassau Grouper"", ""count"" : 6}, {""species"" : ""Yellowfin Grouper"", ""count"" : 4}]"
1427,"2024-11-26",2,"Fin & Tonic","Bart","Tent Shallow",26,30,"[{""species"" : ""Flamingo Tongue"", ""count"" : 8}, {""species"" : ""Green Turtle"", ""count"" : 1}, {""species"" : ""Hawksbill Turtle"", ""count"" : 2}, {""species"" : ""Caribbean Reef Shark"", ""count"" : 1}, {""species"" : ""Tiger Grouper"", ""count"" : 2}]"
1428,"2024-11-27",1,"Fin & Tonic","Otto","Customs House",24,29,"[{""species"" : ""Nurse Shark"", ""count"" : 1}, {""species"" : ""Southern Stingray"", ""count"" : 3}]"
1429,"2024-11-27",2,"Fin & Tonic","Otto","Man of War Shoals",22,29,"[{""species"" : ""Green Turtle"", ""count"" : 5}, {""species"" : ""Southern Stingray"", ""count"" : 2}]"
1440,"2024-11-28",1,"Shark Bait","Robins","Third Encounter",34,30,"[{""species"" : ""Tiger Grouper"", ""count"" : 4}, {""species"" : ""Caribbean Reef Shark"", ""count"" : 2}, {""species"" : ""Nurse Shark"", ""count"" : 1}, {""species"" : ""Nassau Grouper"", ""count"" : 4}, {""species"" : ""Yellowfin Grouper"", ""count"" : 3}]"
1439,"2024-11-28",4,"Fin & Tonic","Otto","Man of War Shoals",22,29,"[{""species"" : null, ""count"" : null}]"
1430,"2024-11-29",1,"Shark Bait","Otto","Babylon",27,28,"[{""species"" : ""Hawksbill Turtle"", ""count"" : 1}, {""species"" : ""Caribbean Reef Shark"", ""count"" : 1}, {""species"" : ""Nurse Shark"", ""count"" : 2}]"
1431,"2024-11-29",3,"Shark Bait","Otto","Tent Reef",21,28,"[{""species"" : ""Green Turtle"", ""count"" : 6}, {""species"" : ""Hawksbill Turtle"", ""count"" : 1}, {""species"" : ""Nurse Shark"", ""count"" : 1}]"
1432,"2024-11-30",3,"Shark Bait","Josef","50 50",15,27,"[{""species"" : ""Green Turtle"", ""count"" : 1}, {""species"" : ""Nurse Shark"", ""count"" : 2}, {""species"" : ""Roughtail Stingray"", ""count"" : 1}]"
1433,"2024-12-01",1,"Shark Bait","Bart","Porites Point",27,30,"[{""species"" : ""Nurse Shark"", ""count"" : 2}, {""species"" : ""Green Turtle"", ""count"" : 1}, {""species"" : ""Hawksbill Turtle"", ""count"" : 1}, {""species"" : ""Southern Stingray"", ""count"" : 1}]"
1434,"2024-12-02",2,"Shark Bait","Bart","Babylon",29,30,"[{""species"" : ""Nurse Shark"", ""count"" : 3}, {""species"" : ""Green Turtle"", ""count"" : 3}, {""species"" : ""Caribbean Reef Shark"", ""count"" : 1}, {""species"" : ""Southern Stingray"", ""count"" : 1}]"
1438,"2024-12-03",3,"Shark Bait","Otto","Hot Springs",23,28,"[{""species"" : ""Nurse Shark"", ""count"" : 1}, {""species"" : ""Green Turtle"", ""count"" : 7}]"
1435,"2024-12-03",2,"Shark Bait","Bart","Tent Boulders",20,30,"[{""species"" : ""Hawksbill Turtle"", ""count"" : 1}, {""species"" : ""Nurse Shark"", ""count"" : 1}, {""species"" : ""Flamingo Tongue"", ""count"" : 2}, {""species"" : ""Green Turtle"", ""count"" : 1}]"
1436,"2024-12-03",1,"Shark Bait","Otto","Customs House",27,29,"[{""species"" : ""Nurse Shark"", ""count"" : 1}]"
1437,"2024-12-03",2,"Shark Bait","Otto","Tent Boulders",21,28,"[{""species"" : ""Green Turtle"", ""count"" : 2}]"
1441,"2024-12-03",1,"Shark Bait","Robins","Customs House",28,30,"[{""species"" : ""Green Turtle"", ""count"" : 6}, {""species"" : ""Caribbean Reef Shark"", ""count"" : 1}, {""species"" : ""Nurse Shark"", ""count"" : 1}, {""species"" : ""Southern Stingray"", ""count"" : 4}]"
1443,"2024-12-04",4,"Fin & Tonic","Otto","Man of War Shoals",22,29,"[{""species"" : null, ""count"" : null}]"
1444,"2024-12-05",2,"Shark Bait","Otto","Man of War Shoals",22,29,"[{""species"" : ""Green Turtle"", ""count"" : 4}]"
1442,"2024-12-05",1,"Shark Bait","Daniel ","Twilight Zone",34,27,"[{""species"" : ""Caribbean Reef Shark"", ""count"" : 1}, {""species"" : ""Nassau Grouper"", ""count"" : 1}]"
1447,"2024-12-05",1,"Fin & Tonic","Robins","Customs House",29,30,"[{""species"" : ""Caribbean Reef Shark"", ""count"" : 1}, {""species"" : ""Nurse Shark"", ""count"" : 1}, {""species"" : ""Southern Stingray"", ""count"" : 6}, {""species"" : ""Nassau Grouper"", ""count"" : 3}, {""species"" : ""Green Turtle"", ""count"" : 8}, {""species"" : ""Yellowfin Grouper"", ""count"" : 5}, {""species"" : ""Tiger Grouper"", ""count"" : 3}, {""species"" : ""Lionfish Alive"", ""count"" : 2}]"
1448,"2024-12-05",2,"Fin & Tonic","Robins","Hot Springs",23,31,"[{""species"" : ""Green Turtle"", ""count"" : 9}, {""species"" : ""Nurse Shark"", ""count"" : 2}, {""species"" : ""Southern Stingray"", ""count"" : 6}, {""species"" : ""Nassau Grouper"", ""count"" : 4}, {""species"" : ""Yellowfin Grouper"", ""count"" : 6}, {""species"" : ""Tiger Grouper"", ""count"" : 5}, {""species"" : ""Lettuce Sea Slug"", ""count"" : 4}]"
1446,"2024-12-06",2,"Shark Bait","Robins","Man of War Shoals",23,30,"[{""species"" : ""Southern Stingray"", ""count"" : 6}, {""species"" : ""Green Turtle"", ""count"" : 3}, {""species"" : ""Nassau Grouper"", ""count"" : 5}, {""species"" : ""Yellowfin Grouper"", ""count"" : 7}, {""species"" : ""Tiger Grouper"", ""count"" : 5}, {""species"" : ""Lettuce Sea Slug"", ""count"" : 13}]"
1445,"2024-12-06",1,"Shark Bait","Robins","Twilight Zone",32,30,"[{""species"" : ""Nassau Grouper"", ""count"" : 4}, {""species"" : ""Yellowfin Grouper"", ""count"" : 6}, {""species"" : ""Tiger Grouper"", ""count"" : 3}, {""species"" : ""Lionfish Alive"", ""count"" : 3}]"
1449,"2024-12-07",1,"Shark Bait","Bart","50 50",20,30,"[{""species"" : ""Green Turtle"", ""count"" : 4}, {""species"" : ""Hawksbill Turtle"", ""count"" : 1}, {""species"" : ""Nurse Shark"", ""count"" : 2}, {""species"" : ""Southern Stingray"", ""count"" : 1}, {""species"" : ""Yellowfin Grouper"", ""count"" : 1}]"
1451,"2024-12-08",3,"Shark Bait","Caroline","Torrens Point",15,27,"[{""species"" : ""Lionfish Alive"", ""count"" : 1}, {""species"" : ""Lionfish Dead"", ""count"" : 1}]"
1450,"2024-12-08",1,"Shark Bait","Caroline","Diamond Rock",25,27,"[{""species"" : null, ""count"" : null}]"
1452,"2024-12-09",1,"Shark Bait","Bart","Tent Reef",21,30,"[{""species"" : ""Lionfish Alive"", ""count"" : 1}, {""species"" : ""Yellowfin Grouper"", ""count"" : 1}, {""species"" : ""Flamingo Tongue"", ""count"" : 2}, {""species"" : ""Green Turtle"", ""count"" : 1}]"
1453,"2024-12-09",2,"Shark Bait","Aaron ","Man of War Shoals",22,29,"[{""species"" : ""Caribbean Reef Shark"", ""count"" : 1}, {""species"" : ""Yellowfin Grouper"", ""count"" : 4}, {""species"" : ""Green Turtle"", ""count"" : 7}]"
1454,"2024-12-09",3,"Shark Bait","Bart","Babylon",26,30,"[{""species"" : ""Nurse Shark"", ""count"" : 2}, {""species"" : ""Yellowfin Grouper"", ""count"" : 1}, {""species"" : ""Green Turtle"", ""count"" : 1}]"
1459,"2024-12-10",1,"Shark Bait","Aaron ","Third Encounter",33,29,"[{""species"" : ""Caribbean Reef Shark"", ""count"" : 1}, {""species"" : ""Nurse Shark"", ""count"" : 3}]"
1455,"2024-12-10",1,"Shark Bait","Caroline","Third Encounter",32,27,"[{""species"" : null, ""count"" : null}]"
1456,"2024-12-10",1,"Private Boat","Vicky","Man of War Shoals",22,28,"[{""species"" : ""Yellowfin Grouper"", ""count"" : 1}, {""species"" : ""Southern Stingray"", ""count"" : 2}, {""species"" : ""Green Turtle"", ""count"" : 3}]"
1457,"2024-12-10",2,"Shark Bait","Caroline","Tent Reef Wall",25,27,"[{""species"" : ""Caribbean Reef Shark"", ""count"" : 1}]"
1458,"2024-12-10",3,"Shark Bait","Caroline","50 50",27,27,"[{""species"" : ""Nurse Shark"", ""count"" : 6}, {""species"" : ""Caribbean Reef Shark"", ""count"" : 3}]"
1460,"2024-12-10",3,"Shark Bait","Aaron ","50 50",22,29,"[{""species"" : ""Nurse Shark"", ""count"" : 5}, {""species"" : ""Green Turtle"", ""count"" : 6}, {""species"" : ""Caribbean Reef Shark"", ""count"" : 2}]"
1463,"2024-12-11",2,"Shark Bait","Aaron ","Tent Shallow",24,29,"[{""species"" : ""Caribbean Reef Shark"", ""count"" : 1}, {""species"" : ""Green Turtle"", ""count"" : 1}, {""species"" : ""Nurse Shark"", ""count"" : 1}]"
1464,"2024-12-11",2,"Shark Bait","Robins","Tent Shallow",24,30,"[{""species"" : ""Southern Stingray"", ""count"" : 6}, {""species"" : ""Green Turtle"", ""count"" : 1}, {""species"" : ""Caribbean Reef Shark"", ""count"" : 1}, {""species"" : ""Nurse Shark"", ""count"" : 1}]"
1461,"2024-12-11",2,"Shark Bait","Daniel ","Twilight Zone",30,29,"[{""species"" : ""Nassau Grouper"", ""count"" : 2}]"
1465,"2024-12-11",3,"Shark Bait","Robins","Hot Springs",23,30,"[{""species"" : ""Nurse Shark"", ""count"" : 2}, {""species"" : ""Caribbean Reef Shark"", ""count"" : 1}, {""species"" : ""Green Turtle"", ""count"" : 7}, {""species"" : ""Nassau Grouper"", ""count"" : 4}, {""species"" : ""Tiger Grouper"", ""count"" : 3}, {""species"" : ""Yellowfin Grouper"", ""count"" : 5}]"
1462,"2024-12-11",1,"Shark Bait","Aaron ","Twilight Zone",33,29,"[{""species"" : ""Tiger Grouper"", ""count"" : 1}, {""species"" : ""Lionfish Alive"", ""count"" : 12}, {""species"" : ""Nassau Grouper"", ""count"" : 1}, {""species"" : ""Yellowfin Grouper"", ""count"" : 1}]"
1466,"2024-12-12",2,"Shark Bait","Aaron ","Big Rock Deep",22,29,"[{""species"" : ""Lionfish Alive"", ""count"" : 5}, {""species"" : ""Long Snout Seahorse"", ""count"" : 1}, {""species"" : ""Yellowfin Grouper"", ""count"" : 1}, {""species"" : ""Nassau Grouper"", ""count"" : 1}]"
1470,"2024-12-13",2,"Shark Bait","Robins","David's Drop-off Deep",26,29,"[{""species"" : ""Yellowfin Grouper"", ""count"" : 4}, {""species"" : ""Caribbean Reef Shark"", ""count"" : 1}, {""species"" : ""Nassau Grouper"", ""count"" : 3}]"
1469,"2024-12-13",1,"Shark Bait","Robins","Greer Gut",32,29,"[{""species"" : ""Yellowfin Grouper"", ""count"" : 4}, {""species"" : ""Lionfish Alive"", ""count"" : 4}, {""species"" : ""Nassau Grouper"", ""count"" : 3}, {""species"" : ""Caribbean Reef Shark"", ""count"" : 1}]"
1467,"2024-12-14",1,"Shark Bait","Lenny","Tent Boulders",29,27,"[{""species"" : null, ""count"" : null}]"
1468,"2024-12-15",2,"Shark Bait","Aaron ","Diamond Rock",24,29,"[{""species"" : ""Green Turtle"", ""count"" : 6}]"
1472,"2024-12-16",3,"Shark Bait","Caroline","Tent Reef",17,27,"[{""species"" : ""Nurse Shark"", ""count"" : 1}]"
1471,"2024-12-16",2,"Shark Bait","Caroline","Tent Shallow",15,27,"[{""species"" : ""Nurse Shark"", ""count"" : 1}]"
1479,"2024-12-16",2,"Shark Bait","Robins","Tent Shallow",24,30,"[{""species"" : ""Nassau Grouper"", ""count"" : 4}, {""species"" : ""Tiger Grouper"", ""count"" : 3}, {""species"" : ""Green Turtle"", ""count"" : 3}, {""species"" : ""Caribbean Reef Shark"", ""count"" : 1}, {""species"" : ""Southern Stingray"", ""count"" : 4}, {""species"" : ""Yellowfin Grouper"", ""count"" : 5}]"
1498,"2024-12-17",1,"Shark Bait","Vicky","Diamond Rock",26,28,"[{""species"" : ""Tiger Grouper"", ""count"" : 1}, {""species"" : ""Green Turtle"", ""count"" : 2}]"
1473,"2024-12-17",2,"Shark Bait","Caroline","Man of War Shoals",18,27,"[{""species"" : null, ""count"" : null}]"
1474,"2024-12-17",3,"Shark Bait","Caroline","50 50",18,27,"[{""species"" : ""Nurse Shark"", ""count"" : 1}]"
1475,"2024-12-17",1,"Fin & Tonic","Vicky","Diamond Rock",26,28,"[{""species"" : ""Southern Stingray"", ""count"" : 3}, {""species"" : ""Green Turtle"", ""count"" : 5}]"
1478,"2024-12-18",2,"Shark Bait","Aaron ","Hot Springs",24,29,"[{""species"" : ""Nurse Shark"", ""count"" : 3}, {""species"" : ""Green Turtle"", ""count"" : 6}]"
1477,"2024-12-18",3,"Shark Bait","Daniel ","Ladder Labyrinth",18,29,"[{""species"" : ""Green Turtle"", ""count"" : 3}, {""species"" : ""Nurse Shark"", ""count"" : 3}]"
1480,"2024-12-18",2,"Shark Bait","Robins","Hot Springs",23,30,"[{""species"" : ""Green Turtle"", ""count"" : 8}, {""species"" : ""Nurse Shark"", ""count"" : 2}, {""species"" : ""Southern Stingray"", ""count"" : 5}, {""species"" : ""Nassau Grouper"", ""count"" : 5}, {""species"" : ""Yellowfin Grouper"", ""count"" : 3}, {""species"" : ""Tiger Grouper"", ""count"" : 5}]"
1476,"2024-12-18",1,"Shark Bait","Daniel ","Otto Limits",34,29,"[{""species"" : null, ""count"" : null}]"
1482,"2024-12-19",1,"Shark Bait","Caroline","Customs House",30,27,"[{""species"" : null, ""count"" : null}]"
1483,"2024-12-19",2,"Shark Bait","Caroline","50 50",18,27,"[{""species"" : ""Nurse Shark"", ""count"" : 1}]"
1484,"2024-12-19",1,"Shark Bait","Daniel ","Customs House",30,29,"[{""species"" : ""Lionfish Alive"", ""count"" : 4}, {""species"" : ""Lettuce Sea Slug"", ""count"" : 2}, {""species"" : ""Tiger Grouper"", ""count"" : 1}, {""species"" : ""Southern Stingray"", ""count"" : 1}, {""species"" : ""Lionfish Dead"", ""count"" : 4}, {""species"" : ""Green Turtle"", ""count"" : 1}]"
1481,"2024-12-19",2,"Shark Bait","Kate","50 50",25,27,"[{""species"" : ""Yellowfin Grouper"", ""count"" : 1}, {""species"" : ""Longspine Sea Urchin"", ""count"" : 1}, {""species"" : ""Green Turtle"", ""count"" : 5}, {""species"" : ""Nurse Shark"", ""count"" : 1}, {""species"" : ""Southern Stingray"", ""count"" : 2}, {""species"" : ""Nassau Grouper"", ""count"" : 1}]"
1486,"2024-12-20",2,"Shark Bait","Robins","Babylon",23,29,"[{""species"" : ""Nassau Grouper"", ""count"" : 3}, {""species"" : ""Green Turtle"", ""count"" : 4}, {""species"" : ""Nurse Shark"", ""count"" : 3}, {""species"" : ""Southern Stingray"", ""count"" : 3}, {""species"" : ""Yellowfin Grouper"", ""count"" : 4}]"
1487,"2024-12-20",3,"Shark Bait","Robins","Torrens Point",14,30,"[{""species"" : ""Green Turtle"", ""count"" : 7}, {""species"" : ""Southern Stingray"", ""count"" : 3}, {""species"" : ""Nurse Shark"", ""count"" : 2}, {""species"" : ""Caribbean Reef Shark"", ""count"" : 1}]"
1485,"2024-12-20",1,"Fin & Tonic","Daniel ","Man of War Shoals",21,28,"[{""species"" : ""Caribbean Reef Shark"", ""count"" : 3}, {""species"" : ""Green Turtle"", ""count"" : 5}, {""species"" : ""Yellowfin Grouper"", ""count"" : 1}, {""species"" : ""Tiger Grouper"", ""count"" : 1}, {""species"" : ""Flamingo Tongue"", ""count"" : 5}]"
1494,"2024-12-21",2,"Shark Bait","Josef","Tent Boulders",24,27,"[{""species"" : ""Lettuce Sea Slug"", ""count"" : 6}, {""species"" : ""Nurse Shark"", ""count"" : 1}, {""species"" : ""Green Turtle"", ""count"" : 2}, {""species"" : ""Flamingo Tongue"", ""count"" : 4}]"
1488,"2024-12-21",1,"Shark Bait","Kate","Big Rock Market",22,27,"[{""species"" : null, ""count"" : null}]"
1490,"2024-12-21",3,"Shark Bait","Kate","Rays and Anchors",22,27,"[{""species"" : ""Southern Stingray"", ""count"" : 4}, {""species"" : ""Nurse Shark"", ""count"" : 4}, {""species"" : ""Caribbean Reef Shark"", ""count"" : 1}, {""species"" : ""Green Turtle"", ""count"" : 5}, {""species"" : ""Lionfish Alive"", ""count"" : 1}]"
1489,"2024-12-21",2,"Shark Bait","Kate","Tent Boulders",22,27,"[{""species"" : null, ""count"" : null}]"
1493,"2024-12-21",1,"Shark Bait","Josef","Big Rock Deep",22,27,"[{""species"" : null, ""count"" : null}]"
1492,"2024-12-22",2,"Shark Bait","Aaron ","Hot Springs",22,29,"[{""species"" : ""Nurse Shark"", ""count"" : 1}, {""species"" : ""Green Turtle"", ""count"" : 4}, {""species"" : ""Yellowfin Grouper"", ""count"" : 1}]"
1491,"2024-12-22",1,"Shark Bait","Kate","Tent Reef Wall",22,27,"[{""species"" : null, ""count"" : null}]"
1495,"2024-12-23",2,"Shark Bait","Aaron ","Man of War Shoals",22,29,"[{""species"" : ""Green Turtle"", ""count"" : 5}, {""species"" : ""Yellowfin Grouper"", ""count"" : 3}, {""species"" : ""Southern Stingray"", ""count"" : 4}, {""species"" : ""Roughtail Stingray"", ""count"" : 1}, {""species"" : ""Nurse Shark"", ""count"" : 1}]"
1497,"2024-12-24",3,"Shark Bait","Robins","Hot Springs",24,29,"[{""species"" : ""Tiger Grouper"", ""count"" : 4}, {""species"" : ""Lionfish Alive"", ""count"" : 2}, {""species"" : ""Red-tipped Sea Goddess"", ""count"" : 3}, {""species"" : ""Southern Stingray"", ""count"" : 5}, {""species"" : ""Nurse Shark"", ""count"" : 3}, {""species"" : ""Green Turtle"", ""count"" : 8}]"
1496,"2024-12-24",1,"Shark Bait","Robins","Tent Deep",27,29,"[{""species"" : ""Lionfish Alive"", ""count"" : 2}, {""species"" : ""Nassau Grouper"", ""count"" : 2}, {""species"" : ""Southern Stingray"", ""count"" : 3}, {""species"" : ""Nurse Shark"", ""count"" : 1}, {""species"" : ""Green Turtle"", ""count"" : 2}, {""species"" : ""Yellowfin Grouper"", ""count"" : 3}]"
1499,"2024-12-24",1,"Fin & Tonic","Caroline","Tent Shallow",14,27,"[{""species"" : null, ""count"" : null}]"
1500,"2024-12-24",3,"Fin & Tonic","Caroline","Babylon",22,27,"[{""species"" : ""Nurse Shark"", ""count"" : 2}]"
1501,"2024-12-24",2,"Shark Bait","Aaron ","Tent Reef",22,29,"[{""species"" : ""Yellowfin Grouper"", ""count"" : 1}, {""species"" : ""Hawksbill Turtle"", ""count"" : 1}]"
1502,"2024-12-25",2,"Shark Bait","Aaron ","50 50",22,29,"[{""species"" : ""Nurse Shark"", ""count"" : 3}, {""species"" : ""Caribbean Reef Shark"", ""count"" : 2}, {""species"" : ""Green Turtle"", ""count"" : 8}]"
1503,"2024-12-26",2,"Shark Bait","Otto","Hole in the Corner",21,27,"[{""species"" : ""Yellowfin Grouper"", ""count"" : 3}, {""species"" : ""Caribbean Reef Shark"", ""count"" : 2}, {""species"" : ""Green Turtle"", ""count"" : 1}, {""species"" : ""Nassau Grouper"", ""count"" : 1}]"
1504,"2024-12-26",3,"Shark Bait","Otto","Tent Shallow",24,27,"[{""species"" : ""Nurse Shark"", ""count"" : 1}, {""species"" : ""Yellowfin Grouper"", ""count"" : 2}, {""species"" : ""Green Turtle"", ""count"" : 2}, {""species"" : ""Caribbean Reef Shark"", ""count"" : 2}]"
1505,"2024-12-27",2,"Fin & Tonic","Daniel ","Man of War Shoals",18,28,"[{""species"" : ""Lettuce Sea Slug"", ""count"" : 1}]"
1506,"2024-12-27",1,"Fin & Tonic","Otto","Diamond Rock",24,28,"[{""species"" : null, ""count"" : null}]"
1507,"2024-12-27",2,"Fin & Tonic","Otto","Man of War Shoals",21,28,"[{""species"" : null, ""count"" : null}]"
1508,"2024-12-27",3,"Fin & Tonic","Otto","Tent Shallow",23,28,"[{""species"" : ""Tiger Grouper"", ""count"" : 1}, {""species"" : ""Green Turtle"", ""count"" : 2}, {""species"" : ""Caribbean Reef Shark"", ""count"" : 2}, {""species"" : ""Yellowfin Grouper"", ""count"" : 2}]"
1513,"2024-12-28",1,"Fin & Tonic","Josef","Third Encounter",33,26,"[{""species"" : ""Caribbean Reef Shark"", ""count"" : 1}]"
1514,"2024-12-28",2,"Fin & Tonic","Josef","Tent Shallow",7,-3,"[{""species"" : ""Green Turtle"", ""count"" : 2}, {""species"" : ""Hawksbill Turtle"", ""count"" : 1}, {""species"" : ""Nurse Shark"", ""count"" : 2}, {""species"" : ""Roughtail Stingray"", ""count"" : 2}, {""species"" : ""Longspine Sea Urchin"", ""count"" : 3}]"
1511,"2024-12-29",3,"Shark Bait","Aaron ","Tent Reef",22,29,"[{""species"" : null, ""count"" : null}]"
1512,"2024-12-29",3,"Shark Bait","Vicky","Tent Reef",22,28,"[{""species"" : ""Southern Stingray"", ""count"" : 1}, {""species"" : ""Tiger Grouper"", ""count"" : 1}]"
1509,"2024-12-29",1,"Fin & Tonic","Caroline","Core Gut",29,27,"[{""species"" : ""Lionfish Alive"", ""count"" : 4}]"
1515,"2024-12-29",2,"Fin & Tonic","Josef","Tent Shallow",2,-19,"[{""species"" : ""Green Turtle"", ""count"" : 3}, {""species"" : ""Hawksbill Turtle"", ""count"" : 1}, {""species"" : ""Roughtail Stingray"", ""count"" : 3}, {""species"" : ""Longspine Sea Urchin"", ""count"" : 2}]"
1510,"2024-12-29",2,"Fin & Tonic","Caroline","Tent Shallow",18,27,"[{""species"" : null, ""count"" : null}]"
1516,"2024-12-30",1,"Shark Bait","Vicky","David's Drop-off Deep",24,28,"[{""species"" : null, ""count"" : null}]"
1517,"2024-12-30",2,"Shark Bait","Vicky","Big Rock Deep",22,28,"[{""species"" : ""Flamingo Tongue"", ""count"" : 3}, {""species"" : ""Lionfish Alive"", ""count"" : 1}, {""species"" : ""Tiger Grouper"", ""count"" : 1}]"
1518,"2024-12-30",2,"Shark Bait","Aaron ","Big Rock Deep",22,29,"[{""species"" : ""Nurse Shark"", ""count"" : 1}]"
1519,"2024-12-30",1,"Shark Bait","Robins","David's Drop-off Deep",29,28,"[{""species"" : ""Yellowfin Grouper"", ""count"" : 2}, {""species"" : ""Red-tipped Sea Goddess"", ""count"" : 3}, {""species"" : ""Lionfish Alive"", ""count"" : 4}, {""species"" : ""Nassau Grouper"", ""count"" : 3}]"
1520,"2024-12-30",3,"Shark Bait","Robins","Hot Springs",24,28,"[{""species"" : ""Nurse Shark"", ""count"" : 2}, {""species"" : ""Southern Stingray"", ""count"" : 5}, {""species"" : ""Nassau Grouper"", ""count"" : 2}, {""species"" : ""Yellowfin Grouper"", ""count"" : 3}, {""species"" : ""Tiger Grouper"", ""count"" : 3}, {""species"" : ""Lettuce Sea Slug"", ""count"" : 4}, {""species"" : ""Green Turtle"", ""count"" : 7}]"
1521,"2024-12-30",4,"Shark Bait","Robins","Tent Shallow",17,28,"[{""species"" : ""Southern Stingray"", ""count"" : 4}, {""species"" : ""Green Turtle"", ""count"" : 3}]"
1529,"2024-12-30",3,"Fin & Tonic","Otto","Hole in the Corner",21,28,"[{""species"" : ""Nassau Grouper"", ""count"" : 1}, {""species"" : ""Caribbean Reef Shark"", ""count"" : 1}, {""species"" : ""Nurse Shark"", ""count"" : 2}]"
1528,"2024-12-30",1,"Fin & Tonic","Otto","Twilight Zone",27,28,"[{""species"" : ""Caribbean Reef Shark"", ""count"" : 1}]"
1524,"2024-12-31",1,"Shark Bait","Aaron ","Third Encounter",33,28,"[{""species"" : ""Caribbean Reef Shark"", ""count"" : 1}, {""species"" : ""Lionfish Alive"", ""count"" : 4}]"
1525,"2024-12-31",3,"Shark Bait","Aaron ","Man of War Shoals",22,28,"[{""species"" : ""Yellowfin Grouper"", ""count"" : 2}, {""species"" : ""Green Turtle"", ""count"" : 2}]"
1526,"2024-12-31",1,"Fin & Tonic","Otto","Outer Limits",34,28,"[{""species"" : ""Caribbean Reef Shark"", ""count"" : 1}]"
1527,"2024-12-31",2,"Fin & Tonic","Otto","Hot Springs",21,28,"[{""species"" : ""Green Turtle"", ""count"" : 2}, {""species"" : ""Nurse Shark"", ""count"" : 2}]"
1522,"2024-12-31",1,"Shark Bait","Vicky","Third Encounter",31,28,"[{""species"" : ""Lionfish Alive"", ""count"" : 1}]"
1523,"2024-12-31",2,"Shark Bait","Vicky","Third Encounter",20,28,"[{""species"" : ""Green Turtle"", ""count"" : 2}, {""species"" : ""Southern Stingray"", ""count"" : 2}, {""species"" : ""Flamingo Tongue"", ""count"" : 2}]"
1537,"2025-01-02",3,"Shark Bait","Robins","Twilight Zone",29,27,"[{""species"" : ""Nassau Grouper"", ""count"" : 2}, {""species"" : ""Lionfish Alive"", ""count"" : 3}, {""species"" : ""Green Turtle"", ""count"" : 1}]"
1530,"2025-01-02",2,"Shark Bait","Aaron ","50 50",24,28,"[{""species"" : ""Nurse Shark"", ""count"" : 2}, {""species"" : ""Green Turtle"", ""count"" : 6}]"
1531,"2025-01-02",2,"Fin & Tonic","Caroline","Babylon",24,27,"[{""species"" : ""Nurse Shark"", ""count"" : 2}, {""species"" : ""Lionfish Alive"", ""count"" : 3}]"
1532,"2025-01-02",1,"Fin & Tonic","Otto","Third Encounter",34,28,"[{""species"" : ""Caribbean Reef Shark"", ""count"" : 1}]"
1533,"2025-01-02",3,"Fin & Tonic","Otto","Tent Shallow",23,28,"[{""species"" : ""Green Turtle"", ""count"" : 2}, {""species"" : ""Caribbean Reef Shark"", ""count"" : 1}]"
1534,"2025-01-02",1,"Shark Bait","Lenny","Twilight Zone",30,27,"[{""species"" : ""Lionfish Alive"", ""count"" : 5}, {""species"" : ""Yellowfin Grouper"", ""count"" : 1}, {""species"" : ""Nurse Shark"", ""count"" : 2}, {""species"" : ""Tiger Grouper"", ""count"" : 3}]"
1535,"2025-01-02",2,"Shark Bait","Lenny","50 50",23,30,"[{""species"" : ""Southern Stingray"", ""count"" : 3}, {""species"" : ""Nassau Grouper"", ""count"" : 1}, {""species"" : ""Tiger Grouper"", ""count"" : 2}, {""species"" : ""Lettuce Sea Slug"", ""count"" : 4}, {""species"" : ""Lionfish Alive"", ""count"" : 1}, {""species"" : ""Flamingo Tongue"", ""count"" : 2}, {""species"" : ""Green Turtle"", ""count"" : 8}, {""species"" : ""Nurse Shark"", ""count"" : 3}]"
1536,"2025-01-02",1,"Shark Bait","Robins","Outer Limits",34,28,"[{""species"" : ""Caribbean Reef Shark"", ""count"" : 1}]"
1539,"2025-01-03",1,"Fin & Tonic","Otto","Diamond Rock",24,28,"[{""species"" : ""Green Turtle"", ""count"" : 1}]"
1554,"2025-01-03",1,"Shark Bait","Robins","Customs House",29,28,"[{""species"" : ""Nurse Shark"", ""count"" : 2}, {""species"" : ""Southern Stingray"", ""count"" : 5}, {""species"" : ""Lettuce Sea Slug"", ""count"" : 2}, {""species"" : ""Lionfish Alive"", ""count"" : 3}, {""species"" : ""Green Turtle"", ""count"" : 5}, {""species"" : ""Caribbean Reef Shark"", ""count"" : 1}]"
1540,"2025-01-03",3,"Fin & Tonic","Otto","Ladder Labyrinth",21,28,"[{""species"" : ""Nurse Shark"", ""count"" : 2}, {""species"" : ""Green Turtle"", ""count"" : 1}, {""species"" : ""Lionfish Alive"", ""count"" : 2}]"
1538,"2025-01-03",2,"Fin & Tonic","Josef","Tent Boulders",21,27,"[{""species"" : ""Green Turtle"", ""count"" : 3}]"
1555,"2025-01-03",2,"Shark Bait","Robins","Diamond Rock",24,28,"[{""species"" : ""Caribbean Reef Shark"", ""count"" : 1}, {""species"" : ""Tiger Grouper"", ""count"" : 2}, {""species"" : ""Yellowfin Grouper"", ""count"" : 3}, {""species"" : ""Nassau Grouper"", ""count"" : 2}, {""species"" : ""Green Turtle"", ""count"" : 3}, {""species"" : ""Southern Stingray"", ""count"" : 6}]"
1543,"2025-01-03",2,"Private Boat","Chad","Shark Shoals",34,27,"[{""species"" : null, ""count"" : null}]"
1544,"2025-01-03",3,"Private Boat","Chad","50 50",24,27,"[{""species"" : ""Nurse Shark"", ""count"" : 5}, {""species"" : ""Caribbean Reef Shark"", ""count"" : 2}, {""species"" : ""Green Turtle"", ""count"" : 5}]"
1545,"2025-01-03",1,"Private Boat","Vicky","Hot Springs",22,28,"[{""species"" : ""Green Turtle"", ""count"" : 3}, {""species"" : ""Southern Stingray"", ""count"" : 2}, {""species"" : ""Nurse Shark"", ""count"" : 2}]"
1541,"2025-01-04",2,"Private Boat","Chad","Third Encounter",34,27,"[{""species"" : ""Nurse Shark"", ""count"" : 1}, {""species"" : ""Lionfish Alive"", ""count"" : 5}, {""species"" : ""Yellowfin Grouper"", ""count"" : 1}, {""species"" : ""Nassau Grouper"", ""count"" : 1}]"
1542,"2025-01-04",3,"Private Boat","Chad","Tent Drift",24,27,"[{""species"" : ""Longspine Sea Urchin"", ""count"" : 1}, {""species"" : ""Hawksbill Turtle"", ""count"" : 1}, {""species"" : ""Caribbean Reef Shark"", ""count"" : 1}, {""species"" : ""Southern Stingray"", ""count"" : 1}, {""species"" : ""Nassau Grouper"", ""count"" : 1}, {""species"" : ""Green Turtle"", ""count"" : 10}]"
1556,"2025-01-05",1,"Fin & Tonic","Robins","Tent Drift",27,28,"[{""species"" : ""Nassau Grouper"", ""count"" : 2}, {""species"" : ""Green Turtle"", ""count"" : 9}, {""species"" : ""Caribbean Reef Shark"", ""count"" : 2}, {""species"" : ""Nurse Shark"", ""count"" : 2}, {""species"" : ""Southern Stingray"", ""count"" : 7}, {""species"" : ""Yellowfin Grouper"", ""count"" : 3}, {""species"" : ""Tiger Grouper"", ""count"" : 2}, {""species"" : ""Lettuce Sea Slug"", ""count"" : 3}, {""species"" : ""Lionfish Alive"", ""count"" : 3}]"
1547,"2025-01-05",5,"Fin & Tonic","Josef","Tent Shallow",13,27,"[{""species"" : ""Green Turtle"", ""count"" : 1}]"
1551,"2025-01-06",3,"Fin & Tonic","Aaron ","Greer Gut",18,28,"[{""species"" : ""Caribbean Reef Shark"", ""count"" : 1}]"
1552,"2025-01-06",1,"Fin & Tonic","Robins","Hole in the Corner",27,28,"[{""species"" : ""Nurse Shark"", ""count"" : 2}, {""species"" : ""Lionfish Alive"", ""count"" : 6}, {""species"" : ""Tiger Grouper"", ""count"" : 1}, {""species"" : ""Yellowfin Grouper"", ""count"" : 3}, {""species"" : ""Green Turtle"", ""count"" : 2}, {""species"" : ""Nassau Grouper"", ""count"" : 2}]"
1553,"2025-01-06",2,"Fin & Tonic","Robins","Hole in the Corner",23,28,"[{""species"" : ""Tiger Grouper"", ""count"" : 2}, {""species"" : ""Green Turtle"", ""count"" : 3}, {""species"" : ""Nurse Shark"", ""count"" : 3}, {""species"" : ""Nassau Grouper"", ""count"" : 2}, {""species"" : ""Yellowfin Grouper"", ""count"" : 3}, {""species"" : ""Lettuce Sea Slug"", ""count"" : 3}, {""species"" : ""Lionfish Alive"", ""count"" : 7}]"
1549,"2025-01-06",2,"Fin & Tonic","Caroline","Hole in the Corner",26,27,"[{""species"" : ""Lionfish Dead"", ""count"" : 5}, {""species"" : ""Lionfish Alive"", ""count"" : 7}, {""species"" : ""Nurse Shark"", ""count"" : 3}]"
1548,"2025-01-06",1,"Fin & Tonic","Caroline","Hole in the Corner",27,27,"[{""species"" : ""Lionfish Dead"", ""count"" : 1}, {""species"" : ""Lionfish Alive"", ""count"" : 6}]"
1550,"2025-01-06",2,"Fin & Tonic","Aaron ","Hole in the Corner",18,28,"[{""species"" : null, ""count"" : null}]"
1546,"2025-01-06",3,"Fin & Tonic","Otto","Greer Gut",21,28,"[{""species"" : ""Caribbean Reef Shark"", ""count"" : 1}]"
1562,"2025-01-07",1,"Fin & Tonic","Otto","Twilight Zone",34,28,"[{""species"" : null, ""count"" : null}]"
1557,"2025-01-07",2,"Fin & Tonic","Vicky","Big Rock Market",22,28,"[{""species"" : ""Southern Stingray"", ""count"" : 2}, {""species"" : ""Caribbean Reef Shark"", ""count"" : 2}]"
1558,"2025-01-07",1,"Fin & Tonic","Caroline","Twilight Zone",30,27,"[{""species"" : null, ""count"" : null}]"
1559,"2025-01-07",2,"Fin & Tonic","Caroline","Big Rock Market",19,27,"[{""species"" : null, ""count"" : null}]"
1560,"2025-01-07",3,"Fin & Tonic","Caroline","Tent Reef Wall",22,27,"[{""species"" : ""Caribbean Reef Shark"", ""count"" : 1}]"
1561,"2025-01-07",2,"Fin & Tonic","Aaron ","Big Rock Market",21,28,"[{""species"" : ""Caribbean Reef Shark"", ""count"" : 3}]"
1563,"2025-01-07",3,"Fin & Tonic","Otto","Tent Boulders",21,28,"[{""species"" : ""Caribbean Reef Shark"", ""count"" : 2}, {""species"" : ""Green Turtle"", ""count"" : 5}]"
1565,"2025-01-08",3,"Fin & Tonic","Otto","Tent Boulders",21,28,"[{""species"" : null, ""count"" : null}]"
1564,"2025-01-08",1,"Fin & Tonic","Otto","Third Encounter",34,28,"[{""species"" : ""Caribbean Reef Shark"", ""count"" : 3}]"
1567,"2025-01-09",1,"Fin & Tonic","Vicky","Customs House",24,27,"[{""species"" : ""Nurse Shark"", ""count"" : 1}, {""species"" : ""Green Turtle"", ""count"" : 8}, {""species"" : ""Southern Stingray"", ""count"" : 3}]"
1568,"2025-01-09",2,"Fin & Tonic","Vicky","Man of War Shoals",22,27,"[{""species"" : ""Caribbean Reef Shark"", ""count"" : 1}, {""species"" : ""Southern Stingray"", ""count"" : 2}, {""species"" : ""Yellowfin Grouper"", ""count"" : 1}, {""species"" : ""Flamingo Tongue"", ""count"" : 2}]"
1574,"2025-01-09",3,"Fin & Tonic","Robins","Customs House",21,27,"[{""species"" : ""Leech Head Shield Slug"", ""count"" : 3}, {""species"" : ""Tiger Grouper"", ""count"" : 3}, {""species"" : ""Red-tipped Sea Goddess"", ""count"" : 5}, {""species"" : ""Green Turtle"", ""count"" : 10}, {""species"" : ""Nurse Shark"", ""count"" : 3}, {""species"" : ""Southern Stingray"", ""count"" : 6}, {""species"" : ""Nassau Grouper"", ""count"" : 3}, {""species"" : ""Yellowfin Grouper"", ""count"" : 2}]"
1566,"2025-01-09",2,"Fin & Tonic","Aaron ","Man of War Shoals",22,28,"[{""species"" : ""Green Turtle"", ""count"" : 4}, {""species"" : ""Yellowfin Grouper"", ""count"" : 2}]"
1573,"2025-01-09",1,"Fin & Tonic","Robins","Customs House",29,28,"[{""species"" : ""Tiger Grouper"", ""count"" : 2}, {""species"" : ""Lionfish Alive"", ""count"" : 2}, {""species"" : ""Green Turtle"", ""count"" : 13}, {""species"" : ""Caribbean Reef Shark"", ""count"" : 1}, {""species"" : ""Nurse Shark"", ""count"" : 3}, {""species"" : ""Southern Stingray"", ""count"" : 8}, {""species"" : ""Yellowfin Grouper"", ""count"" : 5}, {""species"" : ""Lettuce Sea Slug"", ""count"" : 6}]"
1571,"2025-01-10",1,"Fin & Tonic","Robins","Core Gut",27,28,"[{""species"" : ""Tiger Grouper"", ""count"" : 2}, {""species"" : ""Southern Stingray"", ""count"" : 2}, {""species"" : ""Nassau Grouper"", ""count"" : 3}, {""species"" : ""Yellowfin Grouper"", ""count"" : 4}, {""species"" : ""Red-tipped Sea Goddess"", ""count"" : 6}, {""species"" : ""Lionfish Alive"", ""count"" : 4}]"
1572,"2025-01-10",3,"Fin & Tonic","Robins","Abraham's Hole",20,28,"[{""species"" : ""Tiger Grouper"", ""count"" : 4}, {""species"" : ""Green Turtle"", ""count"" : 2}, {""species"" : ""Caribbean Reef Shark"", ""count"" : 1}, {""species"" : ""Nassau Grouper"", ""count"" : 4}, {""species"" : ""Red-tipped Sea Goddess"", ""count"" : 7}, {""species"" : ""Yellowfin Grouper"", ""count"" : 3}]"
1569,"2025-01-11",1,"Fin & Tonic","Robins","Tent Shallow",19,28,"[{""species"" : ""Green Turtle"", ""count"" : 4}, {""species"" : ""Southern Stingray"", ""count"" : 4}]"
1570,"2025-01-11",2,"Fin & Tonic","Robins","Core Gut",17,28,"[{""species"" : ""Lionfish Alive"", ""count"" : 3}, {""species"" : ""Nassau Grouper"", ""count"" : 2}, {""species"" : ""Tiger Grouper"", ""count"" : 3}, {""species"" : ""Yellowfin Grouper"", ""count"" : 4}]"
1575,"2025-01-13",1,"Shark Bait","Caroline","David's Drop-off Deep",33,27,"[{""species"" : ""Lionfish Alive"", ""count"" : 4}, {""species"" : ""Nurse Shark"", ""count"" : 1}]"
1576,"2025-01-13",2,"Shark Bait","Caroline","Core Gut",26,27,"[{""species"" : ""Lionfish Alive"", ""count"" : 7}, {""species"" : ""Nurse Shark"", ""count"" : 1}]"
1577,"2025-01-13",2,"Shark Bait","Aaron ","David's Drop-off Deep",30,28,"[{""species"" : ""Green Turtle"", ""count"" : 2}, {""species"" : ""Nurse Shark"", ""count"" : 1}]"
1578,"2025-01-13",2,"Shark Bait","Vicky","David's Drop-off Deep",25,27,"[{""species"" : ""Flamingo Tongue"", ""count"" : 2}, {""species"" : ""Green Turtle"", ""count"" : 1}, {""species"" : ""Lionfish Alive"", ""count"" : 3}]"
1579,"2025-01-13",3,"Shark Bait","Vicky","Core Gut",22,27,"[{""species"" : ""Nurse Shark"", ""count"" : 1}, {""species"" : ""Lionfish Alive"", ""count"" : 2}]"
1582,"2025-01-13",2,"Fin & Tonic","Chad","Core Gut",27,27,"[{""species"" : ""Nurse Shark"", ""count"" : 1}]"
1583,"2025-01-13",3,"Fin & Tonic","Chad","David's Drop-off Deep",24,27,"[{""species"" : ""Hawksbill Turtle"", ""count"" : 1}]"
1588,"2025-01-13",2,"Fin & Tonic","Josef","Core Gut",30,26,"[{""species"" : null, ""count"" : null}]"
1590,"2025-01-13",3,"Fin & Tonic","Lenny","David's Drop-off Deep",24,27,"[{""species"" : ""Yellowfin Grouper"", ""count"" : 2}, {""species"" : ""Lettuce Sea Slug"", ""count"" : 8}, {""species"" : ""Lionfish Alive"", ""count"" : 4}, {""species"" : ""Flamingo Tongue"", ""count"" : 10}, {""species"" : ""Green Turtle"", ""count"" : 2}, {""species"" : ""Southern Stingray"", ""count"" : 2}]"
1596,"2025-01-13",3,"Fin & Tonic","Robins","Core Gut",29,28,"[{""species"" : ""Nassau Grouper"", ""count"" : 2}, {""species"" : ""Lionfish Alive"", ""count"" : 6}, {""species"" : ""Tiger Grouper"", ""count"" : 2}, {""species"" : ""Yellowfin Grouper"", ""count"" : 4}]"
1585,"2025-01-14",2,"Shark Bait","Vicky","Diamond Rock",24,27,"[{""species"" : ""Caribbean Reef Shark"", ""count"" : 2}, {""species"" : ""Southern Stingray"", ""count"" : 3}, {""species"" : ""Green Turtle"", ""count"" : 1}]"
1586,"2025-01-14",1,"Shark Bait","Caroline","Shark Shoals",33,27,"[{""species"" : ""Lionfish Dead"", ""count"" : 1}, {""species"" : ""Caribbean Reef Shark"", ""count"" : 1}]"
1587,"2025-01-14",3,"Shark Bait","Caroline","Hole in the Corner",25,27,"[{""species"" : ""Caribbean Reef Shark"", ""count"" : 2}]"
1589,"2025-01-14",2,"Fin & Tonic","Josef","Greer Gut",2,-19,"[{""species"" : null, ""count"" : null}]"
1591,"2025-01-14",3,"Fin & Tonic","Josef","Tent Reef",22,27,"[{""species"" : null, ""count"" : null}]"
1592,"2025-01-14",2,"Shark Bait","Aaron ","Diamond Rock",24,28,"[{""species"" : ""Green Turtle"", ""count"" : 2}, {""species"" : ""Yellowfin Grouper"", ""count"" : 2}]"
1593,"2025-01-14",3,"Shark Bait","Aaron ","Hole in the Corner",24,28,"[{""species"" : ""Nurse Shark"", ""count"" : 1}, {""species"" : ""Green Turtle"", ""count"" : 3}, {""species"" : ""Caribbean Reef Shark"", ""count"" : 2}]"
1594,"2025-01-14",1,"Fin & Tonic","Robins","Tent Reef Wall",27,28,"[{""species"" : ""Green Turtle"", ""count"" : 5}, {""species"" : ""Southern Stingray"", ""count"" : 3}, {""species"" : ""Red-tipped Sea Goddess"", ""count"" : 3}]"
1595,"2025-01-14",3,"Fin & Tonic","Robins","Tent Reef",21,28,"[{""species"" : ""Tiger Grouper"", ""count"" : 2}, {""species"" : ""Nassau Grouper"", ""count"" : 3}, {""species"" : ""Yellowfin Grouper"", ""count"" : 4}, {""species"" : ""Green Turtle"", ""count"" : 6}, {""species"" : ""Lettuce Sea Slug"", ""count"" : 3}]"
1580,"2025-01-14",1,"Fin & Tonic","Chad","Tent Reef Wall",30,27,"[{""species"" : ""Nassau Grouper"", ""count"" : 1}, {""species"" : ""Lionfish Alive"", ""count"" : 1}, {""species"" : ""Green Turtle"", ""count"" : 5}, {""species"" : ""Caribbean Reef Shark"", ""count"" : 2}]"
1581,"2025-01-14",2,"Fin & Tonic","Chad","Greer Gut",21,27,"[{""species"" : ""Caribbean Reef Shark"", ""count"" : 1}, {""species"" : ""Lionfish Dead"", ""count"" : 8}, {""species"" : ""Lionfish Alive"", ""count"" : 2}, {""species"" : ""Southern Stingray"", ""count"" : 1}]"
1584,"2025-01-14",1,"Shark Bait","Vicky","Shark Shoals",32,27,"[{""species"" : ""Lionfish Dead"", ""count"" : 1}, {""species"" : ""Caribbean Reef Shark"", ""count"" : 1}]"
1597,"2025-01-15",2,"Fin & Tonic","Otto","Hole in the Corner",21,28,"[{""species"" : null, ""count"" : null}]"
1598,"2025-01-15",3,"Fin & Tonic","Otto","Tent Boulders",21,28,"[{""species"" : null, ""count"" : null}]"
1599,"2025-01-15",2,"Shark Bait","Vicky","Big Rock Market",20,27,"[{""species"" : ""Green Turtle"", ""count"" : 1}]"
1600,"2025-01-15",1,"Shark Bait","Caroline","Third Encounter",33,27,"[{""species"" : ""Nurse Shark"", ""count"" : 1}, {""species"" : ""Lionfish Alive"", ""count"" : 5}, {""species"" : ""Caribbean Reef Shark"", ""count"" : 3}]"
1601,"2025-01-15",2,"Shark Bait","Aaron ","Big Rock Market",22,28,"[{""species"" : ""Lionfish Dead"", ""count"" : 13}]"
1611,"2025-01-15",1,"Fin & Tonic","Robins","Big Rock Deep",27,27,"[{""species"" : ""Yellowfin Grouper"", ""count"" : 4}, {""species"" : ""Green Turtle"", ""count"" : 4}, {""species"" : ""Nurse Shark"", ""count"" : 1}, {""species"" : ""Nassau Grouper"", ""count"" : 3}, {""species"" : ""Tiger Grouper"", ""count"" : 2}, {""species"" : ""Red-tipped Sea Goddess"", ""count"" : 2}, {""species"" : ""Lionfish Alive"", ""count"" : 4}]"
1612,"2025-01-15",2,"Fin & Tonic","Robins","Hole in the Corner",23,27,"[{""species"" : ""Lettuce Sea Slug"", ""count"" : 2}, {""species"" : ""Green Turtle"", ""count"" : 5}, {""species"" : ""Nurse Shark"", ""count"" : 3}, {""species"" : ""Nassau Grouper"", ""count"" : 2}, {""species"" : ""Yellowfin Grouper"", ""count"" : 3}, {""species"" : ""Red-tipped Sea Goddess"", ""count"" : 3}]"
1610,"2025-01-16",2,"Fin & Tonic","Robins","Tent Shallow",23,27,"[{""species"" : ""Nurse Shark"", ""count"" : 3}, {""species"" : ""Southern Stingray"", ""count"" : 4}, {""species"" : ""Nassau Grouper"", ""count"" : 3}, {""species"" : ""Yellowfin Grouper"", ""count"" : 2}, {""species"" : ""Tiger Grouper"", ""count"" : 3}, {""species"" : ""Green Turtle"", ""count"" : 3}]"
1604,"2025-01-16",2,"Shark Bait","Lenny","Big Rock Deep",23,27,"[{""species"" : ""Nassau Grouper"", ""count"" : 1}, {""species"" : ""Yellowfin Grouper"", ""count"" : 1}, {""species"" : ""Tiger Grouper"", ""count"" : 2}, {""species"" : ""Lettuce Sea Slug"", ""count"" : 9}, {""species"" : ""Flamingo Tongue"", ""count"" : 5}, {""species"" : ""Lionfish Alive"", ""count"" : 3}, {""species"" : ""Lionfish Dead"", ""count"" : 2}, {""species"" : ""Southern Stingray"", ""count"" : 2}]"
1609,"2025-01-16",3,"Fin & Tonic","Otto","Ladder Drift",21,28,"[{""species"" : ""Caribbean Reef Shark"", ""count"" : 1}, {""species"" : ""Nurse Shark"", ""count"" : 2}, {""species"" : ""Green Turtle"", ""count"" : 3}]"
1605,"2025-01-16",1,"Shark Bait","Aaron ","Tent Reef Wall",30,28,"[{""species"" : ""Hawksbill Turtle"", ""count"" : 1}]"
1606,"2025-01-16",1,"Shark Bait","Vicky","Tent Reef Wall",26,27,"[{""species"" : ""Hawksbill Turtle"", ""count"" : 1}, {""species"" : ""Green Turtle"", ""count"" : 1}]"
1607,"2025-01-16",2,"Shark Bait","Vicky","Big Rock Deep",22,27,"[{""species"" : ""Flamingo Tongue"", ""count"" : 2}, {""species"" : ""Lionfish Alive"", ""count"" : 1}, {""species"" : ""Lionfish Dead"", ""count"" : 3}, {""species"" : ""Longspine Sea Urchin"", ""count"" : 1}]"
1608,"2025-01-16",1,"Fin & Tonic","Otto","David's Drop-off Deep",30,28,"[{""species"" : ""Nassau Grouper"", ""count"" : 1}]"
1602,"2025-01-16",1,"Fin & Tonic","Caroline","David's Drop-off Deep",33,27,"[{""species"" : ""Lionfish Alive"", ""count"" : 5}]"
1603,"2025-01-16",2,"Fin & Tonic","Caroline","Tent Shallow",20,27,"[{""species"" : ""Lionfish Alive"", ""count"" : 2}, {""species"" : ""Nurse Shark"", ""count"" : 1}]"
1614,"2025-01-17",2,"Fin & Tonic","Chad","50 50",24,27,"[{""species"" : ""Nurse Shark"", ""count"" : 4}, {""species"" : ""Green Turtle"", ""count"" : 10}, {""species"" : ""Southern Stingray"", ""count"" : 2}]"
1613,"2025-01-17",1,"Fin & Tonic","Chad","Customs House",30,27,"[{""species"" : ""Caribbean Reef Shark"", ""count"" : 2}, {""species"" : ""Green Turtle"", ""count"" : 4}, {""species"" : ""Southern Stingray"", ""count"" : 1}]"
1615,"2025-01-17",2,"Shark Bait","Lenny","Hot Springs",24,27,"[{""species"" : ""Lettuce Sea Slug"", ""count"" : 2}, {""species"" : ""Green Turtle"", ""count"" : 10}, {""species"" : ""Nurse Shark"", ""count"" : 3}, {""species"" : ""Southern Stingray"", ""count"" : 5}, {""species"" : ""Tiger Grouper"", ""count"" : 3}, {""species"" : ""Flamingo Tongue"", ""count"" : 6}]"
1616,"2025-01-17",1,"Shark Bait","Aaron ","Twilight Zone",33,28,"[{""species"" : ""Hawksbill Turtle"", ""count"" : 1}, {""species"" : ""Nurse Shark"", ""count"" : 3}]"
1617,"2025-01-17",1,"Fin & Tonic","Otto","Customs House",27,28,"[{""species"" : ""Caribbean Reef Shark"", ""count"" : 2}, {""species"" : ""Green Turtle"", ""count"" : 4}]"
1618,"2025-01-17",3,"Fin & Tonic","Otto","Hot Springs",21,28,"[{""species"" : ""Nurse Shark"", ""count"" : 2}]"
1619,"2025-01-17",1,"Shark Bait","Vicky","Twilight Zone",32,27,"[{""species"" : ""Lionfish Alive"", ""count"" : 1}, {""species"" : ""Hawksbill Turtle"", ""count"" : 1}, {""species"" : ""Caribbean Reef Shark"", ""count"" : 1}, {""species"" : ""Nurse Shark"", ""count"" : 2}, {""species"" : ""Lionfish Dead"", ""count"" : 2}]"
1620,"2025-01-17",2,"Shark Bait","Vicky","Hot Springs",22,27,"[{""species"" : ""Lettuce Sea Slug"", ""count"" : 2}, {""species"" : ""Green Turtle"", ""count"" : 6}, {""species"" : ""Hawksbill Turtle"", ""count"" : 1}, {""species"" : ""Nurse Shark"", ""count"" : 3}, {""species"" : ""Southern Stingray"", ""count"" : 2}, {""species"" : ""Flamingo Tongue"", ""count"" : 2}]"
1634,"2025-01-17",2,"Fin & Tonic","Robins","50 50",24,26,"[{""species"" : ""Green Turtle"", ""count"" : 8}, {""species"" : ""Nurse Shark"", ""count"" : 4}, {""species"" : ""Nassau Grouper"", ""count"" : 3}, {""species"" : ""Yellowfin Grouper"", ""count"" : 3}, {""species"" : ""Red-tipped Sea Goddess"", ""count"" : 3}, {""species"" : ""Leech Head Shield Slug"", ""count"" : 2}]"
1622,"2025-01-19",2,"Fin & Tonic","Caroline","Babylon",30,27,"[{""species"" : ""Lionfish Alive"", ""count"" : 3}]"
1621,"2025-01-19",1,"Fin & Tonic","Caroline","Customs House",40,27,"[{""species"" : ""Nurse Shark"", ""count"" : 2}, {""species"" : ""Caribbean Reef Shark"", ""count"" : 1}]"
1623,"2025-01-19",3,"Fin & Tonic","Caroline","Hot Springs",20,27,"[{""species"" : ""Nurse Shark"", ""count"" : 3}]"
1633,"2025-01-20",2,"Fin & Tonic","Robins","Tent Shallow",24,26,"[{""species"" : ""Tiger Grouper"", ""count"" : 1}, {""species"" : ""Green Turtle"", ""count"" : 4}, {""species"" : ""Nurse Shark"", ""count"" : 2}, {""species"" : ""Southern Stingray"", ""count"" : 5}, {""species"" : ""Nassau Grouper"", ""count"" : 2}, {""species"" : ""Yellowfin Grouper"", ""count"" : 3}, {""species"" : ""Lionfish Alive"", ""count"" : 2}]"
1624,"2025-01-20",1,"Fin & Tonic","Caroline","Ladder Labyrinth",26,27,"[{""species"" : ""Lionfish Alive"", ""count"" : 2}]"
1625,"2025-01-20",2,"Fin & Tonic","Caroline","Tent Shallow",21,27,"[{""species"" : ""Lionfish Alive"", ""count"" : 1}]"
1626,"2025-01-20",3,"Fin & Tonic","Caroline","Hot Springs",22,27,"[{""species"" : ""Nurse Shark"", ""count"" : 3}]"
1627,"2025-01-21",2,"Shark Bait","Aaron ","50 50",24,28,"[{""species"" : ""Caribbean Reef Shark"", ""count"" : 1}, {""species"" : ""Yellowfin Grouper"", ""count"" : 1}, {""species"" : ""Nurse Shark"", ""count"" : 1}, {""species"" : ""Green Turtle"", ""count"" : 8}]"
1630,"2025-01-22",2,"Fin & Tonic","Aaron ","Hot Springs",22,28,"[{""species"" : ""Green Turtle"", ""count"" : 8}, {""species"" : ""Nurse Shark"", ""count"" : 2}]"
1628,"2025-01-22",1,"Fin & Tonic","Vicky","Tent Reef Wall",26,27,"[{""species"" : ""Caribbean Reef Shark"", ""count"" : 3}, {""species"" : ""Nurse Shark"", ""count"" : 2}]"
1629,"2025-01-22",2,"Fin & Tonic","Vicky","Hot Springs",23,27,"[{""species"" : ""Longspine Sea Urchin"", ""count"" : 1}, {""species"" : ""Southern Stingray"", ""count"" : 5}, {""species"" : ""Nurse Shark"", ""count"" : 1}, {""species"" : ""Green Turtle"", ""count"" : 6}, {""species"" : ""Flamingo Tongue"", ""count"" : 2}]"
1631,"2025-01-22",1,"Fin & Tonic","Robins","Tent Reef Wall",30,26,"[{""species"" : ""Caribbean Reef Shark"", ""count"" : 2}, {""species"" : ""Nurse Shark"", ""count"" : 2}, {""species"" : ""Southern Stingray"", ""count"" : 4}, {""species"" : ""Lettuce Sea Slug"", ""count"" : 4}, {""species"" : ""Lionfish Alive"", ""count"" : 3}]"
1632,"2025-01-22",3,"Fin & Tonic","Robins","Tent Reef",21,26,"[{""species"" : ""Green Turtle"", ""count"" : 2}, {""species"" : ""Southern Stingray"", ""count"" : 4}, {""species"" : ""Nassau Grouper"", ""count"" : 3}, {""species"" : ""Yellowfin Grouper"", ""count"" : 4}, {""species"" : ""Lionfish Alive"", ""count"" : 2}]"
1635,"2025-01-23",1,"Fin & Tonic","Caroline","50 50",30,27,"[{""species"" : ""Nurse Shark"", ""count"" : 1}]"
1636,"2025-01-23",2,"Fin & Tonic","Caroline","Man of War Shoals",21,27,"[{""species"" : ""Caribbean Reef Shark"", ""count"" : 1}]"
1637,"2025-01-23",1,"Fin & Tonic","Aaron ","50 50",24,28,"[{""species"" : ""Green Turtle"", ""count"" : 8}, {""species"" : ""Nurse Shark"", ""count"" : 2}, {""species"" : ""Southern Stingray"", ""count"" : 4}, {""species"" : ""Yellowfin Grouper"", ""count"" : 1}, {""species"" : ""Lettuce Sea Slug"", ""count"" : 1}]"
1638,"2025-01-23",3,"Fin & Tonic","Aaron ","Ladder Labyrinth",21,28,"[{""species"" : ""Green Turtle"", ""count"" : 1}, {""species"" : ""Nurse Shark"", ""count"" : 2}]"
1639,"2025-01-24",1,"Fin & Tonic","Chad","Ladder Drift",26,26,"[{""species"" : ""Green Turtle"", ""count"" : 3}, {""species"" : ""Caribbean Reef Shark"", ""count"" : 2}, {""species"" : ""Nurse Shark"", ""count"" : 2}, {""species"" : ""Southern Stingray"", ""count"" : 4}, {""species"" : ""Lionfish Alive"", ""count"" : 1}]"
1640,"2025-01-24",1,"Fin & Tonic","Caroline","Ladder Drift",24,27,"[{""species"" : null, ""count"" : null}]"
1641,"2025-01-24",2,"Fin & Tonic","Caroline","Tent Drift",20,27,"[{""species"" : null, ""count"" : null}]"
1642,"2025-01-24",3,"Fin & Tonic","Caroline","Hot Springs",15,27,"[{""species"" : null, ""count"" : null}]"
1643,"2025-01-25",1,"Fin & Tonic","Lenny","Big Rock Deep",23,27,"[{""species"" : ""Nassau Grouper"", ""count"" : 2}, {""species"" : ""Yellowfin Grouper"", ""count"" : 1}, {""species"" : ""Caribbean Reef Shark"", ""count"" : 1}, {""species"" : ""Lionfish Alive"", ""count"" : 3}, {""species"" : ""Tiger Grouper"", ""count"" : 4}, {""species"" : ""Nurse Shark"", ""count"" : 2}, {""species"" : ""Southern Stingray"", ""count"" : 3}]"
1644,"2025-01-26",1,"Fin & Tonic","Lenny","Diamond Rock",24,27,"[{""species"" : ""Yellowfin Grouper"", ""count"" : 2}, {""species"" : ""Green Turtle"", ""count"" : 3}, {""species"" : ""Caribbean Reef Shark"", ""count"" : 1}, {""species"" : ""Nurse Shark"", ""count"" : 1}, {""species"" : ""Southern Stingray"", ""count"" : 3}, {""species"" : ""Tiger Grouper"", ""count"" : 1}, {""species"" : ""Lettuce Sea Slug"", ""count"" : 2}, {""species"" : ""Lionfish Alive"", ""count"" : 2}]"
1645,"2025-01-26",2,"Fin & Tonic","Lenny","50 50",23,27,"[{""species"" : ""Caribbean Reef Shark"", ""count"" : 1}, {""species"" : ""Nurse Shark"", ""count"" : 3}, {""species"" : ""Southern Stingray"", ""count"" : 2}, {""species"" : ""Hawksbill Turtle"", ""count"" : 1}, {""species"" : ""Nassau Grouper"", ""count"" : 1}, {""species"" : ""Yellowfin Grouper"", ""count"" : 2}, {""species"" : ""Green Turtle"", ""count"" : 8}]"
1646,"2025-01-26",2,"Fin & Tonic","Aaron ","50 50",24,28,"[{""species"" : ""Hawksbill Turtle"", ""count"" : 1}, {""species"" : ""Green Turtle"", ""count"" : 10}, {""species"" : ""Nurse Shark"", ""count"" : 3}]"
1647,"2025-01-26",1,"Fin & Tonic","Caroline","Diamond Rock",25,27,"[{""species"" : ""Lionfish Alive"", ""count"" : 1}, {""species"" : ""Caribbean Reef Shark"", ""count"" : 1}]"
1648,"2025-01-26",3,"Fin & Tonic","Caroline","Babylon",21,27,"[{""species"" : ""Lionfish Alive"", ""count"" : 2}, {""species"" : ""Nurse Shark"", ""count"" : 1}]"
1649,"2025-01-27",2,"Fin & Tonic","Caroline","Hot Springs",22,27,"[{""species"" : ""Nurse Shark"", ""count"" : 3}]"
1650,"2025-01-27",2,"Fin & Tonic","Aaron ","Hot Springs",24,27,"[{""species"" : ""Green Turtle"", ""count"" : 8}, {""species"" : ""Southern Stingray"", ""count"" : 2}, {""species"" : ""Nurse Shark"", ""count"" : 2}, {""species"" : ""Lettuce Sea Slug"", ""count"" : 2}]"
1651,"2025-01-27",1,"Fin & Tonic","Otto","Customs House",24,27,"[{""species"" : ""Nurse Shark"", ""count"" : 1}, {""species"" : ""Green Turtle"", ""count"" : 2}]"
1652,"2025-01-27",3,"Fin & Tonic","Otto","Babylon",21,27,"[{""species"" : ""Nurse Shark"", ""count"" : 1}]"
1653,"2025-01-28",1,"Shark Bait","Josef","Twilight Zone",32,26,"[{""species"" : ""Blacktip Reef Shark"", ""count"" : 3}, {""species"" : ""Nassau Grouper"", ""count"" : 1}]"
1654,"2025-01-28",3,"Shark Bait","Josef","Hot Springs",21,26,"[{""species"" : ""Nurse Shark"", ""count"" : 3}, {""species"" : ""Southern Stingray"", ""count"" : 2}, {""species"" : ""Hawksbill Turtle"", ""count"" : 1}, {""species"" : ""Green Turtle"", ""count"" : 3}]"
1655,"2025-01-28",2,"Shark Bait","Aaron","Tent Reef",22,27,"[{""species"" : ""Caribbean Reef Shark"", ""count"" : 1}]"
1656,"2025-01-30",1,"Fin & Tonic","Otto","Outer Limits",30,27,"[{""species"" : ""Caribbean Reef Shark"", ""count"" : 2}, {""species"" : ""Lionfish Dead"", ""count"" : 3}, {""species"" : ""Nurse Shark"", ""count"" : 3}]"
1657,"2025-01-30",2,"Fin & Tonic","Otto","Green Island",21,27,"[{""species"" : ""Nurse Shark"", ""count"" : 3}, {""species"" : ""Caribbean Reef Shark"", ""count"" : 1}, {""species"" : ""Green Turtle"", ""count"" : 1}]"
1659,"2025-01-31",1,"Fin & Tonic","Lenny","Tent Boulders",29,27,"[{""species"" : ""Green Turtle"", ""count"" : 5}, {""species"" : ""Lionfish Alive"", ""count"" : 4}, {""species"" : ""Lettuce Sea Slug"", ""count"" : 4}, {""species"" : ""Nassau Grouper"", ""count"" : 1}, {""species"" : ""Southern Stingray"", ""count"" : 3}, {""species"" : ""Nurse Shark"", ""count"" : 1}, {""species"" : ""Caribbean Reef Shark"", ""count"" : 2}, {""species"" : ""Hawksbill Turtle"", ""count"" : 1}, {""species"" : ""Tiger Grouper"", ""count"" : 2}, {""species"" : ""Flamingo Tongue"", ""count"" : 2}]"
1658,"2025-02-01",2,"Fin & Tonic","Caroline","Babylon",27,27,"[{""species"" : ""Lionfish Alive"", ""count"" : 4}, {""species"" : ""Nurse Shark"", ""count"" : 3}, {""species"" : ""Caribbean Reef Shark"", ""count"" : 2}]"
1661,"2025-02-02",3,"Fin & Tonic","Caroline","Tent Drift",22,27,"[{""species"" : ""Caribbean Reef Shark"", ""count"" : 2}]"
1662,"2025-02-02",1,"Fin & Tonic","Lenny","Tent Boulders",26,27,"[{""species"" : ""Green Turtle"", ""count"" : 3}, {""species"" : ""Yellowfin Grouper"", ""count"" : 1}, {""species"" : ""Caribbean Reef Shark"", ""count"" : 2}, {""species"" : ""Hawksbill Turtle"", ""count"" : 1}, {""species"" : ""Lettuce Sea Slug"", ""count"" : 6}, {""species"" : ""Flamingo Tongue"", ""count"" : 2}, {""species"" : ""Lionfish Alive"", ""count"" : 5}, {""species"" : ""Southern Stingray"", ""count"" : 2}]"
1663,"2025-02-02",1,"Northern Sky","Otto","Customs House",27,27,"[{""species"" : ""Green Turtle"", ""count"" : 4}]"
1664,"2025-02-02",2,"Northern Sky","Otto","Hot Springs",23,27,"[{""species"" : ""Green Turtle"", ""count"" : 3}, {""species"" : ""Nurse Shark"", ""count"" : 1}]"
1665,"2025-02-02",3,"Northern Sky","Josef","Hot Springs",23,26,"[{""species"" : ""Southern Stingray"", ""count"" : 1}, {""species"" : ""Nurse Shark"", ""count"" : 2}, {""species"" : ""Green Turtle"", ""count"" : 3}]"
1660,"2025-02-02",2,"Fin & Tonic","Caroline","Ladder Drift",24,27,"[{""species"" : null, ""count"" : null}]"
1674,"2025-02-03",2,"Fin & Tonic","Robins","Hot Springs",24,26,"[{""species"" : ""Yellowfin Grouper"", ""count"" : 2}, {""species"" : ""Nurse Shark"", ""count"" : 3}, {""species"" : ""Tiger Grouper"", ""count"" : 2}, {""species"" : ""Southern Stingray"", ""count"" : 6}, {""species"" : ""Nassau Grouper"", ""count"" : 3}, {""species"" : ""Green Turtle"", ""count"" : 9}]"
1666,"2025-02-03",1,"Fin & Tonic","Aaron","Customs House",30,27,"[{""species"" : ""Caribbean Reef Shark"", ""count"" : 1}, {""species"" : ""Green Turtle"", ""count"" : 3}]"
1667,"2025-02-03",2,"Fin & Tonic","Josef","Hot Springs",22,26,"[{""species"" : ""Green Turtle"", ""count"" : 3}, {""species"" : ""Southern Stingray"", ""count"" : 2}, {""species"" : ""Nurse Shark"", ""count"" : 1}]"
1673,"2025-02-03",1,"Fin & Tonic","Robins","Customs House",27,26,"[{""species"" : ""Green Turtle"", ""count"" : 8}, {""species"" : ""Caribbean Reef Shark"", ""count"" : 1}, {""species"" : ""Southern Stingray"", ""count"" : 5}, {""species"" : ""Lionfish Alive"", ""count"" : 3}]"
1670,"2025-02-04",3,"Shark Bait","Otto","Hot Springs",23,27,"[{""species"" : ""Nurse Shark"", ""count"" : 1}, {""species"" : ""Green Turtle"", ""count"" : 10}]"
1671,"2025-02-04",2,"Shark Bait","Josef","Tent Shallow",21,26,"[{""species"" : null, ""count"" : null}]"
1672,"2025-02-04",2,"Fin & Tonic","Robins","Tent Reef",23,26,"[{""species"" : ""Caribbean Reef Shark"", ""count"" : 3}, {""species"" : ""Lionfish Alive"", ""count"" : 3}, {""species"" : ""Lettuce Sea Slug"", ""count"" : 2}, {""species"" : ""Yellowfin Grouper"", ""count"" : 2}, {""species"" : ""Nassau Grouper"", ""count"" : 3}, {""species"" : ""Green Turtle"", ""count"" : 4}, {""species"" : ""Southern Stingray"", ""count"" : 5}]"
1668,"2025-02-04",1,"Fin & Tonic","Aaron","Third Encounter",33,27,"[{""species"" : ""Caribbean Reef Shark"", ""count"" : 1}, {""species"" : ""Yellowfin Grouper"", ""count"" : 1}]"
1669,"2025-02-04",1,"Shark Bait","Otto","Outer Limits",30,27,"[{""species"" : null, ""count"" : null}]"
1677,"2025-02-05",2,"Shark Bait","Vicky","Man of War Shoals",22,27,"[{""species"" : ""Southern Stingray"", ""count"" : 4}, {""species"" : ""Lettuce Sea Slug"", ""count"" : 4}, {""species"" : ""Nurse Shark"", ""count"" : 2}, {""species"" : ""Caribbean Reef Shark"", ""count"" : 2}]"
1678,"2025-02-05",1,"Fin & Tonic","Aaron","Third Encounter",33,27,"[{""species"" : ""Tiger Grouper"", ""count"" : 2}, {""species"" : ""Nassau Grouper"", ""count"" : 3}, {""species"" : ""Caribbean Reef Shark"", ""count"" : 4}, {""species"" : ""Hawksbill Turtle"", ""count"" : 1}, {""species"" : ""Lionfish Alive"", ""count"" : 3}, {""species"" : ""Yellowfin Grouper"", ""count"" : 4}]"
1679,"2025-02-05",3,"Fin & Tonic","Aaron","Tent Drift",18,27,"[{""species"" : ""Caribbean Reef Shark"", ""count"" : 5}, {""species"" : ""Nurse Shark"", ""count"" : 1}, {""species"" : ""Green Turtle"", ""count"" : 3}, {""species"" : ""Yellowfin Grouper"", ""count"" : 2}, {""species"" : ""Hawksbill Turtle"", ""count"" : 1}]"
1695,"2025-02-05",2,"Shark Bait","Robins","Man of War Shoals",21,26,"[{""species"" : ""Green Turtle"", ""count"" : 4}, {""species"" : ""Southern Stingray"", ""count"" : 6}, {""species"" : ""Yellowfin Grouper"", ""count"" : 3}, {""species"" : ""Lettuce Sea Slug"", ""count"" : 9}, {""species"" : ""Nurse Shark"", ""count"" : 1}, {""species"" : ""Nassau Grouper"", ""count"" : 2}]"
1675,"2025-02-05",2,"Shark Bait","Caroline","Man of War Shoals",12,27,"[{""species"" : ""Caribbean Reef Shark"", ""count"" : 2}]"
1676,"2025-02-05",1,"Shark Bait","Vicky","Outer Limits",31,27,"[{""species"" : ""Blacktip Reef Shark"", ""count"" : 1}, {""species"" : ""Lionfish Dead"", ""count"" : 2}]"
1680,"2025-02-06",1,"Fin & Tonic","Aaron","Customs House",33,27,"[{""species"" : ""Green Turtle"", ""count"" : 7}, {""species"" : ""Lionfish Alive"", ""count"" : 3}, {""species"" : ""Southern Stingray"", ""count"" : 1}, {""species"" : ""Nurse Shark"", ""count"" : 2}, {""species"" : ""Hawksbill Turtle"", ""count"" : 1}]"
1681,"2025-02-06",3,"Fin & Tonic","Caroline","Babylon",12,27,"[{""species"" : null, ""count"" : null}]"
1689,"2025-02-07",3,"Fin & Tonic","Otto","Hot Springs",23,27,"[{""species"" : null, ""count"" : null}]"
1682,"2025-02-07",1,"Fin & Tonic","Caroline","Tedran Wall",30,27,"[{""species"" : ""Lionfish Alive"", ""count"" : 1}]"
1683,"2025-02-07",2,"Fin & Tonic","Caroline","Babylon",20,27,"[{""species"" : ""Nurse Shark"", ""count"" : 4}]"
1684,"2025-02-07",3,"Fin & Tonic","Caroline","Hot Springs",18,27,"[{""species"" : null, ""count"" : null}]"
1685,"2025-02-07",1,"Fin & Tonic","Josef","Tedran Wall",32,26,"[{""species"" : ""Blacktip Reef Shark"", ""count"" : 3}]"
1686,"2025-02-07",2,"Fin & Tonic","Josef","Babylon",27,26,"[{""species"" : ""Nurse Shark"", ""count"" : 4}]"
1687,"2025-02-07",1,"Fin & Tonic","Otto","Tedran Wall",30,27,"[{""species"" : null, ""count"" : null}]"
1688,"2025-02-07",2,"Fin & Tonic","Otto","Babylon",24,27,"[{""species"" : null, ""count"" : null}]"
1690,"2025-02-08",1,"Fin & Tonic","Caroline","Tent Shallow",30,27,"[{""species"" : ""Lionfish Dead"", ""count"" : 1}]"
1691,"2025-02-08",2,"Fin & Tonic","Caroline","Core Gut",30,27,"[{""species"" : ""Lionfish Dead"", ""count"" : 7}, {""species"" : ""Lionfish Alive"", ""count"" : 6}]"
1693,"2025-02-08",1,"Fin & Tonic","Robins","Tent Shallow",30,26,"[{""species"" : ""Lettuce Sea Slug"", ""count"" : 3}, {""species"" : ""Green Turtle"", ""count"" : 3}, {""species"" : ""Nurse Shark"", ""count"" : 1}, {""species"" : ""Southern Stingray"", ""count"" : 3}, {""species"" : ""Yellowfin Grouper"", ""count"" : 4}, {""species"" : ""Caribbean Reef Shark"", ""count"" : 1}]"
1694,"2025-02-08",2,"Fin & Tonic","Robins","Core Gut",29,26,"[{""species"" : ""Tiger Grouper"", ""count"" : 2}, {""species"" : ""Southern Stingray"", ""count"" : 2}, {""species"" : ""Green Turtle"", ""count"" : 1}, {""species"" : ""Lettuce Sea Slug"", ""count"" : 5}, {""species"" : ""Nassau Grouper"", ""count"" : 3}]"
1692,"2025-02-09",2,"Fin & Tonic","Josef","Big Rock Deep",17,26,"[{""species"" : ""Lionfish Alive"", ""count"" : 6}, {""species"" : ""Southern Stingray"", ""count"" : 2}, {""species"" : ""Nurse Shark"", ""count"" : 1}, {""species"" : ""Yellowfin Grouper"", ""count"" : 1}]"
1698,"2025-02-11",1,"Fin & Tonic","Otto","Twilight Zone",32,27,"[{""species"" : null, ""count"" : null}]"
1700,"2025-02-11",2,"Fin & Tonic","Aaron","Tent Boulders",27,27,"[{""species"" : ""Lionfish Dead"", ""count"" : 3}, {""species"" : ""Yellowfin Grouper"", ""count"" : 1}, {""species"" : ""Green Turtle"", ""count"" : 2}]"
1697,"2025-02-11",3,"Fin & Tonic","Caroline","Hot Springs",18,27,"[{""species"" : null, ""count"" : null}]"
1696,"2025-02-11",2,"Fin & Tonic","Caroline","Tent Boulders",30,27,"[{""species"" : null, ""count"" : null}]"
1699,"2025-02-11",3,"Fin & Tonic","Otto","Hot Springs",15,27,"[{""species"" : null, ""count"" : null}]"
1701,"2025-02-12",2,"Fin & Tonic","Aaron","Hot Springs",24,27,"[{""species"" : ""Green Turtle"", ""count"" : 8}, {""species"" : ""Nurse Shark"", ""count"" : 1}, {""species"" : ""Southern Stingray"", ""count"" : 5}, {""species"" : ""Yellowfin Grouper"", ""count"" : 1}]"
1702,"2025-02-12",1,"Fin & Tonic","Otto","Tedran Wall",34,27,"[{""species"" : ""Caribbean Reef Shark"", ""count"" : 2}, {""species"" : ""Nurse Shark"", ""count"" : 1}, {""species"" : ""Lionfish Dead"", ""count"" : 3}]"
1703,"2025-02-12",3,"Fin & Tonic","Otto","Hot Springs",24,27,"[{""species"" : ""Nurse Shark"", ""count"" : 1}]"
1713,"2025-02-12",2,"Fin & Tonic","Robins","Hot Springs",24,26,"[{""species"" : ""Yellowfin Grouper"", ""count"" : 3}, {""species"" : ""Tiger Grouper"", ""count"" : 2}, {""species"" : ""Lettuce Sea Slug"", ""count"" : 2}, {""species"" : ""Green Turtle"", ""count"" : 14}, {""species"" : ""Caribbean Reef Shark"", ""count"" : 1}, {""species"" : ""Nurse Shark"", ""count"" : 4}, {""species"" : ""Southern Stingray"", ""count"" : 6}, {""species"" : ""Nassau Grouper"", ""count"" : 3}]"
1712,"2025-02-12",1,"Fin & Tonic","Robins","Tedran Wall",31,26,"[{""species"" : ""Lettuce Sea Slug"", ""count"" : 2}, {""species"" : ""Green Turtle"", ""count"" : 4}, {""species"" : ""Nurse Shark"", ""count"" : 2}, {""species"" : ""Southern Stingray"", ""count"" : 5}, {""species"" : ""Yellowfin Grouper"", ""count"" : 4}, {""species"" : ""Caribbean Reef Shark"", ""count"" : 3}]"
1706,"2025-02-13",1,"Fin & Tonic","Aaron","Customs House",30,27,"[{""species"" : ""Green Turtle"", ""count"" : 2}, {""species"" : ""Caribbean Reef Shark"", ""count"" : 4}, {""species"" : ""Yellowfin Grouper"", ""count"" : 1}, {""species"" : ""Lionfish Alive"", ""count"" : 3}]"
1707,"2025-02-13",1,"Fin & Tonic","Otto","Tedran Wall",30,27,"[{""species"" : ""Nurse Shark"", ""count"" : 1}, {""species"" : ""Caribbean Reef Shark"", ""count"" : 1}]"
1704,"2025-02-13",2,"Northern Sky","Caroline","Ladder Drift",22,27,"[{""species"" : null, ""count"" : null}]"
1705,"2025-02-13",3,"Northern Sky","Caroline","Tent Drift",22,27,"[{""species"" : null, ""count"" : null}]"
1710,"2025-02-14",1,"Fin & Tonic","Caroline","Tent Drift",22,27,"[{""species"" : null, ""count"" : null}]"
1708,"2025-02-14",1,"Fin & Tonic","Robins","Customs House",29,25,"[{""species"" : ""Green Turtle"", ""count"" : 6}, {""species"" : ""Caribbean Reef Shark"", ""count"" : 2}, {""species"" : ""Southern Stingray"", ""count"" : 5}, {""species"" : ""Nassau Grouper"", ""count"" : 4}, {""species"" : ""Yellowfin Grouper"", ""count"" : 5}, {""species"" : ""Tiger Grouper"", ""count"" : 2}]"
1709,"2025-02-14",2,"Fin & Tonic","Robins","Babylon",24,26,"[{""species"" : ""Yellowfin Grouper"", ""count"" : 4}, {""species"" : ""Caribbean Reef Shark"", ""count"" : 2}, {""species"" : ""Nurse Shark"", ""count"" : 7}, {""species"" : ""Southern Stingray"", ""count"" : 3}]"
1711,"2025-02-14",3,"Fin & Tonic","Caroline","Babylon",25,27,"[{""species"" : null, ""count"" : null}]"
1714,"2025-02-15",1,"Fin & Tonic","Robins","Customs House",30,26,"[{""species"" : ""Yellowfin Grouper"", ""count"" : 2}, {""species"" : ""Green Turtle"", ""count"" : 8}, {""species"" : ""Caribbean Reef Shark"", ""count"" : 1}, {""species"" : ""Nurse Shark"", ""count"" : 2}, {""species"" : ""Southern Stingray"", ""count"" : 7}, {""species"" : ""Tiger Grouper"", ""count"" : 2}, {""species"" : ""Lettuce Sea Slug"", ""count"" : 3}, {""species"" : ""Lionfish Alive"", ""count"" : 2}]"
1715,"2025-02-15",3,"Fin & Tonic","Robins","Customs House",24,26,"[{""species"" : ""Lettuce Sea Slug"", ""count"" : 3}, {""species"" : ""Caribbean Reef Shark"", ""count"" : 1}, {""species"" : ""Green Turtle"", ""count"" : 13}, {""species"" : ""Nurse Shark"", ""count"" : 5}, {""species"" : ""Southern Stingray"", ""count"" : 8}, {""species"" : ""Nassau Grouper"", ""count"" : 3}, {""species"" : ""Yellowfin Grouper"", ""count"" : 3}, {""species"" : ""Tiger Grouper"", ""count"" : 2}]"
1716,"2025-02-17",1,"Fin & Tonic","Caroline","Customs House",30,27,"[{""species"" : null, ""count"" : null}]"
1717,"2025-02-17",2,"Fin & Tonic","Caroline","Tent Drift",20,27,"[{""species"" : null, ""count"" : null}]"
1718,"2025-02-17",1,"Fin & Tonic","Otto","Customs House",27,27,"[{""species"" : ""Caribbean Reef Shark"", ""count"" : 2}, {""species"" : ""Green Turtle"", ""count"" : 2}, {""species"" : ""Nurse Shark"", ""count"" : 1}]"
1719,"2025-02-17",2,"Fin & Tonic","Aaron","Tent Drift",22,27,"[{""species"" : ""Yellowfin Grouper"", ""count"" : 1}, {""species"" : ""Hawksbill Turtle"", ""count"" : 1}, {""species"" : ""Caribbean Reef Shark"", ""count"" : 2}, {""species"" : ""Green Turtle"", ""count"" : 2}]"
1720,"2025-02-18",1,"Fin & Tonic","Caroline","50 50",22,27,"[{""species"" : null, ""count"" : null}]"
1721,"2025-02-18",2,"Fin & Tonic","Caroline","Man of War Shoals",22,27,"[{""species"" : null, ""count"" : null}]"
1722,"2025-02-18",3,"Fin & Tonic","Caroline","Torrens Point",13,27,"[{""species"" : null, ""count"" : null}]"
1723,"2025-02-18",1,"Fin & Tonic","Aaron","50 50",24,27,"[{""species"" : ""Nurse Shark"", ""count"" : 2}, {""species"" : ""Green Turtle"", ""count"" : 10}]"
1724,"2025-02-18",3,"Fin & Tonic","Aaron","Torrens Point",16,27,"[{""species"" : ""Hawksbill Turtle"", ""count"" : 1}]"
1727,"2025-02-19",1,"Fin & Tonic","Aaron","Twilight Zone",33,27,"[{""species"" : ""Yellowfin Grouper"", ""count"" : 2}, {""species"" : ""Caribbean Reef Shark"", ""count"" : 1}, {""species"" : ""Nassau Grouper"", ""count"" : 1}, {""species"" : ""Tiger Grouper"", ""count"" : 2}, {""species"" : ""Lionfish Alive"", ""count"" : 4}]"
1725,"2025-02-19",1,"Fin & Tonic","Vicky","Twilight Zone",31,27,"[{""species"" : ""Lionfish Alive"", ""count"" : 2}]"
1726,"2025-02-19",2,"Fin & Tonic","Vicky","Tent Boulders",22,27,"[{""species"" : ""Hawksbill Turtle"", ""count"" : 1}, {""species"" : ""Lettuce Sea Slug"", ""count"" : 3}, {""species"" : ""Green Turtle"", ""count"" : 3}, {""species"" : ""Lionfish Alive"", ""count"" : 1}]"
1729,"2025-02-19",3,"Fin & Tonic","Caroline","Porites Point",12,27,"[{""species"" : ""Caribbean Reef Shark"", ""count"" : 4}, {""species"" : ""Nurse Shark"", ""count"" : 1}]"
1728,"2025-02-20",2,"Fin & Tonic","Robins","Tent Boulders",26,27,"[{""species"" : ""Green Turtle"", ""count"" : 8}, {""species"" : ""Southern Stingray"", ""count"" : 2}, {""species"" : ""Nassau Grouper"", ""count"" : 3}, {""species"" : ""Yellowfin Grouper"", ""count"" : 2}, {""species"" : ""Flamingo Tongue"", ""count"" : 22}]"
1731,"2025-02-20",2,"Fin & Tonic","Otto","Hot Springs",23,27,"[{""species"" : ""Caribbean Reef Shark"", ""count"" : 1}, {""species"" : ""Nurse Shark"", ""count"" : 1}, {""species"" : ""Green Turtle"", ""count"" : 3}]"
1732,"2025-02-20",1,"Fin & Tonic","Aaron","Babylon",27,27,"[{""species"" : ""Lionfish Dead"", ""count"" : 2}, {""species"" : ""Caribbean Reef Shark"", ""count"" : 4}, {""species"" : ""Nurse Shark"", ""count"" : 2}, {""species"" : ""Green Turtle"", ""count"" : 1}]"
1730,"2025-02-20",1,"Fin & Tonic","Otto","Babylon",27,27,"[{""species"" : ""Lionfish Dead"", ""count"" : 2}, {""species"" : ""Nurse Shark"", ""count"" : 1}, {""species"" : ""Caribbean Reef Shark"", ""count"" : 4}]"
1733,"2025-02-21",1,"Shark Bait","Otto","Customs House",27,27,"[{""species"" : ""Nurse Shark"", ""count"" : 1}, {""species"" : ""Caribbean Reef Shark"", ""count"" : 1}]"
1745,"2025-02-21",2,"Shark Bait","Robins","Torrens Point",15,27,"[{""species"" : ""Nurse Shark"", ""count"" : 2}, {""species"" : ""Reef Urchin"", ""count"" : 8}, {""species"" : ""Green Turtle"", ""count"" : 8}, {""species"" : ""Leech Head Shield Slug"", ""count"" : 3}, {""species"" : ""Southern Stingray"", ""count"" : 4}, {""species"" : ""Yellowfin Grouper"", ""count"" : 2}]"
1734,"2025-02-21",2,"Shark Bait","Otto","Torrens Point",12,27,"[{""species"" : ""Green Turtle"", ""count"" : 2}, {""species"" : ""Hawksbill Turtle"", ""count"" : 2}]"
1735,"2025-02-21",1,"Fin & Tonic","Caroline","Ladder Drift",25,27,"[{""species"" : ""Nurse Shark"", ""count"" : 2}]"
1744,"2025-02-22",2,"Fin & Tonic","Robins","Hot Springs",24,27,"[{""species"" : ""Southern Stingray"", ""count"" : 6}, {""species"" : ""Green Turtle"", ""count"" : 13}, {""species"" : ""Caribbean Reef Shark"", ""count"" : 1}, {""species"" : ""Nurse Shark"", ""count"" : 4}, {""species"" : ""Yellowfin Grouper"", ""count"" : 3}]"
1736,"2025-02-22",1,"Fin & Tonic","Caroline","Hole in the Corner",22,27,"[{""species"" : ""Caribbean Reef Shark"", ""count"" : 1}, {""species"" : ""Lionfish Alive"", ""count"" : 7}, {""species"" : ""Nurse Shark"", ""count"" : 3}]"
1742,"2025-02-22",2,"Fin & Tonic","Lenny","Hot Springs",23,27,"[{""species"" : ""Flamingo Tongue"", ""count"" : 5}, {""species"" : ""Hawksbill Turtle"", ""count"" : 8}, {""species"" : ""Caribbean Reef Shark"", ""count"" : 3}, {""species"" : ""Nurse Shark"", ""count"" : 2}, {""species"" : ""Southern Stingray"", ""count"" : 5}, {""species"" : ""Tiger Grouper"", ""count"" : 2}, {""species"" : ""Lionfish Alive"", ""count"" : 1}]"
1743,"2025-02-22",1,"Fin & Tonic","Robins","Hole in the Corner",27,27,"[{""species"" : ""Nurse Shark"", ""count"" : 2}, {""species"" : ""Lionfish Alive"", ""count"" : 3}, {""species"" : ""Green Turtle"", ""count"" : 4}, {""species"" : ""Caribbean Reef Shark"", ""count"" : 1}, {""species"" : ""Yellowfin Grouper"", ""count"" : 2}, {""species"" : ""Southern Stingray"", ""count"" : 2}]"
1741,"2025-02-23",3,"Fin & Tonic","Lenny","50 50",24,27,"[{""species"" : ""Lionfish Alive"", ""count"" : 3}, {""species"" : ""Green Turtle"", ""count"" : 12}, {""species"" : ""Hawksbill Turtle"", ""count"" : 2}, {""species"" : ""Caribbean Reef Shark"", ""count"" : 1}, {""species"" : ""Nurse Shark"", ""count"" : 2}, {""species"" : ""Southern Stingray"", ""count"" : 3}, {""species"" : ""Nassau Grouper"", ""count"" : 1}, {""species"" : ""Tiger Grouper"", ""count"" : 2}, {""species"" : ""Lettuce Sea Slug"", ""count"" : 2}]"
1737,"2025-02-23",1,"Fin & Tonic","Aaron","Twilight Zone",33,27,"[{""species"" : ""Caribbean Reef Shark"", ""count"" : 2}, {""species"" : ""Yellowfin Grouper"", ""count"" : 2}]"
1738,"2025-02-23",1,"Fin & Tonic","Josef","Twilight Zone",29,25,"[{""species"" : null, ""count"" : null}]"
1739,"2025-02-23",3,"Fin & Tonic","Josef","50 50",2,-20,"[{""species"" : ""Green Turtle"", ""count"" : 3}, {""species"" : ""Nurse Shark"", ""count"" : 1}]"
1740,"2025-02-23",2,"Fin & Tonic","Lenny","Man of War Shoals",21,27,"[{""species"" : ""Southern Stingray"", ""count"" : 2}, {""species"" : ""Green Turtle"", ""count"" : 4}, {""species"" : ""Hawksbill Turtle"", ""count"" : 1}, {""species"" : ""Yellowfin Grouper"", ""count"" : 3}, {""species"" : ""Lettuce Sea Slug"", ""count"" : 2}]"
1746,"2025-02-24",1,"Fin & Tonic","Caroline","Tent Shallow",20,27,"[{""species"" : ""Lionfish Alive"", ""count"" : 2}]"
1747,"2025-02-25",2,"Fin & Tonic","Aaron","Hot Springs",22,27,"[{""species"" : ""Caribbean Reef Shark"", ""count"" : 1}, {""species"" : ""Nurse Shark"", ""count"" : 2}, {""species"" : ""Green Turtle"", ""count"" : 10}]"
1748,"2025-02-25",1,"Fin & Tonic","Caroline","Shark Shoals",32,27,"[{""species"" : null, ""count"" : null}]"
1749,"2025-02-26",1,"Fin & Tonic","Aaron","Customs House",33,27,"[{""species"" : ""Nurse Shark"", ""count"" : 1}, {""species"" : ""Green Turtle"", ""count"" : 6}, {""species"" : ""Caribbean Reef Shark"", ""count"" : 2}, {""species"" : ""Lionfish Dead"", ""count"" : 3}]"
1750,"2025-02-26",3,"Fin & Tonic","Aaron","50 50",22,27,"[{""species"" : ""Caribbean Reef Shark"", ""count"" : 1}, {""species"" : ""Green Turtle"", ""count"" : 10}, {""species"" : ""Nurse Shark"", ""count"" : 3}]"
1751,"2025-02-27",2,"Fin & Tonic","Vicky","Man of War Shoals",21,26,"[{""species"" : ""Yellowfin Grouper"", ""count"" : 1}, {""species"" : ""Green Turtle"", ""count"" : 2}, {""species"" : ""Caribbean Reef Shark"", ""count"" : 1}, {""species"" : ""Southern Stingray"", ""count"" : 2}, {""species"" : ""Lettuce Sea Slug"", ""count"" : 2}]"
1752,"2025-02-27",1,"Fin & Tonic","Aaron","Tent Deep",33,27,"[{""species"" : ""Nurse Shark"", ""count"" : 1}, {""species"" : ""Green Turtle"", ""count"" : 1}, {""species"" : ""Lionfish Alive"", ""count"" : 7}]"
1753,"2025-02-27",3,"Fin & Tonic","Aaron","Tent Shallow",33,27,"[{""species"" : ""Lionfish Alive"", ""count"" : 11}, {""species"" : ""Yellowfin Grouper"", ""count"" : 2}, {""species"" : ""Tiger Grouper"", ""count"" : 1}]"
1754,"2025-02-28",3,"Shark Bait","Caroline","Torrens Point",15,27,"[{""species"" : ""Lionfish Dead"", ""count"" : 1}]"
1762,"2025-03-01",1,"Shark Bait","Robins","Shark Shoals",34,27,"[{""species"" : ""Caribbean Reef Shark"", ""count"" : 2}, {""species"" : ""Nurse Shark"", ""count"" : 2}, {""species"" : ""Yellowfin Grouper"", ""count"" : 2}, {""species"" : ""Lionfish Alive"", ""count"" : 3}]"
1766,"2025-03-01",1,"Shark Bait","Josef","Shark Shoals",35,25,"[{""species"" : null, ""count"" : null}]"
1761,"2025-03-01",2,"Shark Bait","Lenny","50 50",23,27,"[{""species"" : ""Green Turtle"", ""count"" : 6}, {""species"" : ""Hawksbill Turtle"", ""count"" : 2}, {""species"" : ""Caribbean Reef Shark"", ""count"" : 1}, {""species"" : ""Nurse Shark"", ""count"" : 2}, {""species"" : ""Southern Stingray"", ""count"" : 3}, {""species"" : ""Nassau Grouper"", ""count"" : 2}, {""species"" : ""Tiger Grouper"", ""count"" : 1}, {""species"" : ""Lettuce Sea Slug"", ""count"" : 5}, {""species"" : ""Flamingo Tongue"", ""count"" : 2}, {""species"" : ""Lionfish Alive"", ""count"" : 2}]"
1763,"2025-03-01",3,"Shark Bait","Robins","Babylon",26,27,"[{""species"" : ""Green Turtle"", ""count"" : 6}, {""species"" : ""Caribbean Reef Shark"", ""count"" : 2}, {""species"" : ""Nurse Shark"", ""count"" : 3}, {""species"" : ""Southern Stingray"", ""count"" : 3}, {""species"" : ""Nassau Grouper"", ""count"" : 3}, {""species"" : ""Yellowfin Grouper"", ""count"" : 2}, {""species"" : ""Lettuce Sea Slug"", ""count"" : 3}]"
1768,"2025-03-02",3,"Fin & Tonic","Josef","Hot Springs",11,26,"[{""species"" : ""Nurse Shark"", ""count"" : 2}]"
1755,"2025-03-02",3,"Fin & Tonic","Caroline","Hot Springs",12,27,"[{""species"" : null, ""count"" : null}]"
1756,"2025-03-02",1,"Fin & Tonic","Vicky","Tedran Wall",25,27,"[{""species"" : ""Southern Stingray"", ""count"" : 2}, {""species"" : ""Lionfish Alive"", ""count"" : 4}]"
1757,"2025-03-02",1,"Fin & Tonic","Aaron","Tedran Wall",33,27,"[{""species"" : null, ""count"" : null}]"
1758,"2025-03-02",2,"Fin & Tonic","Vicky","Man of War Shoals",22,27,"[{""species"" : ""Green Turtle"", ""count"" : 2}, {""species"" : ""Southern Stingray"", ""count"" : 2}, {""species"" : ""Flamingo Tongue"", ""count"" : 1}]"
1759,"2025-03-02",3,"Fin & Tonic","Aaron","Hot Springs",24,27,"[{""species"" : ""Green Turtle"", ""count"" : 10}, {""species"" : ""Nurse Shark"", ""count"" : 2}]"
1760,"2025-03-03",1,"Northern Sky","Vicky","Customs House",25,27,"[{""species"" : ""Lionfish Alive"", ""count"" : 1}, {""species"" : ""Flamingo Tongue"", ""count"" : 1}, {""species"" : ""Southern Stingray"", ""count"" : 1}, {""species"" : ""Nurse Shark"", ""count"" : 1}, {""species"" : ""Green Turtle"", ""count"" : 8}]"
1767,"2025-03-04",2,"Fin & Tonic","Caroline","Tent Deep",26,27,"[{""species"" : ""Lionfish Alive"", ""count"" : 7}]"
1769,"2025-03-04",1,"Fin & Tonic","Aaron","Third Encounter",33,27,"[{""species"" : ""Hawksbill Turtle"", ""count"" : 1}, {""species"" : ""Nurse Shark"", ""count"" : 2}, {""species"" : ""Caribbean Reef Shark"", ""count"" : 1}]"
1765,"2025-03-04",2,"Fin & Tonic","Vicky","Tent Deep",22,27,"[{""species"" : ""Green Turtle"", ""count"" : 3}, {""species"" : ""Lionfish Alive"", ""count"" : 1}, {""species"" : ""Tiger Grouper"", ""count"" : 1}, {""species"" : ""Spotted Eagle Ray"", ""count"" : 1}, {""species"" : ""Southern Stingray"", ""count"" : 2}, {""species"" : ""Nurse Shark"", ""count"" : 1}]"
1770,"2025-03-04",3,"Fin & Tonic","Aaron","50 50",22,27,"[{""species"" : ""Nurse Shark"", ""count"" : 3}, {""species"" : ""Green Turtle"", ""count"" : 12}]"
1764,"2025-03-04",1,"Fin & Tonic","Vicky","Third Encounter",32,27,"[{""species"" : ""Lionfish Alive"", ""count"" : 2}, {""species"" : ""Hawksbill Turtle"", ""count"" : 1}, {""species"" : ""Caribbean Reef Shark"", ""count"" : 1}, {""species"" : ""Nurse Shark"", ""count"" : 2}, {""species"" : ""Tiger Grouper"", ""count"" : 1}]"
1774,"2025-03-05",1,"Fin & Tonic","Aaron","Twilight Zone",33,27,"[{""species"" : ""Caribbean Reef Shark"", ""count"" : 2}, {""species"" : ""Nassau Grouper"", ""count"" : 1}, {""species"" : ""Yellowfin Grouper"", ""count"" : 3}, {""species"" : ""Tiger Grouper"", ""count"" : 1}, {""species"" : ""Lionfish Alive"", ""count"" : 2}]"
1771,"2025-03-05",1,"Fin & Tonic","Vicky","Twilight Zone",32,27,"[{""species"" : ""Nassau Grouper"", ""count"" : 1}, {""species"" : ""Lionfish Alive"", ""count"" : 1}, {""species"" : ""Caribbean Reef Shark"", ""count"" : 1}]"
1775,"2025-03-05",3,"Fin & Tonic","Aaron","50 50",22,27,"[{""species"" : ""Green Turtle"", ""count"" : 6}, {""species"" : ""Nurse Shark"", ""count"" : 3}]"
1772,"2025-03-06",2,"Fin & Tonic","Robins","Man of War Shoals",21,27,"[{""species"" : ""Southern Stingray"", ""count"" : 4}, {""species"" : ""Nassau Grouper"", ""count"" : 2}, {""species"" : ""Lettuce Sea Slug"", ""count"" : 12}]"
1781,"2025-03-06",2,"Northern Sky","Otto","Third Encounter",30,26,"[{""species"" : null, ""count"" : null}]"
1782,"2025-03-06",3,"Northern Sky","Otto","Hot Springs",21,26,"[{""species"" : null, ""count"" : null}]"
1773,"2025-03-06",3,"Fin & Tonic","Robins","50 50",26,27,"[{""species"" : ""Nurse Shark"", ""count"" : 3}, {""species"" : ""Green Turtle"", ""count"" : 8}, {""species"" : ""Caribbean Reef Shark"", ""count"" : 1}, {""species"" : ""Southern Stingray"", ""count"" : 3}, {""species"" : ""Lettuce Sea Slug"", ""count"" : 3}, {""species"" : ""Lionfish Alive"", ""count"" : 2}]"
1776,"2025-03-06",1,"Fin & Tonic","Lenny","Diamond Rock",26,27,"[{""species"" : ""Green Turtle"", ""count"" : 3}, {""species"" : ""Roughtail Stingray"", ""count"" : 2}, {""species"" : ""Tiger Grouper"", ""count"" : 2}]"
1777,"2025-03-06",2,"Fin & Tonic","Lenny","Babylon",23,27,"[{""species"" : ""Green Turtle"", ""count"" : 1}, {""species"" : ""Nurse Shark"", ""count"" : 4}, {""species"" : ""Southern Stingray"", ""count"" : 3}, {""species"" : ""Nassau Grouper"", ""count"" : 2}, {""species"" : ""Tiger Grouper"", ""count"" : 1}, {""species"" : ""Lionfish Alive"", ""count"" : 1}]"
1778,"2025-03-06",1,"Fin & Tonic","Vicky","Diamond Rock",24,27,"[{""species"" : ""Hawksbill Turtle"", ""count"" : 1}, {""species"" : ""Southern Stingray"", ""count"" : 1}, {""species"" : ""Green Turtle"", ""count"" : 3}]"
1779,"2025-03-06",2,"Northern Sky","Chad","Third Encounter",34,26,"[{""species"" : ""Lionfish Alive"", ""count"" : 1}, {""species"" : ""Nurse Shark"", ""count"" : 1}]"
1780,"2025-03-06",3,"Northern Sky","Chad","Hot Springs",21,26,"[{""species"" : ""Southern Stingray"", ""count"" : 1}, {""species"" : ""Nurse Shark"", ""count"" : 3}, {""species"" : ""Green Turtle"", ""count"" : 5}]"
1792,"2025-03-07",2,"Fin & Tonic","Robins","Big Rock Deep",24,27,"[{""species"" : ""Southern Stingray"", ""count"" : 5}, {""species"" : ""Nurse Shark"", ""count"" : 2}, {""species"" : ""Green Turtle"", ""count"" : 2}, {""species"" : ""Nassau Grouper"", ""count"" : 5}, {""species"" : ""Lionfish Alive"", ""count"" : 4}, {""species"" : ""Tiger Grouper"", ""count"" : 2}, {""species"" : ""Yellowfin Grouper"", ""count"" : 4}]"
1795,"2025-03-07",3,"Fin & Tonic","Robins","Tent Shallow",27,27,"[{""species"" : ""Green Turtle"", ""count"" : 5}, {""species"" : ""Caribbean Reef Shark"", ""count"" : 1}, {""species"" : ""Nurse Shark"", ""count"" : 1}, {""species"" : ""Southern Stingray"", ""count"" : 2}, {""species"" : ""Nassau Grouper"", ""count"" : 3}, {""species"" : ""Yellowfin Grouper"", ""count"" : 2}, {""species"" : ""Lionfish Dead"", ""count"" : 2}]"
1783,"2025-03-07",2,"Fin & Tonic","Caroline","Green Island",18,27,"[{""species"" : ""Nurse Shark"", ""count"" : 1}]"
1797,"2025-03-08",1,"Fin & Tonic","Robins","Customs House",30,27,"[{""species"" : ""Southern Stingray"", ""count"" : 5}, {""species"" : ""Green Turtle"", ""count"" : 8}, {""species"" : ""Caribbean Reef Shark"", ""count"" : 1}, {""species"" : ""Nurse Shark"", ""count"" : 2}, {""species"" : ""Nassau Grouper"", ""count"" : 1}, {""species"" : ""Yellowfin Grouper"", ""count"" : 2}, {""species"" : ""Leech Head Shield Slug"", ""count"" : 3}]"
1784,"2025-03-08",1,"Fin & Tonic","Aaron","Customs House",30,27,"[{""species"" : ""Southern Stingray"", ""count"" : 1}, {""species"" : ""Roughtail Stingray"", ""count"" : 1}, {""species"" : ""Green Turtle"", ""count"" : 6}, {""species"" : ""Caribbean Reef Shark"", ""count"" : 1}, {""species"" : ""Nurse Shark"", ""count"" : 1}]"
1796,"2025-03-08",2,"Fin & Tonic","Robins","Tent Boulders",24,27,"[{""species"" : ""Lettuce Sea Slug"", ""count"" : 3}, {""species"" : ""Green Turtle"", ""count"" : 3}, {""species"" : ""Nurse Shark"", ""count"" : 1}, {""species"" : ""Southern Stingray"", ""count"" : 3}, {""species"" : ""Nassau Grouper"", ""count"" : 3}]"
1787,"2025-03-09",2,"Fin & Tonic","Otto","Tent Boulders",22,27,"[{""species"" : null, ""count"" : null}]"
1785,"2025-03-09",3,"Fin & Tonic","Caroline","Hole in the Corner",12,27,"[{""species"" : ""Nurse Shark"", ""count"" : 1}]"
1786,"2025-03-09",1,"Fin & Tonic","Otto","Abraham's Hole",27,27,"[{""species"" : null, ""count"" : null}]"
1798,"2025-03-09",2,"Fin & Tonic","Robins","Tent Boulders",26,27,"[{""species"" : ""Green Turtle"", ""count"" : 3}, {""species"" : ""Blacktip Reef Shark"", ""count"" : 1}, {""species"" : ""Lionfish Dead"", ""count"" : 3}, {""species"" : ""Yellowfin Grouper"", ""count"" : 2}, {""species"" : ""Lettuce Sea Slug"", ""count"" : 3}]"
1793,"2025-03-10",1,"Fin & Tonic","Otto","Twilight Zone",30,27,"[{""species"" : ""Caribbean Reef Shark"", ""count"" : 3}]"
1794,"2025-03-10",2,"Fin & Tonic","Otto","Man of War Shoals",22,27,"[{""species"" : ""Nurse Shark"", ""count"" : 1}]"
1790,"2025-03-10",2,"Fin & Tonic","Josef","Man of War Shoals",22,26,"[{""species"" : ""Southern Stingray"", ""count"" : 1}, {""species"" : ""Green Turtle"", ""count"" : 1}]"
1789,"2025-03-10",1,"Fin & Tonic","Josef","Twilight Zone",32,26,"[{""species"" : ""Blacktip Reef Shark"", ""count"" : 1}]"
1788,"2025-03-10",3,"Fin & Tonic","Caroline","Torrens Point",6,27,"[{""species"" : null, ""count"" : null}]"
1791,"2025-03-10",3,"Fin & Tonic","Josef","Torrens Point",15,26,"[{""species"" : null, ""count"" : null}]"
1799,"2025-03-11",2,"Fin & Tonic","Vicky","Tent Reef",22,27,"[{""species"" : ""Green Turtle"", ""count"" : 1}]"
1800,"2025-03-12",1,"Fin & Tonic","Chad","Third Encounter",34,27,"[{""species"" : ""Hawksbill Turtle"", ""count"" : 1}, {""species"" : ""Caribbean Reef Shark"", ""count"" : 1}]"
1813,"2025-03-12",2,"Fin & Tonic","Robins","Diamond Rock",26,27,"[{""species"" : ""Green Turtle"", ""count"" : 2}, {""species"" : ""Yellowfin Grouper"", ""count"" : 2}, {""species"" : ""Nassau Grouper"", ""count"" : 2}, {""species"" : ""Southern Stingray"", ""count"" : 4}, {""species"" : ""Caribbean Reef Shark"", ""count"" : 1}]"
1801,"2025-03-12",3,"Fin & Tonic","Chad","Tent Boulders",24,27,"[{""species"" : ""Hawksbill Turtle"", ""count"" : 2}, {""species"" : ""Nurse Shark"", ""count"" : 1}, {""species"" : ""Caribbean Reef Shark"", ""count"" : 1}]"
1803,"2025-03-13",2,"Fin & Tonic","Vicky","Muck Dive",17,27,"[{""species"" : ""Longspine Sea Urchin"", ""count"" : 2}]"
1802,"2025-03-13",1,"Fin & Tonic","Vicky","Big Rock Deep",26,27,"[{""species"" : ""Green Turtle"", ""count"" : 1}, {""species"" : ""Lionfish Dead"", ""count"" : 1}, {""species"" : ""Lettuce Sea Slug"", ""count"" : 2}]"
1804,"2025-03-13",1,"Fin & Tonic","Caroline","David's Drop-off Deep",30,27,"[{""species"" : ""Nurse Shark"", ""count"" : 1}]"
1805,"2025-03-13",3,"Fin & Tonic","Caroline","Hot Springs",24,27,"[{""species"" : ""Nurse Shark"", ""count"" : 3}]"
1806,"2025-03-13",2,"Fin & Tonic","Aaron","Muck Dive",16,27,"[{""species"" : null, ""count"" : null}]"
1808,"2025-03-14",2,"Fin & Tonic","Lenny","Tent Reef",24,27,"[{""species"" : ""Southern Stingray"", ""count"" : 2}, {""species"" : ""Lionfish Alive"", ""count"" : 1}, {""species"" : ""Green Turtle"", ""count"" : 3}, {""species"" : ""Yellowfin Grouper"", ""count"" : 3}]"
1814,"2025-03-15",2,"Fin & Tonic","Robins","Big Rock Deep",26,27,"[{""species"" : ""Green Turtle"", ""count"" : 2}, {""species"" : ""Yellowfin Grouper"", ""count"" : 3}, {""species"" : ""Nassau Grouper"", ""count"" : 3}, {""species"" : ""Southern Stingray"", ""count"" : 3}, {""species"" : ""Nurse Shark"", ""count"" : 1}]"
1807,"2025-03-15",1,"Fin & Tonic","Lenny","Third Encounter",32,-3,"[{""species"" : ""Caribbean Reef Shark"", ""count"" : 2}, {""species"" : ""Lionfish Alive"", ""count"" : 4}, {""species"" : ""Yellowfin Grouper"", ""count"" : 2}, {""species"" : ""Nassau Grouper"", ""count"" : 6}, {""species"" : ""Nurse Shark"", ""count"" : 3}, {""species"" : ""Tiger Grouper"", ""count"" : 3}]"
1809,"2025-03-16",2,"Fin & Tonic","Aaron","Diamond Rock",24,27,"[{""species"" : ""Green Turtle"", ""count"" : 3}, {""species"" : ""Caribbean Reef Shark"", ""count"" : 2}, {""species"" : ""Nurse Shark"", ""count"" : 1}, {""species"" : ""Yellowfin Grouper"", ""count"" : 4}, {""species"" : ""Lionfish Alive"", ""count"" : 2}]"
1811,"2025-03-17",1,"Fin & Tonic","Aaron","Outer Limits",33,27,"[{""species"" : ""Caribbean Reef Shark"", ""count"" : 3}, {""species"" : ""Tiger Grouper"", ""count"" : 2}, {""species"" : ""Yellowfin Grouper"", ""count"" : 4}]"
1812,"2025-03-17",3,"Fin & Tonic","Aaron","Hot Springs",22,27,"[{""species"" : ""Nurse Shark"", ""count"" : 3}, {""species"" : ""Caribbean Reef Shark"", ""count"" : 1}, {""species"" : ""Green Turtle"", ""count"" : 13}]"
1810,"2025-03-17",2,"Private Boat","Vicky","Man of War Shoals",22,27,"[{""species"" : ""Southern Stingray"", ""count"" : 1}, {""species"" : ""Green Turtle"", ""count"" : 1}, {""species"" : ""Caribbean Reef Shark"", ""count"" : 1}, {""species"" : ""Lettuce Sea Slug"", ""count"" : 1}]"
1816,"2025-03-18",1,"Fin & Tonic","Vicky","Third Encounter",32,27,"[{""species"" : ""Nurse Shark"", ""count"" : 2}, {""species"" : ""Lionfish Alive"", ""count"" : 2}]"
1817,"2025-03-18",2,"Fin & Tonic","Vicky","Hot Springs",23,27,"[{""species"" : ""Roughtail Stingray"", ""count"" : 1}, {""species"" : ""Green Turtle"", ""count"" : 4}, {""species"" : ""Hawksbill Turtle"", ""count"" : 1}, {""species"" : ""Caribbean Reef Shark"", ""count"" : 2}, {""species"" : ""Nurse Shark"", ""count"" : 1}, {""species"" : ""Southern Stingray"", ""count"" : 2}]"
1815,"2025-03-18",2,"Fin & Tonic","Robins","Man of War Shoals",21,27,"[{""species"" : ""Tiger Grouper"", ""count"" : 1}, {""species"" : ""Nassau Grouper"", ""count"" : 2}, {""species"" : ""Southern Stingray"", ""count"" : 3}, {""species"" : ""Green Turtle"", ""count"" : 3}, {""species"" : ""Yellowfin Grouper"", ""count"" : 1}, {""species"" : ""Lettuce Sea Slug"", ""count"" : 13}]"
1818,"2025-03-18",2,"Fin & Tonic","Aaron","Hot Springs",22,27,"[{""species"" : ""Caribbean Reef Shark"", ""count"" : 2}, {""species"" : ""Nurse Shark"", ""count"" : 1}, {""species"" : ""Green Turtle"", ""count"" : 7}, {""species"" : ""Yellowfin Grouper"", ""count"" : 1}, {""species"" : ""Hawksbill Turtle"", ""count"" : 1}]"
1819,"2025-03-19",2,"Fin & Tonic","Josef","Man of War Shoals",22,27,"[{""species"" : ""Green Turtle"", ""count"" : 1}]"
1822,"2025-03-20",1,"Fin & Tonic","Vicky","Shark Shoals",32,27,"[{""species"" : ""Caribbean Reef Shark"", ""count"" : 1}]"
1820,"2025-03-20",1,"Fin & Tonic","Aaron","Customs House",30,27,"[{""species"" : ""Green Turtle"", ""count"" : 4}, {""species"" : ""Nurse Shark"", ""count"" : 1}, {""species"" : ""Southern Stingray"", ""count"" : 2}, {""species"" : ""Yellowfin Grouper"", ""count"" : 1}, {""species"" : ""Roughtail Stingray"", ""count"" : 2}, {""species"" : ""Caribbean Reef Shark"", ""count"" : 1}]"
1821,"2025-03-20",3,"Fin & Tonic","Aaron","Tent Reef",25,27,"[{""species"" : ""Nurse Shark"", ""count"" : 2}, {""species"" : ""Caribbean Reef Shark"", ""count"" : 1}, {""species"" : ""Green Turtle"", ""count"" : 1}]"
1833,"2025-03-21",2,"Shark Bait","Robins","Abraham's Hole",32,27,"[{""species"" : ""Green Turtle"", ""count"" : 2}, {""species"" : ""Caribbean Reef Shark"", ""count"" : 1}, {""species"" : ""Nurse Shark"", ""count"" : 1}, {""species"" : ""Spotted Eagle Ray"", ""count"" : 1}, {""species"" : ""Nassau Grouper"", ""count"" : 3}, {""species"" : ""Yellowfin Grouper"", ""count"" : 2}, {""species"" : ""Lettuce Sea Slug"", ""count"" : 5}, {""species"" : ""Flamingo Tongue"", ""count"" : 6}, {""species"" : ""Fingerprint Cyphoma"", ""count"" : 8}, {""species"" : ""Lionfish Alive"", ""count"" : 6}]"
1827,"2025-03-21",3,"Fin & Tonic","Josef","Hole in the Corner",26,27,"[{""species"" : ""Nurse Shark"", ""count"" : 1}]"
1834,"2025-03-21",3,"Shark Bait","Robins","Core Gut",27,27,"[{""species"" : ""Flamingo Tongue"", ""count"" : 6}, {""species"" : ""Southern Stingray"", ""count"" : 2}, {""species"" : ""Nassau Grouper"", ""count"" : 3}, {""species"" : ""Yellowfin Grouper"", ""count"" : 2}, {""species"" : ""Tiger Grouper"", ""count"" : 1}, {""species"" : ""Lettuce Sea Slug"", ""count"" : 14}, {""species"" : ""Fingerprint Cyphoma"", ""count"" : 4}, {""species"" : ""Lionfish Alive"", ""count"" : 3}]"
1823,"2025-03-22",1,"Fin & Tonic","Lenny","Big Rock Deep",24,27,"[{""species"" : ""Nurse Shark"", ""count"" : 1}, {""species"" : ""Southern Stingray"", ""count"" : 2}, {""species"" : ""Nassau Grouper"", ""count"" : 1}, {""species"" : ""Tiger Grouper"", ""count"" : 3}, {""species"" : ""Sea Egg"", ""count"" : 3}, {""species"" : ""Lettuce Sea Slug"", ""count"" : 2}, {""species"" : ""Lionfish Alive"", ""count"" : 6}]"
1824,"2025-03-22",3,"Fin & Tonic","Lenny","Tent Shallow",24,27,"[{""species"" : ""Green Turtle"", ""count"" : 2}, {""species"" : ""Hawksbill Turtle"", ""count"" : 1}, {""species"" : ""Caribbean Reef Shark"", ""count"" : 1}, {""species"" : ""Southern Stingray"", ""count"" : 2}, {""species"" : ""Nassau Grouper"", ""count"" : 2}, {""species"" : ""Lettuce Sea Slug"", ""count"" : 3}, {""species"" : ""Lionfish Alive"", ""count"" : 4}]"
1835,"2025-03-22",2,"Fin & Tonic","Robins","Core Gut",34,27,"[{""species"" : ""Lionfish Alive"", ""count"" : 3}, {""species"" : ""Southern Stingray"", ""count"" : 2}, {""species"" : ""Nassau Grouper"", ""count"" : 2}, {""species"" : ""Tiger Grouper"", ""count"" : 1}, {""species"" : ""Lettuce Sea Slug"", ""count"" : 13}, {""species"" : ""Flamingo Tongue"", ""count"" : 4}, {""species"" : ""Fingerprint Cyphoma"", ""count"" : 6}]"
1825,"2025-03-23",2,"Fin & Tonic","Josef","Man of War Shoals",22,27,"[{""species"" : ""Green Turtle"", ""count"" : 2}]"
1826,"2025-03-23",1,"Fin & Tonic","Lenny ","Customs House",26,27,"[{""species"" : ""Green Turtle"", ""count"" : 5}, {""species"" : ""Yellowfin Grouper"", ""count"" : 2}]"
1828,"2025-03-23",2,"Fin & Tonic","Lenny","Man of War Shoals",23,27,"[{""species"" : ""Green Turtle"", ""count"" : 4}, {""species"" : ""Southern Stingray"", ""count"" : 3}, {""species"" : ""Tiger Grouper"", ""count"" : 2}, {""species"" : ""Lettuce Sea Slug"", ""count"" : 6}, {""species"" : ""Lionfish Alive"", ""count"" : 2}]"
1829,"2025-03-23",2,"Fin & Tonic","Caroline","Man of War Shoals",21,27,"[{""species"" : ""Lionfish Alive"", ""count"" : 2}]"
1830,"2025-03-23",1,"Fin & Tonic","Aaron","Customs House",25,27,"[{""species"" : ""Green Turtle"", ""count"" : 4}, {""species"" : ""Caribbean Reef Shark"", ""count"" : 1}, {""species"" : ""Nurse Shark"", ""count"" : 1}]"
1831,"2025-03-23",3,"Fin & Tonic","Caroline","Babylon",24,27,"[{""species"" : ""Caribbean Reef Shark"", ""count"" : 1}, {""species"" : ""Nurse Shark"", ""count"" : 3}]"
1832,"2025-03-24",2,"Fin & Tonic","Josef","Tent Shallow",18,27,"[{""species"" : ""Green Turtle"", ""count"" : 1}]"
1836,"2025-03-25",2,"Fin & Tonic","Aaron","Tent Reef Wall",27,27,"[{""species"" : ""Hawksbill Turtle"", ""count"" : 2}, {""species"" : ""Green Turtle"", ""count"" : 4}, {""species"" : ""Caribbean Reef Shark"", ""count"" : 2}]"
1837,"2025-03-25",1,"Fin & Tonic","Vicky","Shark Shoals",34,27,"[{""species"" : ""Caribbean Reef Shark"", ""count"" : 1}, {""species"" : ""Lionfish Alive"", ""count"" : 2}]"
1838,"2025-03-25",2,"Fin & Tonic","Vicky","Tent Reef Wall",22,27,"[{""species"" : ""Caribbean Reef Shark"", ""count"" : 2}, {""species"" : ""Green Turtle"", ""count"" : 5}, {""species"" : ""Lionfish Alive"", ""count"" : 1}]"
1847,"2025-03-25",1,"Fin & Tonic","Robins","Shark Shoals",34,27,"[{""species"" : ""Nurse Shark"", ""count"" : 3}, {""species"" : ""Lionfish Alive"", ""count"" : 4}, {""species"" : ""Caribbean Reef Shark"", ""count"" : 1}]"
1845,"2025-03-26",2,"Fin & Tonic","Robins","Tent Reef",24,27,"[{""species"" : ""Fingerprint Cyphoma"", ""count"" : 5}, {""species"" : ""Lionfish Alive"", ""count"" : 3}, {""species"" : ""Green Turtle"", ""count"" : 12}, {""species"" : ""Caribbean Reef Shark"", ""count"" : 1}, {""species"" : ""Nurse Shark"", ""count"" : 3}, {""species"" : ""Southern Stingray"", ""count"" : 4}, {""species"" : ""Nassau Grouper"", ""count"" : 2}, {""species"" : ""Yellowfin Grouper"", ""count"" : 3}, {""species"" : ""Lettuce Sea Slug"", ""count"" : 12}, {""species"" : ""Flamingo Tongue"", ""count"" : 7}]"
1846,"2025-03-26",3,"Fin & Tonic","Robins","Man of War Shoals",21,27,"[{""species"" : ""Southern Stingray"", ""count"" : 4}, {""species"" : ""Green Turtle"", ""count"" : 3}, {""species"" : ""Nassau Grouper"", ""count"" : 2}, {""species"" : ""Yellowfin Grouper"", ""count"" : 2}, {""species"" : ""Lettuce Sea Slug"", ""count"" : 15}, {""species"" : ""Lionfish Alive"", ""count"" : 1}]"
1841,"2025-03-27",3,"Northern Sky","Josef","Torrens Point",15,27,"[{""species"" : null, ""count"" : null}]"
1839,"2025-03-27",1,"Fin & Tonic","Vicky","Man of War Shoals",7,-3,"[{""species"" : ""Lionfish Alive"", ""count"" : 1}, {""species"" : ""Southern Stingray"", ""count"" : 3}, {""species"" : ""Yellowfin Grouper"", ""count"" : 1}, {""species"" : ""Lettuce Sea Slug"", ""count"" : 1}]"
1840,"2025-03-27",2,"Fin & Tonic","Caroline","Man of War Shoals",21,27,"[{""species"" : ""Lionfish Alive"", ""count"" : 2}]"
1842,"2025-03-30",1,"Fin & Tonic","Josef","Customs House",22,26,"[{""species"" : ""Lettuce Sea Slug"", ""count"" : 1}, {""species"" : ""Lionfish Alive"", ""count"" : 3}, {""species"" : ""Green Turtle"", ""count"" : 5}, {""species"" : ""Caribbean Reef Shark"", ""count"" : 1}]"
1844,"2025-03-30",2,"Fin & Tonic","Caroline","Tent Shallow",25,27,"[{""species"" : ""Lionfish Alive"", ""count"" : 3}]"
1843,"2025-03-30",1,"Fin & Tonic","Caroline","Customs House",25,27,"[{""species"" : ""Lionfish Alive"", ""count"" : 2}, {""species"" : ""Caribbean Reef Shark"", ""count"" : 1}]"
1855,"2025-03-31",2,"Fin & Tonic","Robins","Hot Springs",24,27,"[{""species"" : ""Green Turtle"", ""count"" : 9}, {""species"" : ""Caribbean Reef Shark"", ""count"" : 1}, {""species"" : ""Nurse Shark"", ""count"" : 3}, {""species"" : ""Southern Stingray"", ""count"" : 4}, {""species"" : ""Yellowfin Grouper"", ""count"" : 2}, {""species"" : ""Magnificent Urchin"", ""count"" : 2}, {""species"" : ""Lettuce Sea Slug"", ""count"" : 6}]"
1851,"2025-03-31",1,"Fin & Tonic","Otto","Customs House",27,27,"[{""species"" : null, ""count"" : null}]"
1852,"2025-04-01",3,"Fin & Tonic","Otto","Torrens Point",11,27,"[{""species"" : null, ""count"" : null}]"
1848,"2025-04-01",1,"Fin & Tonic","Aaron","Babylon",30,27,"[{""species"" : ""Hawksbill Turtle"", ""count"" : 1}, {""species"" : ""Caribbean Reef Shark"", ""count"" : 1}, {""species"" : ""Nurse Shark"", ""count"" : 2}, {""species"" : ""Lionfish Alive"", ""count"" : 1}, {""species"" : ""Green Turtle"", ""count"" : 1}]"
1854,"2025-04-01",2,"Fin & Tonic","Robins","Tent Shallow",27,27,"[{""species"" : ""Caribbean Reef Shark"", ""count"" : 12}, {""species"" : ""Southern Stingray"", ""count"" : 4}, {""species"" : ""Nassau Grouper"", ""count"" : 3}, {""species"" : ""Lettuce Sea Slug"", ""count"" : 12}, {""species"" : ""Green Turtle"", ""count"" : 6}, {""species"" : ""Lionfish Alive"", ""count"" : 2}]"
1849,"2025-04-01",3,"Fin & Tonic","Aaron","Torrens Point",16,27,"[{""species"" : ""Green Turtle"", ""count"" : 2}, {""species"" : ""Roughtail Stingray"", ""count"" : 1}, {""species"" : ""Yellowfin Grouper"", ""count"" : 3}]"
1853,"2025-04-03",1,"Fin & Tonic","Robins","Tent Reef Wall",34,27,"[{""species"" : ""Lettuce Sea Slug"", ""count"" : 15}, {""species"" : ""Green Turtle"", ""count"" : 3}, {""species"" : ""Caribbean Reef Shark"", ""count"" : 2}, {""species"" : ""Roughtail Stingray"", ""count"" : 3}, {""species"" : ""Nassau Grouper"", ""count"" : 3}, {""species"" : ""Flamingo Tongue"", ""count"" : 4}, {""species"" : ""Fingerprint Cyphoma"", ""count"" : 3}, {""species"" : ""Lionfish Alive"", ""count"" : 3}]"
1850,"2025-04-03",2,"Fin & Tonic","Aaron","50 50",24,27,"[{""species"" : ""Caribbean Reef Shark"", ""count"" : 2}, {""species"" : ""Green Turtle"", ""count"" : 9}, {""species"" : ""Nurse Shark"", ""count"" : 2}]"
1863,"2025-04-05",2,"Fin & Tonic","Robins","Tent Shallow",27,27,"[{""species"" : ""Lionfish Alive"", ""count"" : 4}, {""species"" : ""Lettuce Sea Slug"", ""count"" : 15}, {""species"" : ""Yellowfin Grouper"", ""count"" : 3}, {""species"" : ""Nassau Grouper"", ""count"" : 2}, {""species"" : ""Southern Stingray"", ""count"" : 4}, {""species"" : ""Caribbean Reef Shark"", ""count"" : 1}, {""species"" : ""Green Turtle"", ""count"" : 5}]"
1859,"2025-04-05",1,"Fin & Tonic","Lenny","Hot Springs",27,27,"[{""species"" : ""Southern Stingray"", ""count"" : 7}, {""species"" : ""Green Turtle"", ""count"" : 11}, {""species"" : ""Hawksbill Turtle"", ""count"" : 2}, {""species"" : ""Caribbean Reef Shark"", ""count"" : 2}, {""species"" : ""Nurse Shark"", ""count"" : 1}, {""species"" : ""Nassau Grouper"", ""count"" : 1}]"
1860,"2025-04-06",2,"Shark Bait","Robins","Man of War Shoals",21,27,"[{""species"" : ""Lionfish Alive"", ""count"" : 2}, {""species"" : ""Green Turtle"", ""count"" : 6}, {""species"" : ""Southern Stingray"", ""count"" : 5}, {""species"" : ""Nassau Grouper"", ""count"" : 3}, {""species"" : ""Yellowfin Grouper"", ""count"" : 2}, {""species"" : ""Lettuce Sea Slug"", ""count"" : 13}]"
1861,"2025-04-06",1,"Shark Bait","Aaron","Customs House",30,27,"[{""species"" : ""Southern Stingray"", ""count"" : 6}, {""species"" : ""Green Turtle"", ""count"" : 18}]"
1862,"2025-04-06",3,"Shark Bait","Aaron","Hot Springs",22,27,"[{""species"" : ""Green Turtle"", ""count"" : 18}]"
1864,"2025-04-06",1,"Fin & Tonic","Otto","Babylon",24,27,"[{""species"" : null, ""count"" : null}]"
1865,"2025-04-06",3,"Fin & Tonic","Otto","Tent Shallow",22,27,"[{""species"" : null, ""count"" : null}]"
1856,"2025-04-06",1,"Shark Bait","Caroline","Customs House",25,27,"[{""species"" : ""Nurse Shark"", ""count"" : 1}]"
1857,"2025-04-06",2,"Shark Bait","Caroline","Twilight Zone",21,27,"[{""species"" : ""Lionfish Alive"", ""count"" : 2}]"
1858,"2025-04-06",2,"Fin & Tonic","Lenny","Hot Springs",22,27,"[{""species"" : ""Caribbean Reef Shark"", ""count"" : 1}, {""species"" : ""Lettuce Sea Slug"", ""count"" : 2}, {""species"" : ""Green Turtle"", ""count"" : 8}, {""species"" : ""Southern Stingray"", ""count"" : 6}, {""species"" : ""Nurse Shark"", ""count"" : 2}]"
1868,"2025-04-07",2,"Shark Bait","Vicky","Tent Reef Wall",23,27,"[{""species"" : ""Flamingo Tongue"", ""count"" : 4}, {""species"" : ""Spotted Eagle Ray"", ""count"" : 1}]"
1866,"2025-04-07",2,"Fin & Tonic","Otto","50 50",21,27,"[{""species"" : null, ""count"" : null}]"
1867,"2025-04-07",1,"Shark Bait","Vicky","Shark Shoals",34,27,"[{""species"" : ""Caribbean Reef Shark"", ""count"" : 1}]"
1869,"2025-04-07",1,"Shark Bait","Aaron","Shark Shoals",33,27,"[{""species"" : ""Lionfish Dead"", ""count"" : 3}, {""species"" : ""Caribbean Reef Shark"", ""count"" : 1}]"
1870,"2025-04-07",3,"Shark Bait","Aaron","50 50",22,27,"[{""species"" : ""Hawksbill Turtle"", ""count"" : 1}, {""species"" : ""Green Turtle"", ""count"" : 8}]"
1871,"2025-04-07",1,"Fin & Tonic","Josef","Customs House",26,27,"[{""species"" : ""Nurse Shark"", ""count"" : 1}, {""species"" : ""Green Turtle"", ""count"" : 2}, {""species"" : ""Roughtail Stingray"", ""count"" : 2}]"
1872,"2025-04-07",3,"Fin & Tonic","Josef","Ladder Labyrinth",22,27,"[{""species"" : null, ""count"" : null}]"
1900,"2025-04-08",1,"Fin & Tonic","Josef","Tent Reef Wall",22,27,"[{""species"" : ""Blacktip Reef Shark"", ""count"" : 1}]"
1874,"2025-04-08",2,"Shark Bait","Vicky","Tent Shallow",22,27,"[{""species"" : ""Flamingo Tongue"", ""count"" : 3}, {""species"" : ""Green Turtle"", ""count"" : 3}, {""species"" : ""Southern Stingray"", ""count"" : 1}, {""species"" : ""Lettuce Sea Slug"", ""count"" : 3}]"
1875,"2025-04-08",2,"Northern Sky","Lenny","Hot Springs",21,27,"[{""species"" : ""Flamingo Tongue"", ""count"" : 3}, {""species"" : ""Green Turtle"", ""count"" : 15}, {""species"" : ""Hawksbill Turtle"", ""count"" : 1}, {""species"" : ""Nurse Shark"", ""count"" : 2}, {""species"" : ""Southern Stingray"", ""count"" : 8}, {""species"" : ""Lettuce Sea Slug"", ""count"" : 2}]"
1876,"2025-04-08",2,"Fin & Tonic","Otto","Man of War Shoals",22,27,"[{""species"" : null, ""count"" : null}]"
1877,"2025-04-08",3,"Fin & Tonic","Otto","Tent Reef",22,27,"[{""species"" : null, ""count"" : null}]"
1878,"2025-04-08",1,"Shark Bait","Aaron","Diamond Rock",24,27,"[{""species"" : ""Caribbean Reef Shark"", ""count"" : 1}, {""species"" : ""Yellowfin Grouper"", ""count"" : 5}, {""species"" : ""Lionfish Alive"", ""count"" : 4}, {""species"" : ""Hawksbill Turtle"", ""count"" : 1}, {""species"" : ""Green Turtle"", ""count"" : 6}]"
1881,"2025-04-08",2,"Shark Bait","Robins","Tent Reef Wall",34,27,"[{""species"" : ""Green Turtle"", ""count"" : 5}, {""species"" : ""Caribbean Reef Shark"", ""count"" : 2}, {""species"" : ""Lionfish Alive"", ""count"" : 2}, {""species"" : ""Southern Stingray"", ""count"" : 5}, {""species"" : ""Lettuce Sea Slug"", ""count"" : 15}, {""species"" : ""Flamingo Tongue"", ""count"" : 9}, {""species"" : ""Fingerprint Cyphoma"", ""count"" : 8}]"
1882,"2025-04-08",3,"Shark Bait","Robins","50 50",24,27,"[{""species"" : ""Nurse Shark"", ""count"" : 3}, {""species"" : ""Green Turtle"", ""count"" : 8}, {""species"" : ""Southern Stingray"", ""count"" : 6}, {""species"" : ""Yellowfin Grouper"", ""count"" : 2}, {""species"" : ""Lettuce Sea Slug"", ""count"" : 4}, {""species"" : ""Lionfish Alive"", ""count"" : 1}]"
1888,"2025-04-08",1,"Northern Sky","Chad","Customs House",34,27,"[{""species"" : ""Yellowfin Grouper"", ""count"" : 2}, {""species"" : ""Lionfish Alive"", ""count"" : 1}, {""species"" : ""Southern Stingray"", ""count"" : 5}, {""species"" : ""Green Turtle"", ""count"" : 3}, {""species"" : ""Hawksbill Turtle"", ""count"" : 1}, {""species"" : ""Caribbean Reef Shark"", ""count"" : 1}, {""species"" : ""Nurse Shark"", ""count"" : 1}]"
1873,"2025-04-08",1,"Shark Bait","Vicky","Diamond Rock",8,-3,"[{""species"" : ""Southern Stingray"", ""count"" : 2}, {""species"" : ""Tiger Grouper"", ""count"" : 1}, {""species"" : ""Green Turtle"", ""count"" : 3}, {""species"" : ""Hawksbill Turtle"", ""count"" : 1}]"
1883,"2025-04-09",1,"Shark Bait","Vicky","Third Encounter",32,27,"[{""species"" : ""Nassau Grouper"", ""count"" : 1}, {""species"" : ""Tiger Grouper"", ""count"" : 1}, {""species"" : ""Caribbean Reef Shark"", ""count"" : 2}, {""species"" : ""Lionfish Alive"", ""count"" : 2}, {""species"" : ""Nurse Shark"", ""count"" : 2}]"
1884,"2025-04-09",2,"Shark Bait","Vicky","Man of War Shoals",22,27,"[{""species"" : ""Yellowfin Grouper"", ""count"" : 1}, {""species"" : ""Caribbean Reef Shark"", ""count"" : 1}, {""species"" : ""Lettuce Sea Slug"", ""count"" : 2}, {""species"" : ""Green Turtle"", ""count"" : 1}]"
1885,"2025-04-09",2,"Shark Bait","Aaron","Man of War Shoals",22,27,"[{""species"" : ""Green Turtle"", ""count"" : 1}, {""species"" : ""Nurse Shark"", ""count"" : 1}, {""species"" : ""Yellowfin Grouper"", ""count"" : 2}, {""species"" : ""Caribbean Reef Shark"", ""count"" : 2}]"
1886,"2025-04-09",1,"Fin & Tonic","Otto","Babylon",27,27,"[{""species"" : null, ""count"" : null}]"
1879,"2025-04-09",2,"Shark Bait","Robins","Tent Shallow",21,27,"[{""species"" : ""Green Turtle"", ""count"" : 3}, {""species"" : ""Caribbean Reef Shark"", ""count"" : 1}, {""species"" : ""Southern Stingray"", ""count"" : 3}, {""species"" : ""Lettuce Sea Slug"", ""count"" : 30}, {""species"" : ""Lionfish Dead"", ""count"" : 3}]"
1880,"2025-04-09",3,"Shark Bait","Robins","Tent Boulders",24,27,"[{""species"" : ""Caribbean Reef Shark"", ""count"" : 1}, {""species"" : ""Green Turtle"", ""count"" : 4}, {""species"" : ""Southern Stingray"", ""count"" : 3}, {""species"" : ""Yellowfin Grouper"", ""count"" : 3}, {""species"" : ""Lettuce Sea Slug"", ""count"" : 35}, {""species"" : ""Flamingo Tongue"", ""count"" : 8}, {""species"" : ""Fingerprint Cyphoma"", ""count"" : 7}, {""species"" : ""Lionfish Alive"", ""count"" : 2}]"
1887,"2025-04-09",3,"Fin & Tonic","Otto","Hole in the Corner",21,27,"[{""species"" : null, ""count"" : null}]"
1889,"2025-04-09",1,"Shark Bait","Caroline","Third Encounter",32,27,"[{""species"" : null, ""count"" : null}]"
1899,"2025-04-10",2,"Shark Bait","Robins","Big Rock Deep",24,27,"[{""species"" : ""Yellowfin Grouper"", ""count"" : 6}, {""species"" : ""Southern Stingray"", ""count"" : 4}, {""species"" : ""Tiger Grouper"", ""count"" : 1}, {""species"" : ""Lettuce Sea Slug"", ""count"" : 3}, {""species"" : ""Flamingo Tongue"", ""count"" : 8}, {""species"" : ""Fingerprint Cyphoma"", ""count"" : 9}, {""species"" : ""Nassau Grouper"", ""count"" : 4}, {""species"" : ""Lionfish Alive"", ""count"" : 4}]"
1890,"2025-04-10",1,"Shark Bait","Vicky","Outer Limits",32,27,"[{""species"" : ""Lionfish Alive"", ""count"" : 2}, {""species"" : ""Nurse Shark"", ""count"" : 1}]"
1891,"2025-04-10",2,"Shark Bait","Vicky","Big Rock Deep",22,27,"[{""species"" : ""Southern Stingray"", ""count"" : 1}]"
1892,"2025-04-10",2,"Northern Sky","Caroline","Tent Shallow",12,27,"[{""species"" : ""Lionfish Alive"", ""count"" : 4}]"
1893,"2025-04-10",2,"Fin & Tonic","Otto","Man of War Shoals",21,27,"[{""species"" : null, ""count"" : null}]"
1894,"2025-04-10",1,"Shark Bait","Aaron","Outer Limits",33,27,"[{""species"" : ""Yellowfin Grouper"", ""count"" : 6}, {""species"" : ""Tiger Grouper"", ""count"" : 2}, {""species"" : ""Caribbean Reef Shark"", ""count"" : 1}, {""species"" : ""Nurse Shark"", ""count"" : 1}, {""species"" : ""Nassau Grouper"", ""count"" : 1}]"
1895,"2025-04-10",3,"Fin & Tonic","Otto","Hot Springs",18,27,"[{""species"" : null, ""count"" : null}]"
1896,"2025-04-10",3,"Shark Bait","Aaron","Hole in the Corner",24,27,"[{""species"" : ""Green Turtle"", ""count"" : 1}, {""species"" : ""Nassau Grouper"", ""count"" : 1}]"
1897,"2025-04-10",1,"Fin & Tonic","Josef","Diamond Rock",22,27,"[{""species"" : ""Caribbean Reef Shark"", ""count"" : 1}, {""species"" : ""Green Turtle"", ""count"" : 2}, {""species"" : ""Yellowfin Grouper"", ""count"" : 1}]"
1898,"2025-04-10",3,"Fin & Tonic","Josef","Hot Springs",19,27,"[{""species"" : ""Green Turtle"", ""count"" : 5}, {""species"" : ""Roughtail Stingray"", ""count"" : 2}]"
1902,"2025-04-10",1,"Northern Sky","Lenny","Shark Shoals",32,27,"[{""species"" : ""Hawksbill Turtle"", ""count"" : 1}, {""species"" : ""Caribbean Reef Shark"", ""count"" : 2}, {""species"" : ""Nassau Grouper"", ""count"" : 2}, {""species"" : ""Tiger Grouper"", ""count"" : 4}, {""species"" : ""Lionfish Alive"", ""count"" : 3}]"
1903,"2025-04-10",2,"Northern Sky","Lenny","Tent Shallow",23,27,"[{""species"" : ""Hawksbill Turtle"", ""count"" : 1}, {""species"" : ""Nurse Shark"", ""count"" : 2}, {""species"" : ""Southern Stingray"", ""count"" : 3}, {""species"" : ""Yellowfin Grouper"", ""count"" : 2}, {""species"" : ""Tiger Grouper"", ""count"" : 1}, {""species"" : ""Green Turtle"", ""count"" : 4}, {""species"" : ""Lettuce Sea Slug"", ""count"" : 5}, {""species"" : ""Flamingo Tongue"", ""count"" : 2}, {""species"" : ""Lionfish Alive"", ""count"" : 2}]"
1904,"2025-04-11",2,"Shark Bait","Lenny","Tent Reef",24,27,"[{""species"" : ""Long Snout Seahorse"", ""count"" : 1}, {""species"" : ""Green Turtle"", ""count"" : 3}, {""species"" : ""Nurse Shark"", ""count"" : 2}, {""species"" : ""Southern Stingray"", ""count"" : 3}, {""species"" : ""Yellowfin Grouper"", ""count"" : 2}, {""species"" : ""Lettuce Sea Slug"", ""count"" : 6}]"
1901,"2025-04-11",1,"Shark Bait","Josef","Tent Drift",28,27,"[{""species"" : ""Lionfish Alive"", ""count"" : 2}, {""species"" : ""Nurse Shark"", ""count"" : 1}, {""species"" : ""Caribbean Reef Shark"", ""count"" : 2}, {""species"" : ""Lionfish Dead"", ""count"" : 8}]"
1905,"2025-04-13",1,"Shark Bait","Caroline","Third Encounter",30,27,"[{""species"" : ""Lionfish Alive"", ""count"" : 4}, {""species"" : ""Caribbean Reef Shark"", ""count"" : 1}]"
1906,"2025-04-13",3,"Shark Bait","Josef","Tent Shallow",11,27,"[{""species"" : null, ""count"" : null}]"
1907,"2025-04-14",1,"Fin & Tonic","Vicky","Tent Reef",24,27,"[{""species"" : ""Lionfish Alive"", ""count"" : 6}, {""species"" : ""Caribbean Reef Shark"", ""count"" : 1}, {""species"" : ""Green Turtle"", ""count"" : 1}, {""species"" : ""Long Snout Seahorse"", ""count"" : 1}]"
1908,"2025-04-14",3,"Fin & Tonic","Caroline","Tent Shallow",25,27,"[{""species"" : ""Nurse Shark"", ""count"" : 1}, {""species"" : ""Lionfish Alive"", ""count"" : 7}]"
1929,"2025-04-15",2,"Fin & Tonic","Robins","Hot Springs",25,27,"[{""species"" : ""Magnificent Urchin"", ""count"" : 1}, {""species"" : ""Green Turtle"", ""count"" : 10}, {""species"" : ""Nurse Shark"", ""count"" : 2}, {""species"" : ""Southern Stingray"", ""count"" : 6}, {""species"" : ""Yellowfin Grouper"", ""count"" : 3}, {""species"" : ""Lionfish Alive"", ""count"" : 4}]"
1909,"2025-04-15",1,"Fin & Tonic","Aaron","Tent Reef",24,27,"[{""species"" : ""Green Turtle"", ""count"" : 3}, {""species"" : ""Yellowfin Grouper"", ""count"" : 1}, {""species"" : ""Long Snout Seahorse"", ""count"" : 1}]"
1910,"2025-04-15",3,"Fin & Tonic","Aaron","Hot Springs",22,27,"[{""species"" : ""Green Turtle"", ""count"" : 8}, {""species"" : ""Southern Stingray"", ""count"" : 5}]"
1912,"2025-04-15",5,"Fin & Tonic","Josef","Tent Reef Wall",22,27,"[{""species"" : null, ""count"" : null}]"
1916,"2025-04-16",3,"Fin & Tonic","Josef","50 50",2,-19,"[{""species"" : ""Nurse Shark"", ""count"" : 1}, {""species"" : ""Flamingo Tongue"", ""count"" : 3}, {""species"" : ""Green Turtle"", ""count"" : 6}, {""species"" : ""Blacktip Reef Shark"", ""count"" : 1}]"
1911,"2025-04-16",2,"Fin & Tonic","Aaron","Man of War Shoals",22,27,"[{""species"" : ""Yellowfin Grouper"", ""count"" : 4}, {""species"" : ""Southern Stingray"", ""count"" : 4}, {""species"" : ""Green Turtle"", ""count"" : 6}]"
1914,"2025-04-16",1,"Fin & Tonic","Josef","Tent Reef Wall",28,27,"[{""species"" : null, ""count"" : null}]"
1915,"2025-04-17",1,"Fin & Tonic","Aaron","Diamond Rock",24,27,"[{""species"" : ""Nurse Shark"", ""count"" : 1}, {""species"" : ""Southern Stingray"", ""count"" : 4}, {""species"" : ""Yellowfin Grouper"", ""count"" : 2}, {""species"" : ""Lionfish Alive"", ""count"" : 1}, {""species"" : ""Lionfish Dead"", ""count"" : 5}, {""species"" : ""Caribbean Reef Shark"", ""count"" : 1}, {""species"" : ""Green Turtle"", ""count"" : 1}]"
1913,"2025-04-17",2,"Private Boat","Lenny","Third Encounter",32,27,"[{""species"" : ""Nassau Grouper"", ""count"" : 3}, {""species"" : ""Yellowfin Grouper"", ""count"" : 2}, {""species"" : ""Tiger Grouper"", ""count"" : 5}, {""species"" : ""Lionfish Alive"", ""count"" : 2}]"
1917,"2025-04-17",3,"Fin & Tonic","Aaron","Tent Reef",24,27,"[{""species"" : ""Yellowfin Grouper"", ""count"" : 1}, {""species"" : ""Green Turtle"", ""count"" : 2}, {""species"" : ""Caribbean Reef Shark"", ""count"" : 3}]"
1918,"2025-04-17",3,"Private Boat","Lenny","Hot Springs",24,27,"[{""species"" : ""Nurse Shark"", ""count"" : 1}, {""species"" : ""Southern Stingray"", ""count"" : 5}, {""species"" : ""Tiger Grouper"", ""count"" : 2}, {""species"" : ""Flamingo Tongue"", ""count"" : 2}, {""species"" : ""Green Turtle"", ""count"" : 8}, {""species"" : ""Hawksbill Turtle"", ""count"" : 1}]"
1919,"2025-04-17",2,"Fin & Tonic","Josef","Tent Shallow",23,27,"[{""species"" : ""Green Turtle"", ""count"" : 2}]"
1920,"2025-04-17",2,"Fin & Tonic","Caroline","Tent Shallow",30,27,"[{""species"" : ""Lionfish Dead"", ""count"" : 1}, {""species"" : ""Lionfish Alive"", ""count"" : 3}]"
1921,"2025-04-17",3,"Fin & Tonic","Caroline","Tent Reef",30,27,"[{""species"" : ""Nurse Shark"", ""count"" : 1}, {""species"" : ""Caribbean Reef Shark"", ""count"" : 4}, {""species"" : ""Lionfish Dead"", ""count"" : 1}]"
1922,"2025-04-17",1,"Private Boat","Vicky","Man of War Shoals",22,27,"[{""species"" : ""Lettuce Sea Slug"", ""count"" : 2}, {""species"" : ""Green Turtle"", ""count"" : 1}, {""species"" : ""Southern Stingray"", ""count"" : 1}, {""species"" : ""Yellowfin Grouper"", ""count"" : 2}]"
1923,"2025-04-17",2,"Private Boat","Vicky","Babylon",22,27,"[{""species"" : ""Nurse Shark"", ""count"" : 1}, {""species"" : ""Lionfish Alive"", ""count"" : 1}]"
1925,"2025-04-18",2,"Fin & Tonic","Caroline","Core Gut",25,27,"[{""species"" : ""Lionfish Alive"", ""count"" : 7}]"
1924,"2025-04-18",3,"Fin & Tonic","Caroline","Hot Springs",24,27,"[{""species"" : ""Nurse Shark"", ""count"" : 1}]"
1928,"2025-04-19",1,"Fin & Tonic","Lenny","Tent Deep",33,27,"[{""species"" : ""Southern Stingray"", ""count"" : 3}, {""species"" : ""Lionfish Alive"", ""count"" : 7}, {""species"" : ""Flamingo Tongue"", ""count"" : 2}, {""species"" : ""Lettuce Sea Slug"", ""count"" : 6}, {""species"" : ""Green Turtle"", ""count"" : 3}, {""species"" : ""Nurse Shark"", ""count"" : 1}, {""species"" : ""Tiger Grouper"", ""count"" : 3}]"
1930,"2025-04-20",1,"Fin & Tonic","Robins","Big Rock Deep",7,-3,"[{""species"" : ""Yellowfin Grouper"", ""count"" : 3}, {""species"" : ""Flamingo Tongue"", ""count"" : 6}, {""species"" : ""Fingerprint Cyphoma"", ""count"" : 4}, {""species"" : ""Lionfish Alive"", ""count"" : 6}, {""species"" : ""Nurse Shark"", ""count"" : 1}, {""species"" : ""Southern Stingray"", ""count"" : 2}, {""species"" : ""Nassau Grouper"", ""count"" : 2}]"
1931,"2025-04-20",3,"Fin & Tonic","Robins","Tent Shallow",27,27,"[{""species"" : ""Southern Stingray"", ""count"" : 5}, {""species"" : ""Lionfish Alive"", ""count"" : 3}, {""species"" : ""Flamingo Tongue"", ""count"" : 6}, {""species"" : ""Lettuce Sea Slug"", ""count"" : 12}, {""species"" : ""Green Turtle"", ""count"" : 4}, {""species"" : ""Yellowfin Grouper"", ""count"" : 3}]"
1926,"2025-04-20",1,"Fin & Tonic","Lenny","Third Encounter",32,27,"[{""species"" : ""Nurse Shark"", ""count"" : 1}, {""species"" : ""Yellowfin Grouper"", ""count"" : 3}, {""species"" : ""Tiger Grouper"", ""count"" : 5}, {""species"" : ""Lionfish Alive"", ""count"" : 5}, {""species"" : ""Nassau Grouper"", ""count"" : 2}]"
1927,"2025-04-20",2,"Fin & Tonic","Lenny","Core Gut",29,27,"[{""species"" : ""Caribbean Reef Shark"", ""count"" : 1}, {""species"" : ""Yellowfin Grouper"", ""count"" : 2}, {""species"" : ""Lettuce Sea Slug"", ""count"" : 3}, {""species"" : ""Lionfish Alive"", ""count"" : 3}, {""species"" : ""Southern Stingray"", ""count"" : 1}]"
1932,"2025-04-21",2,"Fin & Tonic","Caroline","Hole in the Corner",20,27,"[{""species"" : null, ""count"" : null}]"
1943,"2025-04-21",1,"Fin & Tonic","Robins","David's Drop-off Deep",32,27,"[{""species"" : ""Green Turtle"", ""count"" : 1}, {""species"" : ""Lionfish Alive"", ""count"" : 6}, {""species"" : ""Yellowfin Grouper"", ""count"" : 3}]"
1944,"2025-04-21",2,"Fin & Tonic","Robins","Hole in the Corner",24,27,"[{""species"" : ""Nassau Grouper"", ""count"" : 1}, {""species"" : ""Flamingo Tongue"", ""count"" : 5}, {""species"" : ""Lettuce Sea Slug"", ""count"" : 12}, {""species"" : ""Yellowfin Grouper"", ""count"" : 2}, {""species"" : ""Southern Stingray"", ""count"" : 2}, {""species"" : ""Lionfish Alive"", ""count"" : 3}]"
1945,"2025-04-21",3,"Fin & Tonic","Robins","Abraham's Hole",23,27,"[{""species"" : ""Lionfish Alive"", ""count"" : 4}, {""species"" : ""Lettuce Sea Slug"", ""count"" : 10}, {""species"" : ""Yellowfin Grouper"", ""count"" : 4}]"
1933,"2025-04-22",1,"Fin & Tonic","Vicky","Tent Deep",26,27,"[{""species"" : ""Southern Stingray"", ""count"" : 1}, {""species"" : ""Lettuce Sea Slug"", ""count"" : 1}]"
1935,"2025-04-23",2,"Fin & Tonic","Caroline","Tent Reef",12,27,"[{""species"" : null, ""count"" : null}]"
1936,"2025-04-23",3,"Fin & Tonic","Caroline","Hot Springs",12,27,"[{""species"" : null, ""count"" : null}]"
1934,"2025-04-23",2,"Fin & Tonic","Vicky","Tent Reef",22,27,"[{""species"" : ""Lettuce Sea Slug"", ""count"" : 2}, {""species"" : ""Tiger Grouper"", ""count"" : 1}, {""species"" : ""Southern Stingray"", ""count"" : 1}]"
1939,"2025-04-23",1,"Fin & Tonic","Vicky","Twilight Zone",32,27,"[{""species"" : ""Caribbean Reef Shark"", ""count"" : 3}]"
1940,"2025-04-24",2,"Fin & Tonic","Caroline","Man of War Shoals",18,27,"[{""species"" : ""Caribbean Reef Shark"", ""count"" : 1}]"
1937,"2025-04-24",1,"Fin & Tonic","Aaron","Third Encounter",33,27,"[{""species"" : ""Yellowfin Grouper"", ""count"" : 3}, {""species"" : ""Caribbean Reef Shark"", ""count"" : 3}, {""species"" : ""Nassau Grouper"", ""count"" : 1}, {""species"" : ""Lionfish Alive"", ""count"" : 2}]"
1938,"2025-04-24",3,"Fin & Tonic","Aaron","Hot Springs",22,27,"[{""species"" : ""Yellowfin Grouper"", ""count"" : 1}, {""species"" : ""Green Turtle"", ""count"" : 6}, {""species"" : ""Southern Stingray"", ""count"" : 4}]"
1941,"2025-04-24",3,"Fin & Tonic","Caroline","Hole in the Corner",18,27,"[{""species"" : ""Lionfish Alive"", ""count"" : 2}]"
1942,"2025-04-24",2,"Fin & Tonic","Aaron","Man of War Shoals",22,27,"[{""species"" : ""Green Turtle"", ""count"" : 5}, {""species"" : ""Yellowfin Grouper"", ""count"" : 2}, {""species"" : ""Lionfish Dead"", ""count"" : 2}, {""species"" : ""Lionfish Alive"", ""count"" : 1}, {""species"" : ""Caribbean Reef Shark"", ""count"" : 1}]"
1946,"2025-04-25",2,"Fin & Tonic","Caroline","Hot Springs",12,27,"[{""species"" : null, ""count"" : null}]"
1947,"2025-04-25",3,"Fin & Tonic","Caroline","Hole in the Corner",20,27,"[{""species"" : null, ""count"" : null}]"
1965,"2025-04-26",1,"Fin & Tonic","Robins","Babylon",32,27,"[{""species"" : ""Lettuce Sea Slug"", ""count"" : 5}, {""species"" : ""Green Turtle"", ""count"" : 4}, {""species"" : ""Caribbean Reef Shark"", ""count"" : 1}, {""species"" : ""Nurse Shark"", ""count"" : 2}, {""species"" : ""Southern Stingray"", ""count"" : 2}, {""species"" : ""Yellowfin Grouper"", ""count"" : 2}, {""species"" : ""Lionfish Alive"", ""count"" : 3}]"
1966,"2025-04-26",2,"Fin & Tonic","Robins","50 50",26,27,"[{""species"" : ""Southern Stingray"", ""count"" : 4}, {""species"" : ""Green Turtle"", ""count"" : 8}, {""species"" : ""Nurse Shark"", ""count"" : 3}, {""species"" : ""Yellowfin Grouper"", ""count"" : 2}, {""species"" : ""Lettuce Sea Slug"", ""count"" : 5}]"
1950,"2025-04-27",2,"Northern Sky","Josef","50 50",12,27,"[{""species"" : ""Green Turtle"", ""count"" : 1}, {""species"" : ""Southern Stingray"", ""count"" : 2}]"
1951,"2025-04-27",1,"Fin & Tonic","Aaron","Babylon",27,27,"[{""species"" : ""Green Turtle"", ""count"" : 1}, {""species"" : ""Hawksbill Turtle"", ""count"" : 1}, {""species"" : ""Caribbean Reef Shark"", ""count"" : 1}, {""species"" : ""Nurse Shark"", ""count"" : 2}, {""species"" : ""Lionfish Alive"", ""count"" : 2}]"
1952,"2025-04-27",3,"Northern Sky","Josef","Babylon",12,27,"[{""species"" : null, ""count"" : null}]"
1953,"2025-04-27",3,"Fin & Tonic","Aaron","50 50",24,27,"[{""species"" : ""Hawksbill Turtle"", ""count"" : 1}, {""species"" : ""Green Turtle"", ""count"" : 7}, {""species"" : ""Nurse Shark"", ""count"" : 1}, {""species"" : ""Lionfish Alive"", ""count"" : 1}]"
1949,"2025-04-27",2,"Fin & Tonic","Vicky","Tent Reef",24,27,"[{""species"" : ""Lettuce Sea Slug"", ""count"" : 2}, {""species"" : ""Yellowfin Grouper"", ""count"" : 1}]"
1948,"2025-04-27",2,"Northern Sky","Caroline","Hot Springs",24,27,"[{""species"" : null, ""count"" : null}]"
1963,"2025-04-27",2,"Fin & Tonic","Robins","Tent Reef",26,27,"[{""species"" : ""Lionfish Alive"", ""count"" : 3}, {""species"" : ""Green Turtle"", ""count"" : 2}, {""species"" : ""Southern Stingray"", ""count"" : 3}, {""species"" : ""Yellowfin Grouper"", ""count"" : 3}, {""species"" : ""Lettuce Sea Slug"", ""count"" : 13}, {""species"" : ""Flamingo Tongue"", ""count"" : 8}]"
1964,"2025-04-27",3,"Fin & Tonic","Robins","50 50",26,27,"[{""species"" : ""Lettuce Sea Slug"", ""count"" : 6}, {""species"" : ""Green Turtle"", ""count"" : 9}, {""species"" : ""Nurse Shark"", ""count"" : 3}, {""species"" : ""Southern Stingray"", ""count"" : 6}, {""species"" : ""Lionfish Alive"", ""count"" : 2}]"
1962,"2025-04-28",3,"Fin & Tonic","Robins","Hole in the Corner",24,27,"[{""species"" : ""Yellowfin Grouper"", ""count"" : 2}, {""species"" : ""Green Turtle"", ""count"" : 3}, {""species"" : ""Nassau Grouper"", ""count"" : 2}, {""species"" : ""Lettuce Sea Slug"", ""count"" : 9}, {""species"" : ""Flamingo Tongue"", ""count"" : 6}]"
1954,"2025-04-28",1,"Fin & Tonic","Vicky","Customs House",27,27,"[{""species"" : ""Lionfish Alive"", ""count"" : 1}, {""species"" : ""Southern Stingray"", ""count"" : 2}, {""species"" : ""Lettuce Sea Slug"", ""count"" : 1}, {""species"" : ""Nurse Shark"", ""count"" : 1}]"
1955,"2025-04-28",2,"Fin & Tonic","Vicky","Tent Reef Wall",22,27,"[{""species"" : ""Caribbean Reef Shark"", ""count"" : 1}, {""species"" : ""Green Turtle"", ""count"" : 3}, {""species"" : ""Southern Stingray"", ""count"" : 1}]"
1956,"2025-04-28",1,"Fin & Tonic","Aaron","Customs House",30,27,"[{""species"" : ""Southern Stingray"", ""count"" : 2}, {""species"" : ""Nurse Shark"", ""count"" : 1}, {""species"" : ""Lionfish Alive"", ""count"" : 2}]"
1957,"2025-04-28",1,"Northern Sky","Josef","Tent Deep",30,27,"[{""species"" : null, ""count"" : null}]"
1958,"2025-04-28",2,"Northern Sky","Josef","Hole in the Corner",26,27,"[{""species"" : ""Caribbean Reef Shark"", ""count"" : 2}]"
1959,"2025-04-28",3,"Fin & Tonic","Aaron","Hole in the Corner",22,27,"[{""species"" : ""Lionfish Alive"", ""count"" : 3}, {""species"" : ""Green Turtle"", ""count"" : 2}]"
1960,"2025-04-28",3,"Northern Sky","Josef","Rays and Anchors",12,27,"[{""species"" : ""Green Turtle"", ""count"" : 1}]"
1961,"2025-04-28",2,"Fin & Tonic","Robins","Tent Reef Wall",27,27,"[{""species"" : ""Flamingo Tongue"", ""count"" : 9}, {""species"" : ""Green Turtle"", ""count"" : 2}, {""species"" : ""Caribbean Reef Shark"", ""count"" : 2}, {""species"" : ""Southern Stingray"", ""count"" : 3}, {""species"" : ""Lettuce Sea Slug"", ""count"" : 15}]"
1972,"2025-04-28",1,"Northern Sky","Otto","Rays and Anchors",13,27,"[{""species"" : null, ""count"" : null}]"
1968,"2025-04-29",2,"Fin & Tonic","Vicky","Diamond Rock",24,27,"[{""species"" : ""Southern Stingray"", ""count"" : 3}]"
1969,"2025-04-29",2,"Northern Sky","Caroline","Man of War Shoals",21,27,"[{""species"" : null, ""count"" : null}]"
1970,"2025-04-29",1,"Fin & Tonic","Aaron","Twilight Zone",33,27,"[{""species"" : ""Lionfish Alive"", ""count"" : 1}, {""species"" : ""Nurse Shark"", ""count"" : 1}]"
1971,"2025-04-29",3,"Fin & Tonic","Aaron","Man of War Shoals",22,27,"[{""species"" : ""Green Turtle"", ""count"" : 5}, {""species"" : ""Yellowfin Grouper"", ""count"" : 2}]"
1973,"2025-04-29",1,"Northern Sky","Otto","Outer Limits",32,27,"[{""species"" : null, ""count"" : null}]"
1974,"2025-04-29",2,"Northern Sky","Otto","Man of War Shoals",22,27,"[{""species"" : null, ""count"" : null}]"
1975,"2025-04-29",2,"Fin & Tonic","Robins","Diamond Rock",24,27,"[{""species"" : ""Caribbean Reef Shark"", ""count"" : 1}, {""species"" : ""Lionfish Alive"", ""count"" : 1}, {""species"" : ""Yellowfin Grouper"", ""count"" : 3}, {""species"" : ""Southern Stingray"", ""count"" : 4}, {""species"" : ""Lettuce Sea Slug"", ""count"" : 4}]"
1976,"2025-04-29",3,"Fin & Tonic","Robins","Man of War Shoals",21,27,"[{""species"" : ""Yellowfin Grouper"", ""count"" : 2}, {""species"" : ""Green Turtle"", ""count"" : 5}, {""species"" : ""Lettuce Sea Slug"", ""count"" : 12}]"
1967,"2025-04-29",1,"Fin & Tonic","Vicky","Twilight Zone",28,27,"[{""species"" : ""Nurse Shark"", ""count"" : 1}]"
1977,"2025-04-30",1,"Northern Sky","Josef","Outer Limits",33,27,"[{""species"" : null, ""count"" : null}]"
1978,"2025-04-30",1,"Fin & Tonic","Vicky","Shark Shoals",34,27,"[{""species"" : ""Hawksbill Turtle"", ""count"" : 2}]"
1979,"2025-04-30",2,"Fin & Tonic","Vicky","Greer Gut",23,27,"[{""species"" : ""Southern Stingray"", ""count"" : 4}, {""species"" : ""Lionfish Alive"", ""count"" : 10}]"
1980,"2025-04-30",1,"Fin & Tonic","Aaron","Shark Shoals",33,27,"[{""species"" : ""Caribbean Reef Shark"", ""count"" : 2}, {""species"" : ""Hawksbill Turtle"", ""count"" : 2}]"
1991,"2025-04-30",2,"Fin & Tonic","Robins","Greer Gut",24,27,"[{""species"" : ""Yellowfin Grouper"", ""count"" : 4}, {""species"" : ""Southern Stingray"", ""count"" : 3}, {""species"" : ""Nassau Grouper"", ""count"" : 3}, {""species"" : ""Nurse Shark"", ""count"" : 1}, {""species"" : ""Flamingo Tongue"", ""count"" : 6}, {""species"" : ""Lionfish Alive"", ""count"" : 6}, {""species"" : ""Lettuce Sea Slug"", ""count"" : 7}]"
1981,"2025-04-30",1,"Northern Sky","Otto","Customs House",30,27,"[{""species"" : ""Green Turtle"", ""count"" : 2}, {""species"" : ""Nurse Shark"", ""count"" : 1}, {""species"" : ""Lionfish Alive"", ""count"" : 4}]"
1982,"2025-04-30",2,"Northern Sky","Otto","Tent Drift",23,27,"[{""species"" : ""Hawksbill Turtle"", ""count"" : 1}, {""species"" : ""Green Turtle"", ""count"" : 2}, {""species"" : ""Caribbean Reef Shark"", ""count"" : 1}, {""species"" : ""Nurse Shark"", ""count"" : 1}, {""species"" : ""Lionfish Alive"", ""count"" : 2}, {""species"" : ""Yellowfin Grouper"", ""count"" : 3}]"
1983,"2025-04-30",3,"Private Boat","Otto","Torrens Point",12,27,"[{""species"" : null, ""count"" : null}]"
1992,"2025-04-30",3,"Fin & Tonic","Robins","Hot Springs",26,27,"[{""species"" : ""Lionfish Alive"", ""count"" : 2}, {""species"" : ""Nurse Shark"", ""count"" : 2}, {""species"" : ""Southern Stingray"", ""count"" : 7}, {""species"" : ""Yellowfin Grouper"", ""count"" : 3}, {""species"" : ""Green Turtle"", ""count"" : 10}, {""species"" : ""Lettuce Sea Slug"", ""count"" : 7}]"
1995,"2025-05-01",1,"Fin & Tonic","Aaron","Tent Deep",24,27,"[{""species"" : ""Green Turtle"", ""count"" : 1}, {""species"" : ""Long Snout Seahorse"", ""count"" : 1}, {""species"" : ""Lionfish Alive"", ""count"" : 2}]"
1984,"2025-05-01",1,"Fin & Tonic","Vicky","Tent Deep",26,27,"[{""species"" : ""Lettuce Sea Slug"", ""count"" : 20}, {""species"" : ""Southern Stingray"", ""count"" : 1}, {""species"" : ""Nurse Shark"", ""count"" : 2}, {""species"" : ""Green Turtle"", ""count"" : 1}, {""species"" : ""Lionfish Alive"", ""count"" : 1}, {""species"" : ""Long Snout Seahorse"", ""count"" : 1}, {""species"" : ""Flamingo Tongue"", ""count"" : 2}]"
1985,"2025-05-01",2,"Fin & Tonic","Vicky","Big Rock Deep",23,27,"[{""species"" : ""Southern Stingray"", ""count"" : 1}, {""species"" : ""Nurse Shark"", ""count"" : 1}, {""species"" : ""Lionfish Alive"", ""count"" : 1}, {""species"" : ""Flamingo Tongue"", ""count"" : 1}, {""species"" : ""Lettuce Sea Slug"", ""count"" : 2}]"
1986,"2025-05-01",1,"Northern Sky","Caroline","Ladder Drift",24,27,"[{""species"" : null, ""count"" : null}]"
1987,"2025-05-01",3,"Northern Sky","Caroline","Hole in the Corner",12,27,"[{""species"" : ""Lionfish Alive"", ""count"" : 2}, {""species"" : ""Nurse Shark"", ""count"" : 1}, {""species"" : ""Caribbean Reef Shark"", ""count"" : 1}]"
1988,"2025-05-01",2,"Northern Sky","Otto","Core Gut",27,27,"[{""species"" : ""Lionfish Alive"", ""count"" : 2}, {""species"" : ""Spotted Eagle Ray"", ""count"" : 1}]"
1989,"2025-05-01",3,"Northern Sky","Otto","Hole in the Corner",21,27,"[{""species"" : ""Lionfish Alive"", ""count"" : 2}, {""species"" : ""Nurse Shark"", ""count"" : 1}, {""species"" : ""Caribbean Reef Shark"", ""count"" : 1}]"
1990,"2025-05-01",2,"Fin & Tonic","Robins","Big Rock Deep",24,27,"[{""species"" : ""Lionfish Alive"", ""count"" : 6}, {""species"" : ""Lettuce Sea Slug"", ""count"" : 7}, {""species"" : ""Longspine Sea Urchin"", ""count"" : 5}, {""species"" : ""Tiger Grouper"", ""count"" : 2}, {""species"" : ""Yellowfin Grouper"", ""count"" : 3}, {""species"" : ""Nassau Grouper"", ""count"" : 2}, {""species"" : ""Southern Stingray"", ""count"" : 3}, {""species"" : ""Nurse Shark"", ""count"" : 2}, {""species"" : ""Flamingo Tongue"", ""count"" : 7}]"
1996,"2025-05-01",3,"Fin & Tonic","Aaron","Core Gut",22,27,"[{""species"" : ""Lionfish Alive"", ""count"" : 5}]"
2001,"2025-05-01",1,"Northern Sky","Lenny","Ladder Drift",24,27,"[{""species"" : ""Southern Stingray"", ""count"" : 2}, {""species"" : ""Yellowfin Grouper"", ""count"" : 2}, {""species"" : ""Lettuce Sea Slug"", ""count"" : 5}, {""species"" : ""Flamingo Tongue"", ""count"" : 3}, {""species"" : ""Nurse Shark"", ""count"" : 2}, {""species"" : ""Lionfish Alive"", ""count"" : 3}, {""species"" : ""Caribbean Reef Shark"", ""count"" : 1}, {""species"" : ""Hawksbill Turtle"", ""count"" : 1}, {""species"" : ""Green Turtle"", ""count"" : 6}]"
2002,"2025-05-01",2,"Northern Sky","Lenny","Core Gut",27,27,"[{""species"" : ""Flamingo Tongue"", ""count"" : 2}, {""species"" : ""Lionfish Alive"", ""count"" : 7}, {""species"" : ""Caribbean Reef Shark"", ""count"" : 1}, {""species"" : ""Spotted Eagle Ray"", ""count"" : 1}, {""species"" : ""Lettuce Sea Slug"", ""count"" : 6}]"
2004,"2025-05-02",2,"Fin & Tonic","Lenny","Otto Zone",23,27,"[{""species"" : ""Tiger Grouper"", ""count"" : 2}, {""species"" : ""Southern Stingray"", ""count"" : 2}, {""species"" : ""Lettuce Sea Slug"", ""count"" : 8}, {""species"" : ""Nassau Grouper"", ""count"" : 1}]"
2005,"2025-05-02",3,"Fin & Tonic","Lenny","Tent Shallow",24,27,"[{""species"" : ""Flamingo Tongue"", ""count"" : 2}, {""species"" : ""Lionfish Alive"", ""count"" : 4}, {""species"" : ""Green Turtle"", ""count"" : 5}, {""species"" : ""Nurse Shark"", ""count"" : 1}, {""species"" : ""Southern Stingray"", ""count"" : 4}, {""species"" : ""Spotted Eagle Ray"", ""count"" : 1}, {""species"" : ""Yellowfin Grouper"", ""count"" : 2}, {""species"" : ""Lettuce Sea Slug"", ""count"" : 5}]"
2003,"2025-05-02",1,"Fin & Tonic","Lenny","Tent Drift",27,27,"[{""species"" : ""Hawksbill Turtle"", ""count"" : 1}, {""species"" : ""Lionfish Alive"", ""count"" : 5}, {""species"" : ""Flamingo Tongue"", ""count"" : 1}, {""species"" : ""Lettuce Sea Slug"", ""count"" : 2}, {""species"" : ""Yellowfin Grouper"", ""count"" : 3}, {""species"" : ""Southern Stingray"", ""count"" : 3}, {""species"" : ""Caribbean Reef Shark"", ""count"" : 2}, {""species"" : ""Green Turtle"", ""count"" : 3}]"
1993,"2025-05-03",2,"Fin & Tonic","Caroline","Hot Springs",24,27,"[{""species"" : null, ""count"" : null}]"
2000,"2025-05-03",1,"Fin & Tonic","Lenny","Customs House",27,27,"[{""species"" : ""Yellowfin Grouper"", ""count"" : 2}, {""species"" : ""Lionfish Alive"", ""count"" : 3}, {""species"" : ""Green Turtle"", ""count"" : 4}, {""species"" : ""Caribbean Reef Shark"", ""count"" : 1}, {""species"" : ""Nurse Shark"", ""count"" : 1}, {""species"" : ""Southern Stingray"", ""count"" : 3}, {""species"" : ""Nassau Grouper"", ""count"" : 1}]"
1994,"2025-05-03",3,"Fin & Tonic","Caroline","Torrens Point",11,27,"[{""species"" : null, ""count"" : null}]"
1997,"2025-05-04",2,"Fin & Tonic","Aaron","Tent Reef",24,28,"[{""species"" : ""Nurse Shark"", ""count"" : 1}, {""species"" : ""Green Turtle"", ""count"" : 1}]"
1998,"2025-05-04",1,"Fin & Tonic","Caroline","Babylon",28,27,"[{""species"" : ""Lionfish Alive"", ""count"" : 4}]"
1999,"2025-05-04",3,"Fin & Tonic","Caroline","50 50",19,27,"[{""species"" : ""Lionfish Alive"", ""count"" : 2}]"
2006,"2025-05-04",1,"Fin & Tonic","Caroline ","Babylon",25,27,"[{""species"" : null, ""count"" : null}]"
2007,"2025-05-05",1,"Fin & Tonic","Vicky","Third Encounter",32,27,"[{""species"" : ""Caribbean Reef Shark"", ""count"" : 1}, {""species"" : ""Nurse Shark"", ""count"" : 1}]"
2008,"2025-05-05",2,"Fin & Tonic","Vicky","Man of War Shoals",22,27,"[{""species"" : ""Tiger Grouper"", ""count"" : 1}, {""species"" : ""Green Turtle"", ""count"" : 2}, {""species"" : ""Southern Stingray"", ""count"" : 1}, {""species"" : ""Yellowfin Grouper"", ""count"" : 1}, {""species"" : ""Lettuce Sea Slug"", ""count"" : 2}]"
2009,"2025-05-05",1,"Fin & Tonic","Aaron","Third Encounter",33,28,"[{""species"" : ""Tiger Grouper"", ""count"" : 2}, {""species"" : ""Caribbean Reef Shark"", ""count"" : 2}, {""species"" : ""Nurse Shark"", ""count"" : 2}, {""species"" : ""Nassau Grouper"", ""count"" : 1}, {""species"" : ""Yellowfin Grouper"", ""count"" : 4}]"
2010,"2025-05-05",2,"Fin & Tonic","Otto","Man of War Shoals",22,27,"[{""species"" : ""Green Turtle"", ""count"" : 3}]"
2011,"2025-05-05",3,"Fin & Tonic","Otto","Hot Springs",23,27,"[{""species"" : ""Green Turtle"", ""count"" : 12}]"
2012,"2025-05-06",1,"Fin & Tonic","Aaron","David's Drop-off Deep",30,27,"[{""species"" : ""Caribbean Reef Shark"", ""count"" : 2}, {""species"" : ""Nurse Shark"", ""count"" : 1}, {""species"" : ""Lionfish Dead"", ""count"" : 3}, {""species"" : ""Hawksbill Turtle"", ""count"" : 1}]"
2013,"2025-05-06",2,"Fin & Tonic","Aaron","Greer Gut",22,27,"[{""species"" : ""Nurse Shark"", ""count"" : 1}, {""species"" : ""Lionfish Dead"", ""count"" : 5}]"
2014,"2025-05-06",3,"Fin & Tonic","Vicky","Tent Reef",24,27,"[{""species"" : ""Lettuce Sea Slug"", ""count"" : 3}, {""species"" : ""Green Turtle"", ""count"" : 2}, {""species"" : ""Lionfish Dead"", ""count"" : 7}, {""species"" : ""Caribbean Reef Shark"", ""count"" : 2}]"
2016,"2025-05-07",2,"Fin & Tonic","Aaron","Hole in the Corner",22,27,"[{""species"" : ""Green Turtle"", ""count"" : 2}, {""species"" : ""Caribbean Reef Shark"", ""count"" : 1}]"
2015,"2025-05-07",3,"Fin & Tonic","Vicky","Tent Shallow",22,27,"[{""species"" : ""Southern Stingray"", ""count"" : 1}, {""species"" : ""Nurse Shark"", ""count"" : 1}]"
2017,"2025-05-07",3,"Fin & Tonic","Aaron","Tent Shallow",18,27,"[{""species"" : ""Green Turtle"", ""count"" : 4}]"
2018,"2025-05-08",2,"Fin & Tonic","Lenny","Hot Springs",7,-3,"[{""species"" : ""Southern Stingray"", ""count"" : 3}, {""species"" : ""Nurse Shark"", ""count"" : 2}, {""species"" : ""Lionfish Alive"", ""count"" : 5}, {""species"" : ""Green Turtle"", ""count"" : 10}, {""species"" : ""Hawksbill Turtle"", ""count"" : 1}, {""species"" : ""Lettuce Sea Slug"", ""count"" : 2}, {""species"" : ""Tiger Grouper"", ""count"" : 1}]"
2021,"2025-05-10",1,"Fin & Tonic","Lenny","Tent Deep",30,27,"[{""species"" : ""Tiger Grouper"", ""count"" : 3}, {""species"" : ""Lionfish Alive"", ""count"" : 5}, {""species"" : ""Green Turtle"", ""count"" : 5}, {""species"" : ""Lettuce Sea Slug"", ""count"" : 6}, {""species"" : ""Hawksbill Turtle"", ""count"" : 2}, {""species"" : ""Caribbean Reef Shark"", ""count"" : 2}, {""species"" : ""Nurse Shark"", ""count"" : 1}, {""species"" : ""Southern Stingray"", ""count"" : 3}, {""species"" : ""Nassau Grouper"", ""count"" : 1}]"
2019,"2025-05-10",3,"Fin & Tonic","Caroline","Torrens Point",15,27,"[{""species"" : ""Lionfish Alive"", ""count"" : 1}]"
2022,"2025-05-10",2,"Fin & Tonic","Lenny","Hot Springs",24,27,"[{""species"" : ""Hawksbill Turtle"", ""count"" : 2}, {""species"" : ""Green Turtle"", ""count"" : 9}, {""species"" : ""Nurse Shark"", ""count"" : 2}, {""species"" : ""Southern Stingray"", ""count"" : 6}, {""species"" : ""Tiger Grouper"", ""count"" : 3}, {""species"" : ""Lettuce Sea Slug"", ""count"" : 3}, {""species"" : ""Lionfish Alive"", ""count"" : 5}]"
2027,"2025-05-11",4,"Fin & Tonic","Lenny","50 50",23,27,"[{""species"" : ""Tiger Grouper"", ""count"" : 3}, {""species"" : ""Lettuce Sea Slug"", ""count"" : 2}, {""species"" : ""Lionfish Alive"", ""count"" : 3}, {""species"" : ""Green Turtle"", ""count"" : 10}, {""species"" : ""Hawksbill Turtle"", ""count"" : 2}, {""species"" : ""Nurse Shark"", ""count"" : 1}, {""species"" : ""Southern Stingray"", ""count"" : 4}, {""species"" : ""Nassau Grouper"", ""count"" : 1}]"
2023,"2025-05-11",1,"Fin & Tonic","Jack","Customs House",22,27,"[{""species"" : null, ""count"" : null}]"
2024,"2025-05-11",2,"Fin & Tonic","Jack","Tent Shallow",22,27,"[{""species"" : null, ""count"" : null}]"
2025,"2025-05-11",3,"Fin & Tonic","Jack","50 50",22,27,"[{""species"" : null, ""count"" : null}]"
2026,"2025-05-11",1,"Fin & Tonic","Lenny","Customs House",30,27,"[{""species"" : ""Lettuce Sea Slug"", ""count"" : 3}, {""species"" : ""Green Turtle"", ""count"" : 4}, {""species"" : ""Caribbean Reef Shark"", ""count"" : 1}, {""species"" : ""Southern Stingray"", ""count"" : 4}, {""species"" : ""Nurse Shark"", ""count"" : 1}, {""species"" : ""Yellowfin Grouper"", ""count"" : 3}, {""species"" : ""Lionfish Alive"", ""count"" : 6}]"
2020,"2025-05-11",2,"Fin & Tonic","Aaron","Tent Shallow",22,27,"[{""species"" : ""Hawksbill Turtle"", ""count"" : 1}, {""species"" : ""Nurse Shark"", ""count"" : 2}, {""species"" : ""Green Turtle"", ""count"" : 2}]"
2031,"2025-05-12",2,"Fin & Tonic","Jack","Diamond Rock",22,27,"[{""species"" : null, ""count"" : null}]"
2028,"2025-05-12",1,"Fin & Tonic","Aaron","Third Encounter",33,28,"[{""species"" : ""Tiger Grouper"", ""count"" : 1}, {""species"" : ""Nassau Grouper"", ""count"" : 1}, {""species"" : ""Caribbean Reef Shark"", ""count"" : 3}, {""species"" : ""Yellowfin Grouper"", ""count"" : 2}, {""species"" : ""Lionfish Dead"", ""count"" : 5}]"
2029,"2025-05-12",3,"Fin & Tonic","Aaron","Hot Springs",22,27,"[{""species"" : null, ""count"" : null}]"
2030,"2025-05-12",1,"Fin & Tonic","Jack","Third Encounter",22,27,"[{""species"" : ""Green Turtle"", ""count"" : 2}]"
2032,"2025-05-12",2,"Fin & Tonic","Caroline","Diamond Rock",25,27,"[{""species"" : null, ""count"" : null}]"
2035,"2025-05-12",3,"Fin & Tonic","Caroline","Hot Springs",12,27,"[{""species"" : null, ""count"" : null}]"
2034,"2025-05-13",1,"Fin & Tonic","Caroline","Babylon",12,27,"[{""species"" : null, ""count"" : null}]"
2036,"2025-05-13",3,"Fin & Tonic","Aaron","Hot Springs",21,28,"[{""species"" : ""Green Turtle"", ""count"" : 4}]"
2059,"2025-05-13",2,"Fin & Tonic","Robins","Babylon",32,27,"[{""species"" : ""Nassau Grouper"", ""count"" : 2}, {""species"" : ""Green Turtle"", ""count"" : 4}, {""species"" : ""Nurse Shark"", ""count"" : 2}, {""species"" : ""Southern Stingray"", ""count"" : 4}, {""species"" : ""Yellowfin Grouper"", ""count"" : 3}, {""species"" : ""Lettuce Sea Slug"", ""count"" : 10}]"
2033,"2025-05-13",1,"Fin & Tonic","Aaron","Twilight Zone",33,28,"[{""species"" : ""Nurse Shark"", ""count"" : 1}, {""species"" : ""Caribbean Reef Shark"", ""count"" : 1}, {""species"" : ""Lionfish Alive"", ""count"" : 2}, {""species"" : ""Yellowfin Grouper"", ""count"" : 2}, {""species"" : ""Tiger Grouper"", ""count"" : 1}]"
2038,"2025-05-14",3,"Fin & Tonic","Caroline","Ladder Labyrinth",18,27,"[{""species"" : null, ""count"" : null}]"
2039,"2025-05-14",1,"Fin & Tonic","Jack","Customs House",27,27,"[{""species"" : ""Green Turtle"", ""count"" : 3}, {""species"" : ""Southern Stingray"", ""count"" : 1}]"
2040,"2025-05-14",2,"Fin & Tonic","Jack","Ladder Labyrinth",24,27,"[{""species"" : ""Lionfish Alive"", ""count"" : 1}, {""species"" : ""Southern Stingray"", ""count"" : 2}, {""species"" : ""Green Turtle"", ""count"" : 2}]"
2041,"2025-05-14",3,"Fin & Tonic","Jack","Hot Springs",22,27,"[{""species"" : null, ""count"" : null}]"
2057,"2025-05-14",2,"Fin & Tonic","Robins","Tent Shallow",29,27,"[{""species"" : ""Yellowfin Grouper"", ""count"" : 3}, {""species"" : ""Flamingo Tongue"", ""count"" : 12}, {""species"" : ""Lionfish Alive"", ""count"" : 2}, {""species"" : ""Green Turtle"", ""count"" : 6}, {""species"" : ""Nurse Shark"", ""count"" : 2}, {""species"" : ""Lettuce Sea Slug"", ""count"" : 17}]"
2058,"2025-05-14",3,"Fin & Tonic","Robins","Ladder Labyrinth",24,27,"[{""species"" : ""Nassau Grouper"", ""count"" : 2}, {""species"" : ""Lionfish Alive"", ""count"" : 3}, {""species"" : ""Lettuce Sea Slug"", ""count"" : 7}, {""species"" : ""Green Turtle"", ""count"" : 4}, {""species"" : ""Nurse Shark"", ""count"" : 2}, {""species"" : ""Southern Stingray"", ""count"" : 3}, {""species"" : ""Yellowfin Grouper"", ""count"" : 3}]"
2037,"2025-05-14",2,"Fin & Tonic","Caroline","Tent Shallow",18,27,"[{""species"" : null, ""count"" : null}]"
2042,"2025-05-15",1,"Fin & Tonic","Lenny","Shark Shoals",32,27,"[{""species"" : ""Lionfish Alive"", ""count"" : 3}, {""species"" : ""Yellowfin Grouper"", ""count"" : 4}, {""species"" : ""Caribbean Reef Shark"", ""count"" : 3}]"
2044,"2025-05-15",2,"Fin & Tonic","Aaron","Ladder Drift",27,27,"[{""species"" : ""Nurse Shark"", ""count"" : 2}, {""species"" : ""Green Turtle"", ""count"" : 4}]"
2043,"2025-05-15",3,"Fin & Tonic","Lenny","Muck Dive",23,27,"[{""species"" : ""Green Turtle"", ""count"" : 6}, {""species"" : ""Hawksbill Turtle"", ""count"" : 2}, {""species"" : ""Southern Stingray"", ""count"" : 3}]"
2045,"2025-05-16",1,"Fin & Tonic","Lenny","Third Encounter",33,27,"[{""species"" : ""Lionfish Alive"", ""count"" : 5}, {""species"" : ""Nassau Grouper"", ""count"" : 2}, {""species"" : ""Tiger Grouper"", ""count"" : 4}, {""species"" : ""Nurse Shark"", ""count"" : 1}, {""species"" : ""Caribbean Reef Shark"", ""count"" : 2}]"
2056,"2025-05-16",2,"Fin & Tonic","Robins","Man of War Shoals",21,27,"[{""species"" : ""Yellowfin Grouper"", ""count"" : 4}, {""species"" : ""Lettuce Sea Slug"", ""count"" : 14}, {""species"" : ""Lionfish Alive"", ""count"" : 1}, {""species"" : ""Green Turtle"", ""count"" : 6}, {""species"" : ""Southern Stingray"", ""count"" : 6}, {""species"" : ""Nassau Grouper"", ""count"" : 2}]"
2055,"2025-05-17",2,"Northern Sky","Robins","Hot Springs",22,27,"[{""species"" : ""Flamingo Tongue"", ""count"" : 6}, {""species"" : ""Green Turtle"", ""count"" : 20}, {""species"" : ""Nurse Shark"", ""count"" : 1}, {""species"" : ""Southern Stingray"", ""count"" : 6}, {""species"" : ""Yellowfin Grouper"", ""count"" : 3}, {""species"" : ""Lettuce Sea Slug"", ""count"" : 4}]"
2051,"2025-05-17",3,"Fin & Tonic","Lenny","Muck Dive",21,27,"[{""species"" : ""Lionfish Alive"", ""count"" : 2}, {""species"" : ""Green Turtle"", ""count"" : 5}, {""species"" : ""Southern Stingray"", ""count"" : 6}, {""species"" : ""Yellowfin Grouper"", ""count"" : 1}, {""species"" : ""Lettuce Sea Slug"", ""count"" : 3}]"
2050,"2025-05-17",1,"Fin & Tonic","Lenny","Diamond Rock",23,27,"[{""species"" : ""Southern Stingray"", ""count"" : 2}, {""species"" : ""Lionfish Alive"", ""count"" : 4}, {""species"" : ""Flamingo Tongue"", ""count"" : 2}, {""species"" : ""Lettuce Sea Slug"", ""count"" : 4}, {""species"" : ""Tiger Grouper"", ""count"" : 5}, {""species"" : ""Nurse Shark"", ""count"" : 1}, {""species"" : ""Green Turtle"", ""count"" : 3}]"
2054,"2025-05-18",2,"Northern Sky","Jack","Hot Springs",22,27,"[{""species"" : ""Green Turtle"", ""count"" : 5}, {""species"" : ""Nurse Shark"", ""count"" : 1}]"
2046,"2025-05-18",1,"Fin & Tonic","Vicky","Babylon",22,27,"[{""species"" : ""Lionfish Alive"", ""count"" : 1}, {""species"" : ""Green Turtle"", ""count"" : 1}, {""species"" : ""Caribbean Reef Shark"", ""count"" : 1}, {""species"" : ""Nurse Shark"", ""count"" : 1}, {""species"" : ""Southern Stingray"", ""count"" : 1}, {""species"" : ""Lettuce Sea Slug"", ""count"" : 1}]"
2049,"2025-05-18",3,"Northern Sky","Robins","Tent Shallow",24,27,"[{""species"" : ""Southern Stingray"", ""count"" : 3}, {""species"" : ""Yellowfin Grouper"", ""count"" : 4}, {""species"" : ""Pencil Urchin"", ""count"" : 4}, {""species"" : ""Reef Urchin"", ""count"" : 3}, {""species"" : ""Lettuce Sea Slug"", ""count"" : 26}, {""species"" : ""Lionfish Alive"", ""count"" : 2}, {""species"" : ""Leech Head Shield Slug"", ""count"" : 2}, {""species"" : ""Flamingo Tongue"", ""count"" : 8}, {""species"" : ""Green Turtle"", ""count"" : 5}]"
2052,"2025-05-18",1,"Northern Sky","Lenny","Tent Deep",30,27,"[{""species"" : ""Lionfish Alive"", ""count"" : 5}, {""species"" : ""Green Turtle"", ""count"" : 2}, {""species"" : ""Nurse Shark"", ""count"" : 1}, {""species"" : ""Nassau Grouper"", ""count"" : 1}, {""species"" : ""Tiger Grouper"", ""count"" : 3}, {""species"" : ""Lettuce Sea Slug"", ""count"" : 5}]"
2053,"2025-05-18",1,"Northern Sky","Jack","Tent Deep",28,27,"[{""species"" : ""Green Turtle"", ""count"" : 2}, {""species"" : ""Nurse Shark"", ""count"" : 1}]"
2048,"2025-05-18",2,"Northern Sky","Robins","Hot Springs",26,27,"[{""species"" : ""Lettuce Sea Slug"", ""count"" : 4}, {""species"" : ""Flamingo Tongue"", ""count"" : 6}, {""species"" : ""Southern Stingray"", ""count"" : 3}, {""species"" : ""Yellowfin Grouper"", ""count"" : 3}, {""species"" : ""Pencil Urchin"", ""count"" : 3}, {""species"" : ""Magnificent Urchin"", ""count"" : 1}, {""species"" : ""Green Turtle"", ""count"" : 7}]"
2047,"2025-05-18",2,"Fin & Tonic","Aaron","Man of War Shoals",22,28,"[{""species"" : ""Nurse Shark"", ""count"" : 1}, {""species"" : ""Yellowfin Grouper"", ""count"" : 3}, {""species"" : ""Green Turtle"", ""count"" : 4}, {""species"" : ""Caribbean Reef Shark"", ""count"" : 1}]"
2060,"2025-05-19",2,"Fin & Tonic","Aaron","Tent Reef",24,28,"[{""species"" : ""Green Turtle"", ""count"" : 1}, {""species"" : ""Caribbean Reef Shark"", ""count"" : 1}, {""species"" : ""Lionfish Alive"", ""count"" : 1}]"
2061,"2025-05-19",1,"Fin & Tonic","Vicky","Hot Springs",24,27,"[{""species"" : ""Green Turtle"", ""count"" : 3}, {""species"" : ""Lettuce Sea Slug"", ""count"" : 2}, {""species"" : ""Nassau Grouper"", ""count"" : 1}]"
2062,"2025-05-19",1,"Fin & Tonic","Jack","Tent Shallow",18,27,"[{""species"" : null, ""count"" : null}]"
2068,"2025-05-19",3,"Northern Sky","Otto","Man of War Shoals",22,27,"[{""species"" : null, ""count"" : null}]"
2066,"2025-05-19",1,"Northern Sky","Otto","Man of War Shoals",22,27,"[{""species"" : ""Green Turtle"", ""count"" : 3}]"
2069,"2025-05-19",4,"Northern Sky","Otto","Tent Reef",21,27,"[{""species"" : null, ""count"" : null}]"
2071,"2025-05-20",1,"Fin & Tonic","Jack","Tent Boulders",27,27,"[{""species"" : ""Nurse Shark"", ""count"" : 1}, {""species"" : ""Green Turtle"", ""count"" : 3}]"
2063,"2025-05-20",1,"Fin & Tonic","Vicky","Third Encounter",31,28,"[{""species"" : ""Nassau Grouper"", ""count"" : 1}]"
2064,"2025-05-20",2,"Fin & Tonic","Vicky","Tent Boulders",22,28,"[{""species"" : ""Lettuce Sea Slug"", ""count"" : 22}, {""species"" : ""Green Turtle"", ""count"" : 1}, {""species"" : ""Southern Stingray"", ""count"" : 1}, {""species"" : ""Lionfish Alive"", ""count"" : 1}]"
2065,"2025-05-20",3,"Fin & Tonic","Aaron","Rays and Anchors",20,28,"[{""species"" : ""Green Turtle"", ""count"" : 20}, {""species"" : ""Roughtail Stingray"", ""count"" : 1}, {""species"" : ""Southern Stingray"", ""count"" : 5}]"
2067,"2025-05-20",2,"Northern Sky","Otto","Tent Reef",21,27,"[{""species"" : ""Nurse Shark"", ""count"" : 1}]"
2070,"2025-05-20",1,"Northern Sky","Otto","Twilight Zone",27,27,"[{""species"" : null, ""count"" : null}]"
2072,"2025-05-20",2,"Fin & Tonic","Jack","Third Encounter",30,27,"[{""species"" : null, ""count"" : null}]"
2073,"2025-05-20",3,"Fin & Tonic","Jack","Rays and Anchors",20,27,"[{""species"" : ""Green Turtle"", ""count"" : 12}, {""species"" : ""Southern Stingray"", ""count"" : 4}]"
2077,"2025-05-21",2,"Fin & Tonic","Aaron","Tent Deep",22,28,"[{""species"" : ""Green Turtle"", ""count"" : 4}, {""species"" : ""Lionfish Alive"", ""count"" : 4}]"
2074,"2025-05-21",1,"Fin & Tonic","Vicky","Customs House",26,27,"[{""species"" : ""Lionfish Alive"", ""count"" : 1}, {""species"" : ""Tiger Grouper"", ""count"" : 1}, {""species"" : ""Southern Stingray"", ""count"" : 1}, {""species"" : ""Nurse Shark"", ""count"" : 2}, {""species"" : ""Green Turtle"", ""count"" : 3}]"
2078,"2025-05-21",3,"Northern Sky","Otto","Hot Springs",21,28,"[{""species"" : ""Green Turtle"", ""count"" : 8}]"
2079,"2025-05-21",1,"Fin & Tonic","Jack","Customs House",27,27,"[{""species"" : ""Nurse Shark"", ""count"" : 1}, {""species"" : ""Southern Stingray"", ""count"" : 2}, {""species"" : ""Lionfish Alive"", ""count"" : 1}, {""species"" : ""Green Turtle"", ""count"" : 2}]"
2080,"2025-05-21",2,"Fin & Tonic","Jack","Tent Boulders",20,27,"[{""species"" : ""Green Turtle"", ""count"" : 3}, {""species"" : ""Nurse Shark"", ""count"" : 1}, {""species"" : ""Southern Stingray"", ""count"" : 3}]"
2076,"2025-05-21",2,"Northern Sky","Otto","Tent Boulders",24,28,"[{""species"" : ""Green Turtle"", ""count"" : 4}]"
2075,"2025-05-21",1,"Northern Sky","Otto","Core Gut",27,28,"[{""species"" : ""Southern Stingray"", ""count"" : 2}, {""species"" : ""Nassau Grouper"", ""count"" : 1}]"
2081,"2025-05-22",1,"Fin & Tonic","Vicky","Big Rock Deep",22,27,"[{""species"" : null, ""count"" : null}]"
2082,"2025-05-22",1,"Fin & Tonic","Aaron","Big Rock Deep",22,28,"[{""species"" : ""Lionfish Alive"", ""count"" : 3}]"
2083,"2025-05-22",2,"Fin & Tonic","Aaron","Torrens Point",12,28,"[{""species"" : ""Nurse Shark"", ""count"" : 1}, {""species"" : ""Lionfish Alive"", ""count"" : 1}, {""species"" : ""Green Turtle"", ""count"" : 1}]"
2084,"2025-05-22",2,"Fin & Tonic","Lenny","Torrens Point",18,27,"[{""species"" : ""Lettuce Sea Slug"", ""count"" : 3}, {""species"" : ""Southern Stingray"", ""count"" : 3}, {""species"" : ""Tiger Grouper"", ""count"" : 2}, {""species"" : ""Nurse Shark"", ""count"" : 1}, {""species"" : ""Lionfish Alive"", ""count"" : 2}, {""species"" : ""Green Turtle"", ""count"" : 4}]"
2085,"2025-05-22",2,"Northern Sky","Otto","Tent Shallow",23,28,"[{""species"" : null, ""count"" : null}]"
2088,"2025-05-23",3,"Northern Sky","Otto","Muck Dive",18,27,"[{""species"" : null, ""count"" : null}]"
2086,"2025-05-23",1,"Northern Sky","Otto","Customs House",27,28,"[{""species"" : ""Green Turtle"", ""count"" : 3}, {""species"" : ""Caribbean Reef Shark"", ""count"" : 2}, {""species"" : ""Nurse Shark"", ""count"" : 1}, {""species"" : ""Lionfish Alive"", ""count"" : 1}]"
2087,"2025-05-23",2,"Northern Sky","Otto","Hot Springs",22,28,"[{""species"" : ""Green Turtle"", ""count"" : 5}]"
2094,"2025-05-24",2,"Fin & Tonic","Lenny","Man of War Shoals",23,27,"[{""species"" : ""Lettuce Sea Slug"", ""count"" : 5}, {""species"" : ""Flamingo Tongue"", ""count"" : 2}, {""species"" : ""Southern Stingray"", ""count"" : 4}, {""species"" : ""Green Turtle"", ""count"" : 3}, {""species"" : ""Tiger Grouper"", ""count"" : 3}]"
2093,"2025-05-24",1,"Fin & Tonic","Lenny","Babylon",27,27,"[{""species"" : ""Caribbean Reef Shark"", ""count"" : 1}, {""species"" : ""Green Turtle"", ""count"" : 2}, {""species"" : ""Hawksbill Turtle"", ""count"" : 1}, {""species"" : ""Nurse Shark"", ""count"" : 1}, {""species"" : ""Southern Stingray"", ""count"" : 3}, {""species"" : ""Yellowfin Grouper"", ""count"" : 2}, {""species"" : ""Lettuce Sea Slug"", ""count"" : 5}, {""species"" : ""Lionfish Alive"", ""count"" : 4}]"
2090,"2025-05-25",2,"Fin & Tonic","Vicky","Man of War Shoals",22,28,"[{""species"" : ""Southern Stingray"", ""count"" : 6}, {""species"" : ""Lettuce Sea Slug"", ""count"" : 7}]"
2089,"2025-05-25",1,"Fin & Tonic","Vicky","Tent Reef",22,28,"[{""species"" : ""Lettuce Sea Slug"", ""count"" : 25}, {""species"" : ""Lionfish Alive"", ""count"" : 3}, {""species"" : ""Green Turtle"", ""count"" : 1}]"
2091,"2025-05-25",1,"Northern Sky","Chad","Tent Drift",15,27,"[{""species"" : ""Lettuce Sea Slug"", ""count"" : 10}, {""species"" : ""Southern Stingray"", ""count"" : 2}, {""species"" : ""Yellowfin Grouper"", ""count"" : 1}, {""species"" : ""Green Turtle"", ""count"" : 5}]"
2092,"2025-05-25",2,"Northern Sky","Chad","Ladder Drift",15,27,"[{""species"" : ""Nurse Shark"", ""count"" : 2}, {""species"" : ""Southern Stingray"", ""count"" : 5}, {""species"" : ""Nassau Grouper"", ""count"" : 2}, {""species"" : ""Lettuce Sea Slug"", ""count"" : 2}, {""species"" : ""Lionfish Alive"", ""count"" : 2}, {""species"" : ""Green Turtle"", ""count"" : 4}, {""species"" : ""Hawksbill Turtle"", ""count"" : 1}]"
2095,"2025-05-25",1,"Fin & Tonic","Lenny","Tent Reef",29,27,"[{""species"" : ""Green Turtle"", ""count"" : 3}, {""species"" : ""Southern Stingray"", ""count"" : 2}, {""species"" : ""Nassau Grouper"", ""count"" : 1}, {""species"" : ""Yellowfin Grouper"", ""count"" : 1}, {""species"" : ""Tiger Grouper"", ""count"" : 2}, {""species"" : ""Lettuce Sea Slug"", ""count"" : 8}, {""species"" : ""Flamingo Tongue"", ""count"" : 2}, {""species"" : ""Lionfish Alive"", ""count"" : 7}, {""species"" : ""Hawksbill Turtle"", ""count"" : 1}]"
2096,"2025-05-25",2,"Fin & Tonic","Lenny","Man of War Shoals",23,27,"[{""species"" : ""Roughtail Stingray"", ""count"" : 5}, {""species"" : ""Tiger Grouper"", ""count"" : 2}, {""species"" : ""Lettuce Sea Slug"", ""count"" : 3}, {""species"" : ""Green Turtle"", ""count"" : 3}]"
2097,"2025-05-25",3,"Fin & Tonic","Lenny","Hot Springs",24,27,"[{""species"" : ""Nurse Shark"", ""count"" : 2}, {""species"" : ""Green Turtle"", ""count"" : 8}, {""species"" : ""Hawksbill Turtle"", ""count"" : 1}, {""species"" : ""Caribbean Reef Shark"", ""count"" : 1}, {""species"" : ""Southern Stingray"", ""count"" : 6}, {""species"" : ""Tiger Grouper"", ""count"" : 2}, {""species"" : ""Lettuce Sea Slug"", ""count"" : 3}, {""species"" : ""Lionfish Alive"", ""count"" : 5}]"
2098,"2025-05-25",2,"Fin & Tonic","Aaron","Man of War Shoals",22,28,"[{""species"" : ""Yellowfin Grouper"", ""count"" : 2}, {""species"" : ""Green Turtle"", ""count"" : 4}, {""species"" : ""Southern Stingray"", ""count"" : 2}]"
2099,"2025-05-26",1,"Fin & Tonic","Vicky","Customs House",26,28,"[{""species"" : ""Southern Stingray"", ""count"" : 2}, {""species"" : ""Yellowfin Grouper"", ""count"" : 1}, {""species"" : ""Lionfish Dead"", ""count"" : 1}, {""species"" : ""Lettuce Sea Slug"", ""count"" : 2}, {""species"" : ""Green Turtle"", ""count"" : 6}, {""species"" : ""Nurse Shark"", ""count"" : 1}]"
2102,"2025-05-26",1,"Northern Sky","Lenny","Shark Shoals",32,27,"[{""species"" : ""Lionfish Alive"", ""count"" : 4}, {""species"" : ""Caribbean Reef Shark"", ""count"" : 1}, {""species"" : ""Blacktip Reef Shark"", ""count"" : 1}, {""species"" : ""Nassau Grouper"", ""count"" : 2}, {""species"" : ""Tiger Grouper"", ""count"" : 3}]"
2106,"2025-05-26",2,"Fin & Tonic","Aaron","50 50",22,28,"[{""species"" : ""Nurse Shark"", ""count"" : 1}, {""species"" : ""Green Turtle"", ""count"" : 5}, {""species"" : ""Caribbean Reef Shark"", ""count"" : 1}]"
2105,"2025-05-27",2,"Fin & Tonic","Aaron","Hot Springs",21,28,"[{""species"" : ""Caribbean Reef Shark"", ""count"" : 1}, {""species"" : ""Green Turtle"", ""count"" : 6}, {""species"" : ""Nurse Shark"", ""count"" : 2}]"
2103,"2025-05-27",2,"Northern Sky","Lenny","Ladder Labyrinth",23,27,"[{""species"" : ""Lionfish Alive"", ""count"" : 3}, {""species"" : ""Nurse Shark"", ""count"" : 2}, {""species"" : ""Yellowfin Grouper"", ""count"" : 2}, {""species"" : ""Lettuce Sea Slug"", ""count"" : 3}]"
2104,"2025-05-27",3,"Northern Sky","Chad","Man of War Shoals",21,27,"[{""species"" : ""Yellowfin Grouper"", ""count"" : 1}, {""species"" : ""Green Turtle"", ""count"" : 3}, {""species"" : ""Southern Stingray"", ""count"" : 2}, {""species"" : ""Lettuce Sea Slug"", ""count"" : 1}]"
2100,"2025-05-27",1,"Fin & Tonic","Vicky","Tent Reef Wall",22,28,"[{""species"" : ""Hawksbill Turtle"", ""count"" : 1}, {""species"" : ""Caribbean Reef Shark"", ""count"" : 2}, {""species"" : ""Southern Stingray"", ""count"" : 1}, {""species"" : ""Lionfish Dead"", ""count"" : 2}]"
2101,"2025-05-27",3,"Fin & Tonic","Caroline","Torrens Point",15,27,"[{""species"" : null, ""count"" : null}]"
2110,"2025-05-28",1,"Fin & Tonic","Jack","Shark Shoals",34,27,"[{""species"" : ""Blacktip Reef Shark"", ""count"" : 1}, {""species"" : ""Green Turtle"", ""count"" : 1}]"
2107,"2025-05-28",2,"Fin & Tonic","Caroline","Ladder Labyrinth",22,27,"[{""species"" : ""Lionfish Alive"", ""count"" : 1}]"
2108,"2025-05-28",1,"Fin & Tonic","Otto","Customs House",24,27,"[{""species"" : null, ""count"" : null}]"
2109,"2025-05-28",1,"Fin & Tonic","Aaron","Shark Shoals",33,28,"[{""species"" : ""Caribbean Reef Shark"", ""count"" : 1}, {""species"" : ""Hawksbill Turtle"", ""count"" : 1}, {""species"" : ""Yellowfin Grouper"", ""count"" : 1}]"
2111,"2025-05-28",2,"Fin & Tonic","Jack","Ladder Labyrinth",21,27,"[{""species"" : ""Caribbean Reef Shark"", ""count"" : 1}, {""species"" : ""Green Turtle"", ""count"" : 1}, {""species"" : ""Southern Stingray"", ""count"" : 1}, {""species"" : ""Nurse Shark"", ""count"" : 1}]"
2112,"2025-05-29",2,"Fin & Tonic","Vicky","50 50",22,28,"[{""species"" : ""Nurse Shark"", ""count"" : 1}, {""species"" : ""Green Turtle"", ""count"" : 6}]"
2114,"2025-05-29",2,"Fin & Tonic","Aaron","50 50",22,28,"[{""species"" : ""Nurse Shark"", ""count"" : 2}, {""species"" : ""Green Turtle"", ""count"" : 6}]"
2116,"2025-05-29",2,"Fin & Tonic","Otto","50 50",24,28,"[{""species"" : null, ""count"" : null}]"
2117,"2025-05-29",2,"Northern Sky","Chad","Hot Springs",24,27,"[{""species"" : ""Southern Stingray"", ""count"" : 4}, {""species"" : ""Green Turtle"", ""count"" : 5}]"
2118,"2025-05-29",3,"Northern Sky","Chad","Torrens Point",14,27,"[{""species"" : ""Southern Stingray"", ""count"" : 4}, {""species"" : ""Green Turtle"", ""count"" : 2}]"
2119,"2025-05-30",1,"Fin & Tonic","Chad","Twilight Zone",34,27,"[{""species"" : ""Lionfish Alive"", ""count"" : 3}, {""species"" : ""Caribbean Reef Shark"", ""count"" : 1}, {""species"" : ""Nassau Grouper"", ""count"" : 2}]"
2120,"2025-05-30",2,"Fin & Tonic","Chad","Tent Boulders",24,27,"[{""species"" : ""Southern Stingray"", ""count"" : 3}, {""species"" : ""Green Turtle"", ""count"" : 2}, {""species"" : ""Nassau Grouper"", ""count"" : 1}, {""species"" : ""Lettuce Sea Slug"", ""count"" : 5}]"
2121,"2025-05-30",2,"Northern Sky","Caroline","Tent Shallow",12,27,"[{""species"" : ""Lionfish Alive"", ""count"" : 2}]"
2122,"2025-05-30",1,"Fin & Tonic","Otto","Twilight Zone",29,28,"[{""species"" : null, ""count"" : null}]"
2123,"2025-05-30",2,"Fin & Tonic","Otto","Tent Boulders",21,28,"[{""species"" : null, ""count"" : null}]"
2124,"2025-06-01",3,"Fin & Tonic","Caroline","Babylon",12,27,"[{""species"" : null, ""count"" : null}]"
2125,"2025-06-01",1,"Fin & Tonic","Aaron","50 50",22,28,"[{""species"" : ""Roughtail Stingray"", ""count"" : 1}, {""species"" : ""Yellowfin Grouper"", ""count"" : 1}, {""species"" : ""Southern Stingray"", ""count"" : 3}, {""species"" : ""Nurse Shark"", ""count"" : 1}, {""species"" : ""Caribbean Reef Shark"", ""count"" : 2}, {""species"" : ""Hawksbill Turtle"", ""count"" : 1}, {""species"" : ""Green Turtle"", ""count"" : 6}]"
2126,"2025-06-01",2,"Fin & Tonic","Aaron","Babylon",24,28,"[{""species"" : ""Caribbean Reef Shark"", ""count"" : 2}, {""species"" : ""Nurse Shark"", ""count"" : 1}, {""species"" : ""Lionfish Alive"", ""count"" : 4}]"
2127,"2025-06-01",3,"Fin & Tonic","Aaron","Babylon",30,28,"[{""species"" : ""Caribbean Reef Shark"", ""count"" : 2}, {""species"" : ""Nurse Shark"", ""count"" : 1}, {""species"" : ""Lionfish Alive"", ""count"" : 4}]"
2128,"2025-06-02",1,"Shark Bait","Vicky","Customs House",25,28,"[{""species"" : ""Green Turtle"", ""count"" : 1}, {""species"" : ""Southern Stingray"", ""count"" : 1}, {""species"" : ""Lionfish Alive"", ""count"" : 2}]"
2129,"2025-06-02",2,"Fin & Tonic","Otto","50 50",22,28,"[{""species"" : null, ""count"" : null}]"
2130,"2025-06-02",1,"Fin & Tonic","Chad","Babylon",30,27,"[{""species"" : ""Nurse Shark"", ""count"" : 2}]"
2131,"2025-06-02",2,"Shark Bait","Aaron","Hot Springs",22,28,"[{""species"" : ""Green Turtle"", ""count"" : 5}, {""species"" : ""Nurse Shark"", ""count"" : 1}]"
2132,"2025-06-02",1,"Northern Sky","Jack","Babylon",24,28,"[{""species"" : ""Southern Stingray"", ""count"" : 1}, {""species"" : ""Green Turtle"", ""count"" : 2}, {""species"" : ""Nurse Shark"", ""count"" : 1}]"
2133,"2025-06-02",2,"Fin & Tonic","Jack","50 50",22,27,"[{""species"" : ""Caribbean Reef Shark"", ""count"" : 1}, {""species"" : ""Green Turtle"", ""count"" : 5}]"
2134,"2025-06-02",1,"Northern Sky","Lenny","Hot Springs",27,27,"[{""species"" : ""Southern Stingray"", ""count"" : 3}, {""species"" : ""Lionfish Alive"", ""count"" : 2}, {""species"" : ""Green Turtle"", ""count"" : 5}, {""species"" : ""Lettuce Sea Slug"", ""count"" : 3}]"
2135,"2025-06-02",2,"Northern Sky","Lenny","Man of War Shoals",23,27,"[{""species"" : ""Yellowfin Grouper"", ""count"" : 2}, {""species"" : ""Flamingo Tongue"", ""count"" : 2}, {""species"" : ""Lionfish Alive"", ""count"" : 1}, {""species"" : ""Green Turtle"", ""count"" : 3}, {""species"" : ""Southern Stingray"", ""count"" : 2}, {""species"" : ""Lettuce Sea Slug"", ""count"" : 6}]"
2136,"2025-06-02",3,"Northern Sky","Lenny","Tent Shallow",23,27,"[{""species"" : ""Southern Stingray"", ""count"" : 3}, {""species"" : ""Lionfish Alive"", ""count"" : 1}, {""species"" : ""Lettuce Sea Slug"", ""count"" : 3}, {""species"" : ""Green Turtle"", ""count"" : 4}, {""species"" : ""Caribbean Reef Shark"", ""count"" : 1}, {""species"" : ""Tiger Grouper"", ""count"" : 2}]"
2137,"2025-06-03",1,"Northern Sky","Chad","Twilight Zone",34,27,"[{""species"" : ""Nurse Shark"", ""count"" : 1}, {""species"" : ""Caribbean Reef Shark"", ""count"" : 1}, {""species"" : ""Nassau Grouper"", ""count"" : 1}, {""species"" : ""Lionfish Alive"", ""count"" : 1}]"
2138,"2025-06-03",1,"Shark Bait","Vicky","Third Encounter",10,-2,"[{""species"" : ""Tiger Grouper"", ""count"" : 2}, {""species"" : ""Lionfish Alive"", ""count"" : 2}, {""species"" : ""Caribbean Reef Shark"", ""count"" : 2}, {""species"" : ""Nassau Grouper"", ""count"" : 1}, {""species"" : ""Yellowfin Grouper"", ""count"" : 2}]"
2139,"2025-06-03",1,"Fin & Tonic","Otto","Outer Limits",30,28,"[{""species"" : null, ""count"" : null}]"
2140,"2025-06-03",3,"Fin & Tonic","Otto","Tent Boulders",21,27,"[{""species"" : null, ""count"" : null}]"
2141,"2025-06-03",2,"Shark Bait","Aaron","Man of War Shoals",22,28,"[{""species"" : ""Green Turtle"", ""count"" : 3}]"
2142,"2025-06-03",3,"Shark Bait","Aaron","Ladder Labyrinth",22,28,"[{""species"" : ""Lionfish Alive"", ""count"" : 2}, {""species"" : ""Hawksbill Turtle"", ""count"" : 1}, {""species"" : ""Nurse Shark"", ""count"" : 2}]"
2143,"2025-06-03",2,"Fin & Tonic","Caroline","Hot Springs",23,27,"[{""species"" : null, ""count"" : null}]"
2144,"2025-06-03",1,"Fin & Tonic","Jack","Outer Limits",30,27,"[{""species"" : ""Green Turtle"", ""count"" : 1}]"
2147,"2025-06-03",2,"Northern Sky","Robins","Tent Boulders",23,28,"[{""species"" : ""Lettuce Sea Slug"", ""count"" : 25}, {""species"" : ""Yellowfin Grouper"", ""count"" : 3}, {""species"" : ""Flamingo Tongue"", ""count"" : 7}, {""species"" : ""Leech Head Shield Slug"", ""count"" : 2}, {""species"" : ""Green Turtle"", ""count"" : 3}]"
2146,"2025-06-03",3,"Fin & Tonic","Jack","Tent Reef",22,27,"[{""species"" : ""Green Turtle"", ""count"" : 1}]"
2145,"2025-06-03",2,"Fin & Tonic","Jack","Hot Springs",20,27,"[{""species"" : ""Green Turtle"", ""count"" : 3}]"
2149,"2025-06-04",1,"Fin & Tonic","Otto","Customs House",27,28,"[{""species"" : ""Lionfish Alive"", ""count"" : 3}, {""species"" : ""Yellowfin Grouper"", ""count"" : 1}, {""species"" : ""Tiger Grouper"", ""count"" : 1}, {""species"" : ""Nurse Shark"", ""count"" : 1}, {""species"" : ""Caribbean Reef Shark"", ""count"" : 1}]"
2148,"2025-06-04",1,"Shark Bait","Vicky","Tent Deep",24,28,"[{""species"" : ""Nurse Shark"", ""count"" : 1}, {""species"" : ""Green Turtle"", ""count"" : 2}, {""species"" : ""Lionfish Alive"", ""count"" : 2}, {""species"" : ""Flamingo Tongue"", ""count"" : 2}, {""species"" : ""Lettuce Sea Slug"", ""count"" : 2}]"
2150,"2025-06-04",1,"Fin & Tonic","Caroline","Customs House",27,27,"[{""species"" : null, ""count"" : null}]"
2151,"2025-06-04",2,"Fin & Tonic","Otto","Ladder Labyrinth",22,28,"[{""species"" : ""Lionfish Alive"", ""count"" : 4}, {""species"" : ""Nurse Shark"", ""count"" : 1}]"
2152,"2025-06-04",3,"Fin & Tonic","Otto","Tent Reef",21,28,"[{""species"" : ""Nurse Shark"", ""count"" : 1}, {""species"" : ""Lionfish Alive"", ""count"" : 3}]"
2153,"2025-06-04",1,"Fin & Tonic","Jack","Customs House",24,27,"[{""species"" : ""Green Turtle"", ""count"" : 2}, {""species"" : ""Nurse Shark"", ""count"" : 2}]"
2154,"2025-06-04",2,"Fin & Tonic","Jack","Ladder Labyrinth",22,27,"[{""species"" : ""Nurse Shark"", ""count"" : 2}]"
2155,"2025-06-04",3,"Fin & Tonic","Jack","Tent Reef",22,27,"[{""species"" : ""Nurse Shark"", ""count"" : 1}, {""species"" : ""Lionfish Alive"", ""count"" : 1}]"
2156,"2025-06-04",2,"Shark Bait","Aaron","50 50",22,28,"[{""species"" : ""Caribbean Reef Shark"", ""count"" : 1}, {""species"" : ""Leech Head Shield Slug"", ""count"" : 1}, {""species"" : ""Green Turtle"", ""count"" : 6}]"
2157,"2025-06-04",1,"Northern Sky","Chad","Third Encounter",34,27,"[{""species"" : null, ""count"" : null}]"
2162,"2025-06-05",2,"Northern Sky","Lenny","50 50",24,27,"[{""species"" : ""Caribbean Reef Shark"", ""count"" : 1}, {""species"" : ""Lionfish Alive"", ""count"" : 2}, {""species"" : ""Lettuce Sea Slug"", ""count"" : 5}, {""species"" : ""Yellowfin Grouper"", ""count"" : 2}, {""species"" : ""Green Turtle"", ""count"" : 4}, {""species"" : ""Southern Stingray"", ""count"" : 3}]"
2159,"2025-06-05",2,"Fin & Tonic","Chad","Porites Point",15,27,"[{""species"" : null, ""count"" : null}]"
2160,"2025-06-05",1,"Shark Bait","Vicky","Hot Springs",24,28,"[{""species"" : ""Flamingo Tongue"", ""count"" : 1}, {""species"" : ""Southern Stingray"", ""count"" : 2}, {""species"" : ""Leech Head Shield Slug"", ""count"" : 1}, {""species"" : ""Green Turtle"", ""count"" : 8}, {""species"" : ""Nurse Shark"", ""count"" : 1}]"
2158,"2025-06-05",1,"Fin & Tonic","Chad","Third Encounter",34,27,"[{""species"" : null, ""count"" : null}]"
2163,"2025-06-05",2,"Shark Bait","Aaron","Babylon",27,28,"[{""species"" : ""Lionfish Alive"", ""count"" : 2}, {""species"" : ""Nurse Shark"", ""count"" : 1}]"
2161,"2025-06-05",1,"Fin & Tonic","Otto","Third Encounter",30,28,"[{""species"" : null, ""count"" : null}]"
2169,"2025-06-06",2,"Shark Bait","Caroline","Tent Drift",24,27,"[{""species"" : ""Caribbean Reef Shark"", ""count"" : 2}, {""species"" : ""Nurse Shark"", ""count"" : 1}, {""species"" : ""Lionfish Alive"", ""count"" : 2}]"
2164,"2025-06-06",1,"Fin & Tonic","Otto","Man of War Shoals",22,28,"[{""species"" : null, ""count"" : null}]"
2165,"2025-06-06",2,"Fin & Tonic","Caroline","Babylon",24,27,"[{""species"" : null, ""count"" : null}]"
2166,"2025-06-06",2,"Fin & Tonic","Otto","Babylon",22,28,"[{""species"" : null, ""count"" : null}]"
2167,"2025-06-06",3,"Fin & Tonic","Otto","Muck Dive",18,28,"[{""species"" : null, ""count"" : null}]"
2168,"2025-06-06",1,"Shark Bait","Caroline","Tedran Wall",30,27,"[{""species"" : ""Lionfish Alive"", ""count"" : 1}, {""species"" : ""Nurse Shark"", ""count"" : 1}]"
2173,"2025-06-08",1,"Shark Bait","Aaron","Hot Springs",22,28,"[{""species"" : ""Hawksbill Turtle"", ""count"" : 1}, {""species"" : ""Caribbean Reef Shark"", ""count"" : 1}, {""species"" : ""Nurse Shark"", ""count"" : 1}, {""species"" : ""Green Turtle"", ""count"" : 10}]"
2170,"2025-06-08",1,"Shark Bait","Caroline","Hot Springs",22,27,"[{""species"" : null, ""count"" : null}]"
2171,"2025-06-08",2,"Shark Bait","Caroline","Babylon",21,27,"[{""species"" : ""Lionfish Alive"", ""count"" : 3}]"
2172,"2025-06-09",1,"Shark Bait","Aaron","Twilight Zone",33,28,"[{""species"" : ""Lionfish Dead"", ""count"" : 2}, {""species"" : ""Nassau Grouper"", ""count"" : 1}, {""species"" : ""Yellowfin Grouper"", ""count"" : 2}]"
2177,"2025-06-10",1,"Shark Bait","Otto","Customs House",27,28,"[{""species"" : null, ""count"" : null}]"
2178,"2025-06-10",2,"Shark Bait","Otto","Ladder Labyrinth",21,28,"[{""species"" : null, ""count"" : null}]"
2174,"2025-06-10",1,"Shark Bait","Aaron","Customs House",30,28,"[{""species"" : ""Green Turtle"", ""count"" : 4}, {""species"" : ""Hawksbill Turtle"", ""count"" : 1}, {""species"" : ""Southern Stingray"", ""count"" : 2}, {""species"" : ""Yellowfin Grouper"", ""count"" : 1}, {""species"" : ""Lionfish Alive"", ""count"" : 4}]"
2180,"2025-06-11",2,"Shark Bait","Otto","Man of War Shoals",22,27,"[{""species"" : null, ""count"" : null}]"
2175,"2025-06-11",2,"Shark Bait","Caroline","Man of War Shoals",21,27,"[{""species"" : null, ""count"" : null}]"
2176,"2025-06-11",1,"Shark Bait","Aaron","Hot Springs",24,28,"[{""species"" : ""Hawksbill Turtle"", ""count"" : 2}, {""species"" : ""Green Turtle"", ""count"" : 12}, {""species"" : ""Nurse Shark"", ""count"" : 1}]"
2179,"2025-06-11",1,"Shark Bait","Otto","Hot Springs",21,27,"[{""species"" : null, ""count"" : null}]"
2181,"2025-06-12",3,"Shark Bait","Caroline","Torrens Point",11,27,"[{""species"" : null, ""count"" : null}]"
2182,"2025-06-12",1,"Shark Bait","Otto","Tent Reef Wall",29,28,"[{""species"" : ""Caribbean Reef Shark"", ""count"" : 2}, {""species"" : ""Green Turtle"", ""count"" : 1}]"
2183,"2025-06-12",2,"Shark Bait","Aaron","Ladder Labyrinth",22,28,"[{""species"" : ""Nurse Shark"", ""count"" : 2}, {""species"" : ""Yellowfin Grouper"", ""count"" : 1}, {""species"" : ""Roughtail Stingray"", ""count"" : 1}]"
2184,"2025-06-13",1,"Shark Bait","Caroline","Babylon",12,27,"[{""species"" : null, ""count"" : null}]"
2185,"2025-06-13",1,"Shark Bait","Chad","Babylon",24,27,"[{""species"" : ""Nurse Shark"", ""count"" : 3}, {""species"" : ""Green Turtle"", ""count"" : 1}, {""species"" : ""Lionfish Alive"", ""count"" : 1}]"
2186,"2025-06-13",2,"Shark Bait","Caroline","Rays and Anchors",14,27,"[{""species"" : null, ""count"" : null}]"
2187,"2025-06-13",3,"Shark Bait","Caroline","Hot Springs",18,27,"[{""species"" : null, ""count"" : null}]"
2189,"2025-06-14",1,"Shark Bait","Lenny","Diamond Rock",26,27,"[{""species"" : ""Southern Stingray"", ""count"" : 3}, {""species"" : ""Yellowfin Grouper"", ""count"" : 2}, {""species"" : ""Tiger Grouper"", ""count"" : 3}, {""species"" : ""Lionfish Alive"", ""count"" : 1}, {""species"" : ""Blacktip Reef Shark"", ""count"" : 1}, {""species"" : ""Caribbean Reef Shark"", ""count"" : 1}, {""species"" : ""Green Turtle"", ""count"" : 4}]"
2188,"2025-06-14",3,"Shark Bait","Caroline","Hot Springs",12,27,"[{""species"" : null, ""count"" : null}]"
2190,"2025-06-14",3,"Shark Bait","Lenny","Hot Springs",23,27,"[{""species"" : ""Lionfish Alive"", ""count"" : 1}, {""species"" : ""Green Turtle"", ""count"" : 15}, {""species"" : ""Nurse Shark"", ""count"" : 2}, {""species"" : ""Southern Stingray"", ""count"" : 7}, {""species"" : ""Tiger Grouper"", ""count"" : 1}, {""species"" : ""Lettuce Sea Slug"", ""count"" : 3}]"
2191,"2025-06-15",1,"Shark Bait","Caroline","Tent Shallow",12,27,"[{""species"" : null, ""count"" : null}]"
2192,"2025-06-15",2,"Shark Bait","Caroline","Hot Springs",18,27,"[{""species"" : null, ""count"" : null}]"
2193,"2025-06-15",3,"Shark Bait","Caroline","Tent Boulders",18,27,"[{""species"" : null, ""count"" : null}]"
2194,"2025-06-15",1,"Shark Bait","Lenny","Tent Shallow",24,27,"[{""species"" : ""Lionfish Alive"", ""count"" : 3}, {""species"" : ""Tiger Grouper"", ""count"" : 4}, {""species"" : ""Lettuce Sea Slug"", ""count"" : 8}, {""species"" : ""Long Snout Seahorse"", ""count"" : 1}, {""species"" : ""Green Turtle"", ""count"" : 2}, {""species"" : ""Caribbean Reef Shark"", ""count"" : 1}, {""species"" : ""Southern Stingray"", ""count"" : 4}, {""species"" : ""Yellowfin Grouper"", ""count"" : 1}]"
2195,"2025-06-15",3,"Shark Bait","Lenny","Tent Boulders",23,27,"[{""species"" : ""Tiger Grouper"", ""count"" : 1}, {""species"" : ""Caribbean Reef Shark"", ""count"" : 1}, {""species"" : ""Lettuce Sea Slug"", ""count"" : 10}, {""species"" : ""Long Snout Seahorse"", ""count"" : 1}, {""species"" : ""Lionfish Alive"", ""count"" : 2}, {""species"" : ""Green Turtle"", ""count"" : 2}, {""species"" : ""Southern Stingray"", ""count"" : 3}, {""species"" : ""Yellowfin Grouper"", ""count"" : 2}]"
2196,"2025-06-15",2,"Shark Bait","Aaron","Hot Springs",24,28,"[{""species"" : ""Green Turtle"", ""count"" : 8}, {""species"" : ""Leech Head Shield Slug"", ""count"" : 1}, {""species"" : ""Nurse Shark"", ""count"" : 1}]"
2197,"2025-06-15",2,"Shark Bait","Jack","Tent Shallow",22,27,"[{""species"" : ""Southern Stingray"", ""count"" : 1}, {""species"" : ""Green Turtle"", ""count"" : 3}, {""species"" : ""Nurse Shark"", ""count"" : 2}]"
2198,"2025-06-15",3,"Shark Bait","Jack","Tent Boulders",22,27,"[{""species"" : ""Southern Stingray"", ""count"" : 2}, {""species"" : ""Blacktip Reef Shark"", ""count"" : 1}, {""species"" : ""Nurse Shark"", ""count"" : 2}]"
2199,"2025-06-16",1,"Shark Bait","Otto","Third Encounter",34,28,"[{""species"" : ""Caribbean Reef Shark"", ""count"" : 1}]"
2200,"2025-06-16",1,"Shark Bait","Vicky","Customs House",27,28,"[{""species"" : ""Southern Stingray"", ""count"" : 1}, {""species"" : ""Leech Head Shield Slug"", ""count"" : 1}]"
2201,"2025-06-17",1,"Shark Bait","Otto","Customs House",29,28,"[{""species"" : ""Caribbean Reef Shark"", ""count"" : 1}]"
2202,"2025-06-18",1,"Shark Bait","Aaron","Tent Deep",24,28,"[{""species"" : ""Lionfish Alive"", ""count"" : 3}, {""species"" : ""Green Turtle"", ""count"" : 2}, {""species"" : ""Yellowfin Grouper"", ""count"" : 1}, {""species"" : ""Long Snout Seahorse"", ""count"" : 1}]"
2203,"2025-06-18",1,"Shark Bait","Otto","Tent Deep",26,28,"[{""species"" : null, ""count"" : null}]"
2204,"2025-06-18",2,"Shark Bait","Otto","Man of War Shoals",22,28,"[{""species"" : null, ""count"" : null}]"
2205,"2025-06-18",1,"Shark Bait","Vicky","Tent Deep",26,28,"[{""species"" : ""Long Snout Seahorse"", ""count"" : 1}, {""species"" : ""Green Turtle"", ""count"" : 2}]"
2206,"2025-06-18",2,"Fin & Tonic","Caroline","Big Rock Deep",20,27,"[{""species"" : ""Nurse Shark"", ""count"" : 3}, {""species"" : ""Lionfish Alive"", ""count"" : 2}]"
2207,"2025-06-18",2,"Shark Bait","Vicky","Man of War Shoals",22,28,"[{""species"" : ""Green Turtle"", ""count"" : 2}, {""species"" : ""Tiger Grouper"", ""count"" : 1}, {""species"" : ""Southern Stingray"", ""count"" : 2}, {""species"" : ""Lettuce Sea Slug"", ""count"" : 5}]"
2208,"2025-06-18",3,"Fin & Tonic","Caroline","Tent Shallow",24,27,"[{""species"" : ""Lionfish Alive"", ""count"" : 3}, {""species"" : ""Caribbean Reef Shark"", ""count"" : 1}]"
2209,"2025-06-18",1,"Fin & Tonic","Lenny","Customs House",27,27,"[{""species"" : ""Lionfish Alive"", ""count"" : 2}, {""species"" : ""Green Turtle"", ""count"" : 4}, {""species"" : ""Southern Stingray"", ""count"" : 3}, {""species"" : ""Nassau Grouper"", ""count"" : 2}, {""species"" : ""Tiger Grouper"", ""count"" : 1}, {""species"" : ""Lettuce Sea Slug"", ""count"" : 2}, {""species"" : ""Hawksbill Turtle"", ""count"" : 1}]"
2210,"2025-06-19",1,"Shark Bait","Vicky","Third Encounter",10,-2,"[{""species"" : ""Lionfish Alive"", ""count"" : 2}, {""species"" : ""Nassau Grouper"", ""count"" : 1}, {""species"" : ""Caribbean Reef Shark"", ""count"" : 2}]"
2211,"2025-06-19",1,"Shark Bait","Otto","Third Encounter",32,28,"[{""species"" : ""Caribbean Reef Shark"", ""count"" : 2}]"
2212,"2025-06-19",2,"Shark Bait","Vicky","Diamond Rock",24,28,"[{""species"" : ""Southern Stingray"", ""count"" : 2}, {""species"" : ""Lionfish Alive"", ""count"" : 1}, {""species"" : ""Lettuce Sea Slug"", ""count"" : 2}, {""species"" : ""Tiger Grouper"", ""count"" : 1}, {""species"" : ""Green Turtle"", ""count"" : 2}]"
2213,"2025-06-19",2,"Shark Bait","Otto","Diamond Rock",25,28,"[{""species"" : ""Green Turtle"", ""count"" : 3}]"
2214,"2025-06-19",1,"Fin & Tonic","Lenny","Hot Springs",24,27,"[{""species"" : ""Lettuce Sea Slug"", ""count"" : 3}, {""species"" : ""Green Turtle"", ""count"" : 6}, {""species"" : ""Nurse Shark"", ""count"" : 1}, {""species"" : ""Southern Stingray"", ""count"" : 4}, {""species"" : ""Nassau Grouper"", ""count"" : 1}]"
2215,"2025-06-19",1,"Shark Bait","Aaron","Third Encounter",33,28,"[{""species"" : ""Tiger Grouper"", ""count"" : 1}, {""species"" : ""Caribbean Reef Shark"", ""count"" : 6}, {""species"" : ""Nassau Grouper"", ""count"" : 1}, {""species"" : ""Lionfish Alive"", ""count"" : 2}, {""species"" : ""Yellowfin Grouper"", ""count"" : 2}]"
2216,"2025-06-19",3,"Shark Bait","Aaron","Hot Springs",22,28,"[{""species"" : ""Green Turtle"", ""count"" : 5}]"
2217,"2025-06-20",2,"Fin & Tonic","Caroline","Man of War Shoals",21,27,"[{""species"" : null, ""count"" : null}]"
2218,"2025-06-20",3,"Fin & Tonic","Caroline","Hot Springs",20,27,"[{""species"" : null, ""count"" : null}]"
2219,"2025-06-20",1,"Shark Bait","Chad","Man of War Shoals",21,27,"[{""species"" : ""White-nosed Pipefish"", ""count"" : 1}, {""species"" : ""Nassau Grouper"", ""count"" : 1}, {""species"" : ""Green Turtle"", ""count"" : 1}, {""species"" : ""Lettuce Sea Slug"", ""count"" : 2}]"
2229,"2025-06-22",1,"Shark Bait","Vicky","50 50",22,28,"[{""species"" : ""Green Turtle"", ""count"" : 6}, {""species"" : ""Lettuce Sea Slug"", ""count"" : 4}]"
2239,"2025-06-22",2,"Fin & Tonic","Robins","Man of War Shoals",22,27,"[{""species"" : ""Green Turtle"", ""count"" : 3}]"
2220,"2025-06-22",2,"Northern Sky","Caroline","Ladder Drift",24,27,"[{""species"" : null, ""count"" : null}]"
2221,"2025-06-22",1,"Fin & Tonic","Otto","Customs House",27,28,"[{""species"" : ""Caribbean Reef Shark"", ""count"" : 1}]"
2222,"2025-06-22",3,"Fin & Tonic","Otto","Tent Shallow",24,28,"[{""species"" : ""Green Turtle"", ""count"" : 3}]"
2223,"2025-06-22",1,"Northern Sky","Lenny","Babylon",27,27,"[{""species"" : ""Green Turtle"", ""count"" : 4}, {""species"" : ""Nurse Shark"", ""count"" : 5}, {""species"" : ""Lettuce Sea Slug"", ""count"" : 5}, {""species"" : ""Lionfish Alive"", ""count"" : 2}, {""species"" : ""Yellowfin Grouper"", ""count"" : 2}, {""species"" : ""Southern Stingray"", ""count"" : 2}]"
2224,"2025-06-22",3,"Northern Sky","Lenny","Tent Reef",24,27,"[{""species"" : ""Nurse Shark"", ""count"" : 2}, {""species"" : ""Lionfish Alive"", ""count"" : 2}, {""species"" : ""Long Snout Seahorse"", ""count"" : 1}, {""species"" : ""White-nosed Pipefish"", ""count"" : 1}, {""species"" : ""Lettuce Sea Slug"", ""count"" : 6}, {""species"" : ""Tiger Grouper"", ""count"" : 2}, {""species"" : ""Southern Stingray"", ""count"" : 1}, {""species"" : ""Hawksbill Turtle"", ""count"" : 1}, {""species"" : ""Green Turtle"", ""count"" : 2}]"
2225,"2025-06-22",2,"Shark Bait","Aaron","Tent Shallow",24,28,"[{""species"" : ""Yellowfin Grouper"", ""count"" : 1}, {""species"" : ""Green Turtle"", ""count"" : 4}, {""species"" : ""Hawksbill Turtle"", ""count"" : 1}, {""species"" : ""Long Snout Seahorse"", ""count"" : 1}]"
2226,"2025-06-22",3,"Shark Bait","Aaron","Man of War Shoals",22,28,"[{""species"" : ""Hawksbill Turtle"", ""count"" : 1}, {""species"" : ""Green Turtle"", ""count"" : 4}, {""species"" : ""Yellowfin Grouper"", ""count"" : 1}]"
2230,"2025-06-22",2,"Shark Bait","Vicky","Tent Shallow",22,28,"[{""species"" : ""Long Snout Seahorse"", ""count"" : 1}, {""species"" : ""Green Turtle"", ""count"" : 4}, {""species"" : ""Lettuce Sea Slug"", ""count"" : 5}, {""species"" : ""Lionfish Alive"", ""count"" : 1}]"
2231,"2025-06-23",1,"Northern Sky","Otto","Shark Shoals",37,28,"[{""species"" : null, ""count"" : null}]"
2227,"2025-06-23",1,"Shark Bait","Vicky","Customs House",27,28,"[{""species"" : ""Leech Head Shield Slug"", ""count"" : 6}, {""species"" : ""Green Turtle"", ""count"" : 1}, {""species"" : ""Nurse Shark"", ""count"" : 1}, {""species"" : ""Lionfish Alive"", ""count"" : 1}]"
2228,"2025-06-23",2,"Shark Bait","Vicky","Tent Reef Wall",24,28,"[{""species"" : ""Caribbean Reef Shark"", ""count"" : 1}, {""species"" : ""Flamingo Tongue"", ""count"" : 1}]"
2232,"2025-06-23",2,"Northern Sky","Otto","50 50",24,28,"[{""species"" : ""Green Turtle"", ""count"" : 4}, {""species"" : ""Nurse Shark"", ""count"" : 1}]"
2233,"2025-06-23",3,"Northern Sky","Otto","50 50",15,28,"[{""species"" : ""Caribbean Reef Shark"", ""count"" : 1}]"
2234,"2025-06-23",2,"Shark Bait","Aaron","Tent Reef Wall",24,28,"[{""species"" : ""Green Turtle"", ""count"" : 1}, {""species"" : ""Caribbean Reef Shark"", ""count"" : 1}]"
2235,"2025-06-23",3,"Shark Bait","Aaron","Torrens Point",17,28,"[{""species"" : ""Green Turtle"", ""count"" : 2}, {""species"" : ""Caribbean Reef Shark"", ""count"" : 1}, {""species"" : ""Lionfish Alive"", ""count"" : 2}, {""species"" : ""Lionfish Dead"", ""count"" : 2}]"
2236,"2025-06-23",3,"Fin & Tonic","Chad","Torrens Point",18,27,"[{""species"" : ""Green Turtle"", ""count"" : 1}, {""species"" : ""Caribbean Reef Shark"", ""count"" : 1}, {""species"" : ""Southern Stingray"", ""count"" : 5}, {""species"" : ""Longspine Sea Urchin"", ""count"" : 2}, {""species"" : ""Lionfish Alive"", ""count"" : 2}, {""species"" : ""Lionfish Dead"", ""count"" : 3}]"
2237,"2025-06-23",1,"Fin & Tonic","Chad","50 50",24,27,"[{""species"" : ""Green Turtle"", ""count"" : 8}, {""species"" : ""Caribbean Reef Shark"", ""count"" : 1}, {""species"" : ""Southern Stingray"", ""count"" : 2}, {""species"" : ""Nassau Grouper"", ""count"" : 1}, {""species"" : ""Longspine Sea Urchin"", ""count"" : 1}]"
2238,"2025-06-23",2,"Fin & Tonic","Robins","Diamond Rock",22,27,"[{""species"" : ""Green Turtle"", ""count"" : 6}, {""species"" : ""Caribbean Reef Shark"", ""count"" : 2}, {""species"" : ""Southern Stingray"", ""count"" : 7}]"
2240,"2025-06-24",2,"Northern Sky","Lenny","Tent Deep",27,27,"[{""species"" : ""Lettuce Sea Slug"", ""count"" : 2}, {""species"" : ""Green Turtle"", ""count"" : 3}, {""species"" : ""Hawksbill Turtle"", ""count"" : 1}, {""species"" : ""Southern Stingray"", ""count"" : 2}, {""species"" : ""Tiger Grouper"", ""count"" : 3}, {""species"" : ""Flamingo Tongue"", ""count"" : 1}, {""species"" : ""Long Snout Seahorse"", ""count"" : 1}, {""species"" : ""Lionfish Alive"", ""count"" : 2}]"
2242,"2025-06-24",2,"Shark Bait","Vicky","Tent Boulders",22,28,"[{""species"" : ""Caribbean Reef Shark"", ""count"" : 1}, {""species"" : ""Lettuce Sea Slug"", ""count"" : 45}]"
2243,"2025-06-24",1,"Fin & Tonic","Otto","Ladder Drift",24,28,"[{""species"" : ""Nurse Shark"", ""count"" : 2}, {""species"" : ""Caribbean Reef Shark"", ""count"" : 1}]"
2244,"2025-06-24",2,"Fin & Tonic","Otto","Tent Reef",24,28,"[{""species"" : ""Hawksbill Turtle"", ""count"" : 1}, {""species"" : ""Green Turtle"", ""count"" : 3}]"
2245,"2025-06-24",1,"Northern Sky","Caroline","Ladder Drift",30,27,"[{""species"" : null, ""count"" : null}]"
2246,"2025-06-24",2,"Northern Sky","Caroline","Tent Deep",30,27,"[{""species"" : null, ""count"" : null}]"
2256,"2025-06-24",3,"Shark Bait","Aaron","Torrens Point",17,28,"[{""species"" : ""Green Turtle"", ""count"" : 1}, {""species"" : ""Caribbean Reef Shark"", ""count"" : 1}]"
2241,"2025-06-24",1,"Shark Bait","Vicky","Shark Shoals",10,-2,"[{""species"" : ""Caribbean Reef Shark"", ""count"" : 1}]"
2248,"2025-06-25",2,"Fin & Tonic","Caroline","Babylon",30,27,"[{""species"" : ""Lionfish Alive"", ""count"" : 4}]"
2249,"2025-06-25",1,"Shark Bait","Vicky","Hot Springs",24,28,"[{""species"" : ""Nurse Shark"", ""count"" : 2}, {""species"" : ""Green Turtle"", ""count"" : 4}, {""species"" : ""Southern Stingray"", ""count"" : 2}]"
2250,"2025-06-25",2,"Shark Bait","Vicky","Rays and Anchors",20,28,"[{""species"" : ""Southern Stingray"", ""count"" : 4}, {""species"" : ""Lionfish Alive"", ""count"" : 1}, {""species"" : ""Green Turtle"", ""count"" : 8}, {""species"" : ""Flamingo Tongue"", ""count"" : 1}]"
2251,"2025-06-25",2,"Northern Sky","Lenny","Man of War Shoals",22,27,"[{""species"" : ""Tiger Grouper"", ""count"" : 4}, {""species"" : ""Flamingo Tongue"", ""count"" : 4}, {""species"" : ""White-nosed Pipefish"", ""count"" : 1}, {""species"" : ""Green Turtle"", ""count"" : 2}, {""species"" : ""Southern Stingray"", ""count"" : 2}, {""species"" : ""Lettuce Sea Slug"", ""count"" : 8}]"
2252,"2025-06-25",1,"Fin & Tonic","Otto","Tedran Wall",34,28,"[{""species"" : ""Caribbean Reef Shark"", ""count"" : 1}]"
2253,"2025-06-25",3,"Fin & Tonic","Otto","Man of War Shoals",22,28,"[{""species"" : null, ""count"" : null}]"
2254,"2025-06-25",1,"Shark Bait","Aaron","Hot Springs",24,28,"[{""species"" : ""Green Turtle"", ""count"" : 3}, {""species"" : ""Nurse Shark"", ""count"" : 1}]"
2255,"2025-06-25",3,"Shark Bait","Aaron","Diamond Rock",24,28,"[{""species"" : ""Green Turtle"", ""count"" : 1}, {""species"" : ""Lionfish Alive"", ""count"" : 2}, {""species"" : ""Yellowfin Grouper"", ""count"" : 3}, {""species"" : ""Caribbean Reef Shark"", ""count"" : 3}]"
2247,"2025-06-25",1,"Fin & Tonic","Caroline","Tedran Wall",40,27,"[{""species"" : null, ""count"" : null}]"
2257,"2025-06-26",1,"Shark Bait","Vicky","Hot Springs",25,28,"[{""species"" : ""Southern Stingray"", ""count"" : 2}, {""species"" : ""Green Turtle"", ""count"" : 4}, {""species"" : ""Leech Head Shield Slug"", ""count"" : 1}]"
2258,"2025-06-26",3,"Fin & Tonic","Jack","Torrens Point",14,27,"[{""species"" : ""Blacktip Reef Shark"", ""count"" : 1}, {""species"" : ""Southern Stingray"", ""count"" : 1}, {""species"" : ""Green Turtle"", ""count"" : 2}]"
2259,"2025-06-26",2,"Shark Bait","Otto","Torrens Point",14,28,"[{""species"" : null, ""count"" : null}]"
2260,"2025-06-26",2,"Fin & Tonic","Aaron","Babylon",27,28,"[{""species"" : ""Hawksbill Turtle"", ""count"" : 1}, {""species"" : ""Nurse Shark"", ""count"" : 1}]"
2261,"2025-06-26",1,"Fin & Tonic","Caroline","Customs House",25,27,"[{""species"" : null, ""count"" : null}]"
2262,"2025-06-26",2,"Fin & Tonic","Caroline","Babylon",19,27,"[{""species"" : ""Lionfish Alive"", ""count"" : 3}]"
2263,"2025-06-26",1,"Shark Bait","Chad","Hot Springs",24,28,"[{""species"" : ""Southern Stingray"", ""count"" : 2}, {""species"" : ""Green Turtle"", ""count"" : 3}]"
2264,"2025-06-26",2,"Shark Bait","Chad","Torrens Point",14,28,"[{""species"" : ""Southern Stingray"", ""count"" : 3}]"
2265,"2025-06-29",1,"Fin & Tonic","Vicky","Customs House",27,28,"[{""species"" : ""Lionfish Alive"", ""count"" : 1}, {""species"" : ""Green Turtle"", ""count"" : 1}, {""species"" : ""Caribbean Reef Shark"", ""count"" : 1}, {""species"" : ""Nurse Shark"", ""count"" : 2}, {""species"" : ""Southern Stingray"", ""count"" : 1}]"
2266,"2025-06-29",1,"Shark Bait","Aaron","Babylon",24,28,"[{""species"" : ""Nurse Shark"", ""count"" : 1}]"
2267,"2025-06-29",1,"Shark Bait","Otto","Babylon",24,28,"[{""species"" : null, ""count"" : null}]"
2290,"2025-06-29",2,"Shark Bait","Robins ","Hot Springs",24,28,"[{""species"" : ""Flamingo Tongue"", ""count"" : 6}, {""species"" : ""Green Turtle"", ""count"" : 18}, {""species"" : ""Nurse Shark"", ""count"" : 3}, {""species"" : ""Yellowfin Grouper"", ""count"" : 2}, {""species"" : ""Magnificent Urchin"", ""count"" : 2}, {""species"" : ""Lettuce Sea Slug"", ""count"" : 12}]"
2268,"2025-06-29",2,"Shark Bait","Otto","Hot Springs",21,28,"[{""species"" : null, ""count"" : null}]"
2269,"2025-06-29",2,"Fin & Tonic","Lenny","Tent Shallow",24,27,"[{""species"" : ""Tiger Grouper"", ""count"" : 2}, {""species"" : ""Green Turtle"", ""count"" : 3}, {""species"" : ""Southern Stingray"", ""count"" : 3}, {""species"" : ""Lettuce Sea Slug"", ""count"" : 4}, {""species"" : ""Flamingo Tongue"", ""count"" : 3}, {""species"" : ""Lionfish Alive"", ""count"" : 2}]"
2270,"2025-06-29",3,"Shark Bait","Aaron","Tent Reef",23,28,"[{""species"" : ""Green Turtle"", ""count"" : 4}, {""species"" : ""Nurse Shark"", ""count"" : 4}, {""species"" : ""Yellowfin Grouper"", ""count"" : 1}, {""species"" : ""Lettuce Sea Slug"", ""count"" : 20}, {""species"" : ""Long Snout Seahorse"", ""count"" : 1}]"
2271,"2025-06-29",3,"Fin & Tonic","Lenny","Ladder Labyrinth",21,27,"[{""species"" : ""Flamingo Tongue"", ""count"" : 2}, {""species"" : ""Lettuce Sea Slug"", ""count"" : 6}, {""species"" : ""Green Turtle"", ""count"" : 2}, {""species"" : ""Southern Stingray"", ""count"" : 5}, {""species"" : ""Yellowfin Grouper"", ""count"" : 2}, {""species"" : ""Tiger Grouper"", ""count"" : 1}]"
2272,"2025-06-30",1,"Shark Bait","Vicky","Customs House",26,28,"[{""species"" : ""Caribbean Reef Shark"", ""count"" : 1}, {""species"" : ""Green Turtle"", ""count"" : 2}, {""species"" : ""Lionfish Alive"", ""count"" : 1}]"
2273,"2025-06-30",2,"Shark Bait","Vicky","Man of War Shoals",22,28,"[{""species"" : ""Green Turtle"", ""count"" : 2}, {""species"" : ""Tiger Grouper"", ""count"" : 1}, {""species"" : ""Lettuce Sea Slug"", ""count"" : 4}]"
2274,"2025-06-30",1,"Shark Bait","Aaron","Customs House",25,28,"[{""species"" : ""Caribbean Reef Shark"", ""count"" : 1}, {""species"" : ""Southern Stingray"", ""count"" : 2}, {""species"" : ""Green Turtle"", ""count"" : 3}]"
2275,"2025-06-30",1,"Fin & Tonic","Lenny","Tedran Wall",27,27,"[{""species"" : ""Caribbean Reef Shark"", ""count"" : 2}, {""species"" : ""Southern Stingray"", ""count"" : 4}, {""species"" : ""Tiger Grouper"", ""count"" : 3}, {""species"" : ""Lettuce Sea Slug"", ""count"" : 6}, {""species"" : ""Flamingo Tongue"", ""count"" : 2}, {""species"" : ""Lionfish Alive"", ""count"" : 2}, {""species"" : ""Green Turtle"", ""count"" : 4}, {""species"" : ""Hawksbill Turtle"", ""count"" : 1}]"
2289,"2025-06-30",2,"Shark Bait","Robins ","Man of War Shoals",21,28,"[{""species"" : ""Southern Stingray"", ""count"" : 7}, {""species"" : ""Lettuce Sea Slug"", ""count"" : 10}, {""species"" : ""Yellowfin Grouper"", ""count"" : 2}, {""species"" : ""Green Turtle"", ""count"" : 3}]"
2278,"2025-07-01",1,"Shark Bait","Aaron","Hot Springs",22,28,"[{""species"" : ""Green Turtle"", ""count"" : 5}, {""species"" : ""Caribbean Reef Shark"", ""count"" : 2}]"
2279,"2025-07-01",1,"Shark Bait","Vicky","Hot Springs",7,-2,"[{""species"" : ""Green Turtle"", ""count"" : 8}, {""species"" : ""Southern Stingray"", ""count"" : 2}, {""species"" : ""Lettuce Sea Slug"", ""count"" : 3}]"
2280,"2025-07-01",2,"Shark Bait","Vicky","Ladder Labyrinth",22,28,"[{""species"" : ""Nurse Shark"", ""count"" : 2}]"
2281,"2025-07-01",3,"Shark Bait","Aaron","Tent Deep",22,28,"[{""species"" : ""Long Snout Seahorse"", ""count"" : 1}, {""species"" : ""Nurse Shark"", ""count"" : 2}]"
2288,"2025-07-01",2,"Shark Bait","Robins ","Ladder Labyrinth",24,28,"[{""species"" : ""Flamingo Tongue"", ""count"" : 6}, {""species"" : ""Yellowfin Grouper"", ""count"" : 3}, {""species"" : ""Southern Stingray"", ""count"" : 3}, {""species"" : ""Nurse Shark"", ""count"" : 2}, {""species"" : ""Lettuce Sea Slug"", ""count"" : 8}]"
2276,"2025-07-01",1,"Fin & Tonic","Otto","Twilight Zone",34,28,"[{""species"" : ""Caribbean Reef Shark"", ""count"" : 2}]"
2277,"2025-07-01",2,"Fin & Tonic","Otto","Man of War Shoals",22,28,"[{""species"" : ""Green Turtle"", ""count"" : 4}]"
2285,"2025-07-02",2,"Shark Bait","Vicky","Diamond Rock",26,28,"[{""species"" : ""Caribbean Reef Shark"", ""count"" : 1}, {""species"" : ""Green Turtle"", ""count"" : 1}, {""species"" : ""Southern Stingray"", ""count"" : 1}, {""species"" : ""Tiger Grouper"", ""count"" : 1}]"
2286,"2025-07-02",1,"Fin & Tonic","Otto","Diamond Rock",26,28,"[{""species"" : ""Green Turtle"", ""count"" : 2}]"
2287,"2025-07-02",2,"Shark Bait","Robins ","Diamond Rock",22,27,"[{""species"" : ""Green Turtle"", ""count"" : 4}, {""species"" : ""Caribbean Reef Shark"", ""count"" : 2}]"
2282,"2025-07-02",1,"Shark Bait","Aaron","Twilight Zone",33,28,"[{""species"" : ""Yellowfin Grouper"", ""count"" : 3}, {""species"" : ""Nassau Grouper"", ""count"" : 2}, {""species"" : ""Lionfish Alive"", ""count"" : 4}, {""species"" : ""Tiger Grouper"", ""count"" : 2}]"
2283,"2025-07-02",3,"Shark Bait","Aaron","Tent Boulders",21,28,"[{""species"" : ""Green Turtle"", ""count"" : 1}, {""species"" : ""Nurse Shark"", ""count"" : 1}]"
2284,"2025-07-02",1,"Shark Bait","Vicky","Twilight Zone",31,28,"[{""species"" : ""Lionfish Alive"", ""count"" : 4}]"
2291,"2025-07-03",1,"Shark Bait","Vicky","Shark Shoals",33,28,"[{""species"" : ""Caribbean Reef Shark"", ""count"" : 1}]"
2292,"2025-07-03",2,"Shark Bait","Vicky","Tent Boulders",22,28,"[{""species"" : ""Lionfish Alive"", ""count"" : 2}, {""species"" : ""Lettuce Sea Slug"", ""count"" : 25}, {""species"" : ""Longspine Sea Urchin"", ""count"" : 1}]"
2293,"2025-07-03",1,"Shark Bait","Aaron","Shark Shoals",33,28,"[{""species"" : ""Caribbean Reef Shark"", ""count"" : 2}]"
2294,"2025-07-03",2,"Fin & Tonic","Lenny","Tent Drift",24,27,"[{""species"" : ""Green Turtle"", ""count"" : 3}, {""species"" : ""Tiger Grouper"", ""count"" : 2}, {""species"" : ""Southern Stingray"", ""count"" : 2}, {""species"" : ""Long Snout Seahorse"", ""count"" : 1}, {""species"" : ""Lettuce Sea Slug"", ""count"" : 8}, {""species"" : ""Caribbean Reef Shark"", ""count"" : 1}]"
2295,"2025-07-03",2,"Shark Bait","Robins ","Tent Boulders",22,28,"[{""species"" : ""Fingerprint Cyphoma"", ""count"" : 6}, {""species"" : ""Flamingo Tongue"", ""count"" : 5}, {""species"" : ""Lettuce Sea Slug"", ""count"" : 69}, {""species"" : ""Southern Stingray"", ""count"" : 5}, {""species"" : ""Caribbean Reef Shark"", ""count"" : 1}, {""species"" : ""Lionfish Alive"", ""count"" : 3}, {""species"" : ""Green Turtle"", ""count"" : 2}]"
2296,"2025-07-03",1,"Fin & Tonic","Otto","Abraham's Hole",27,28,"[{""species"" : ""Caribbean Reef Shark"", ""count"" : 2}]"
2297,"2025-07-03",3,"Shark Bait","Robins ","Tent Drift",22,28,"[{""species"" : ""Longspine Sea Urchin"", ""count"" : 8}, {""species"" : ""Yellowfin Grouper"", ""count"" : 3}, {""species"" : ""Southern Stingray"", ""count"" : 6}, {""species"" : ""Green Turtle"", ""count"" : 3}, {""species"" : ""Lionfish Alive"", ""count"" : 4}]"
2298,"2025-07-04",3,"Shark Bait","Caroline","Tent Reef",22,27,"[{""species"" : null, ""count"" : null}]"
2299,"2025-07-06",3,"Fin & Tonic","Caroline","Tent Reef",18,27,"[{""species"" : null, ""count"" : null}]"
2300,"2025-07-06",2,"Fin & Tonic","Lenny","Man of War Shoals",23,27,"[{""species"" : ""Lettuce Sea Slug"", ""count"" : 12}, {""species"" : ""Southern Stingray"", ""count"" : 2}, {""species"" : ""Green Turtle"", ""count"" : 3}, {""species"" : ""Lionfish Alive"", ""count"" : 2}, {""species"" : ""Yellowfin Grouper"", ""count"" : 3}]"
2301,"2025-07-06",3,"Fin & Tonic","Lenny","Tent Reef",24,27,"[{""species"" : ""Lionfish Alive"", ""count"" : 2}, {""species"" : ""Lettuce Sea Slug"", ""count"" : 8}, {""species"" : ""Tiger Grouper"", ""count"" : 3}, {""species"" : ""Southern Stingray"", ""count"" : 2}, {""species"" : ""Green Turtle"", ""count"" : 3}]"
2302,"2025-07-07",1,"Fin & Tonic","Aaron","Customs House",30,28,"[{""species"" : ""Green Turtle"", ""count"" : 1}, {""species"" : ""Lionfish Alive"", ""count"" : 1}, {""species"" : ""Yellowfin Grouper"", ""count"" : 1}, {""species"" : ""Nurse Shark"", ""count"" : 1}]"
2304,"2025-07-07",2,"Fin & Tonic","Lenny","Tent Reef",26,27,"[{""species"" : ""Lettuce Sea Slug"", ""count"" : 10}, {""species"" : ""Lionfish Alive"", ""count"" : 3}, {""species"" : ""Tiger Grouper"", ""count"" : 3}, {""species"" : ""Green Turtle"", ""count"" : 4}, {""species"" : ""Caribbean Reef Shark"", ""count"" : 1}, {""species"" : ""Southern Stingray"", ""count"" : 2}]"
2303,"2025-07-07",3,"Fin & Tonic","Aaron","Tent Reef",24,28,"[{""species"" : ""Green Turtle"", ""count"" : 2}, {""species"" : ""Lionfish Alive"", ""count"" : 2}]"
2305,"2025-07-08",1,"Fin & Tonic","Aaron","Tent Reef Wall",30,28,"[{""species"" : ""Caribbean Reef Shark"", ""count"" : 1}, {""species"" : ""Green Turtle"", ""count"" : 1}]"
2309,"2025-07-09",3,"Fin & Tonic","Aaron","Tent Boulders",12,28,"[{""species"" : ""Green Turtle"", ""count"" : 2}, {""species"" : ""Yellowfin Grouper"", ""count"" : 2}]"
2307,"2025-07-09",2,"Shark Bait","Vicky","Man of War Shoals",22,28,"[{""species"" : ""Southern Stingray"", ""count"" : 2}, {""species"" : ""Green Turtle"", ""count"" : 2}, {""species"" : ""Tiger Grouper"", ""count"" : 1}, {""species"" : ""Lettuce Sea Slug"", ""count"" : 4}]"
2306,"2025-07-09",1,"Shark Bait","Vicky","Hot Springs",20,28,"[{""species"" : ""Green Turtle"", ""count"" : 6}, {""species"" : ""Lettuce Sea Slug"", ""count"" : 3}, {""species"" : ""Southern Stingray"", ""count"" : 2}, {""species"" : ""Leech Head Shield Slug"", ""count"" : 1}]"
2308,"2025-07-09",1,"Fin & Tonic","Aaron","Diamond Rock",24,28,"[{""species"" : ""Yellowfin Grouper"", ""count"" : 3}, {""species"" : ""Lionfish Alive"", ""count"" : 1}, {""species"" : ""Green Turtle"", ""count"" : 8}, {""species"" : ""Caribbean Reef Shark"", ""count"" : 2}]"
2310,"2025-07-10",2,"Fin & Tonic","Aaron","Hot Springs",22,28,"[{""species"" : ""Green Turtle"", ""count"" : 8}, {""species"" : ""Nurse Shark"", ""count"" : 1}, {""species"" : ""Hawksbill Turtle"", ""count"" : 1}]"
2312,"2025-07-11",3,"Shark Bait","Otto","Hot Springs",18,28,"[{""species"" : ""Nurse Shark"", ""count"" : 4}]"
2311,"2025-07-11",1,"Shark Bait","Otto","Shark Shoals",34,28,"[{""species"" : null, ""count"" : null}]"
2313,"2025-07-14",1,"Shark Bait","Otto","Babylon",27,27,"[{""species"" : null, ""count"" : null}]"
2314,"2025-07-14",3,"Shark Bait","Otto","Tent Boulders",34,27,"[{""species"" : null, ""count"" : null}]"
2316,"2025-07-15",1,"Shark Bait","Aaron","Customs House",30,28,"[{""species"" : ""Hawksbill Turtle"", ""count"" : 1}, {""species"" : ""Green Turtle"", ""count"" : 3}, {""species"" : ""Yellowfin Grouper"", ""count"" : 2}, {""species"" : ""Lionfish Alive"", ""count"" : 1}]"
2323,"2025-07-15",3,"Fin & Tonic","Otto","Third Encounter",53,28,"[{""species"" : ""Caribbean Reef Shark"", ""count"" : 2}]"
2317,"2025-07-15",2,"Shark Bait","Aaron","Diamond Rock",24,28,"[{""species"" : ""Lionfish Alive"", ""count"" : 1}, {""species"" : ""Caribbean Reef Shark"", ""count"" : 3}, {""species"" : ""Yellowfin Grouper"", ""count"" : 4}]"
2315,"2025-07-15",3,"Shark Bait","Vicky","Hot Springs",24,28,"[{""species"" : ""Southern Stingray"", ""count"" : 3}, {""species"" : ""Leech Head Shield Slug"", ""count"" : 1}, {""species"" : ""Lettuce Sea Slug"", ""count"" : 3}, {""species"" : ""Longspine Sea Urchin"", ""count"" : 1}, {""species"" : ""Green Turtle"", ""count"" : 9}]"
2322,"2025-07-16",3,"Fin & Tonic","Otto","Third Encounter",53,28,"[{""species"" : null, ""count"" : null}]"
2318,"2025-07-16",1,"Shark Bait","Vicky","Tedran Wall",26,28,"[{""species"" : ""Green Turtle"", ""count"" : 1}, {""species"" : ""Lionfish Alive"", ""count"" : 1}, {""species"" : ""Flamingo Tongue"", ""count"" : 1}]"
2319,"2025-07-16",2,"Shark Bait","Vicky","Tent Deep",23,28,"[{""species"" : ""Lettuce Sea Slug"", ""count"" : 1}, {""species"" : ""Lionfish Alive"", ""count"" : 1}, {""species"" : ""Green Turtle"", ""count"" : 1}]"
2320,"2025-07-16",1,"Shark Bait","Aaron","Tedran Wall",33,28,"[{""species"" : ""Green Turtle"", ""count"" : 3}]"
2325,"2025-07-17",2,"Shark Bait","Lenny","Muck Dive",21,27,"[{""species"" : ""Southern Stingray"", ""count"" : 2}, {""species"" : ""Green Turtle"", ""count"" : 3}, {""species"" : ""Lionfish Alive"", ""count"" : 2}]"
2321,"2025-07-17",2,"Shark Bait","Otto","Muck Dive",18,28,"[{""species"" : ""Reef Urchin"", ""count"" : 5}, {""species"" : ""Green Turtle"", ""count"" : 1}, {""species"" : ""Southern Stingray"", ""count"" : 1}]"
2324,"2025-07-17",1,"Shark Bait","Lenny","Big Rock Deep",23,27,"[{""species"" : ""Lettuce Sea Slug"", ""count"" : 10}, {""species"" : ""Nurse Shark"", ""count"" : 4}, {""species"" : ""Southern Stingray"", ""count"" : 3}, {""species"" : ""Nassau Grouper"", ""count"" : 1}, {""species"" : ""Tiger Grouper"", ""count"" : 2}, {""species"" : ""Lionfish Alive"", ""count"" : 5}]"
2345,"2025-07-18",2,"Shark Bait","Lenny","Big Rock Deep",23,27,"[{""species"" : ""Green Turtle"", ""count"" : 2}, {""species"" : ""Caribbean Reef Shark"", ""count"" : 1}, {""species"" : ""Nurse Shark"", ""count"" : 5}, {""species"" : ""Southern Stingray"", ""count"" : 4}, {""species"" : ""Lettuce Sea Slug"", ""count"" : 10}, {""species"" : ""Lionfish Alive"", ""count"" : 13}, {""species"" : ""Nassau Grouper"", ""count"" : 2}, {""species"" : ""Yellowfin Grouper"", ""count"" : 3}, {""species"" : ""Tiger Grouper"", ""count"" : 6}]"
2335,"2025-07-18",1,"Shark Bait","Otto","Tent Drift",25,28,"[{""species"" : null, ""count"" : null}]"
2336,"2025-07-18",3,"Shark Bait","Otto","Hole in the Corner",23,28,"[{""species"" : ""Caribbean Reef Shark"", ""count"" : 1}, {""species"" : ""Nurse Shark"", ""count"" : 1}]"
2326,"2025-07-19",1,"Shark Bait","Lenny","Shark Shoals",32,27,"[{""species"" : ""Lettuce Sea Slug"", ""count"" : 2}, {""species"" : ""Caribbean Reef Shark"", ""count"" : 5}, {""species"" : ""Nassau Grouper"", ""count"" : 2}, {""species"" : ""Yellowfin Grouper"", ""count"" : 4}, {""species"" : ""Lionfish Alive"", ""count"" : 4}]"
2328,"2025-07-19",2,"Shark Bait","Lenny","Hot Springs",23,27,"[{""species"" : ""Southern Stingray"", ""count"" : 5}, {""species"" : ""Green Turtle"", ""count"" : 12}, {""species"" : ""Nurse Shark"", ""count"" : 1}, {""species"" : ""Lionfish Alive"", ""count"" : 1}, {""species"" : ""Tiger Grouper"", ""count"" : 2}, {""species"" : ""Lettuce Sea Slug"", ""count"" : 4}]"
2334,"2025-07-19",2,"Shark Bait","Donné","Man of War Shoals",21,27,"[{""species"" : null, ""count"" : null}]"
2332,"2025-07-20",3,"Shark Bait","Donne","Hot Springs",19,27,"[{""species"" : ""Roughtail Stingray"", ""count"" : 1}, {""species"" : ""Green Turtle"", ""count"" : 6}, {""species"" : ""Caribbean Reef Shark"", ""count"" : 1}, {""species"" : ""Lettuce Sea Slug"", ""count"" : 9}]"
2333,"2025-07-20",2,"Shark Bait","Lenny/Donne","Tent Drift",21,29,"[{""species"" : ""Green Turtle"", ""count"" : 3}, {""species"" : ""Nurse Shark"", ""count"" : 1}]"
2327,"2025-07-20",1,"Shark Bait","Aaron","Customs House",30,29,"[{""species"" : ""Hawksbill Turtle"", ""count"" : 1}, {""species"" : ""Green Turtle"", ""count"" : 2}, {""species"" : ""Lionfish Alive"", ""count"" : 4}]"
2330,"2025-07-20",1,"Shark Bait","Lenny","Customs House",24,27,"[{""species"" : ""Lettuce Sea Slug"", ""count"" : 2}, {""species"" : ""Green Turtle"", ""count"" : 5}, {""species"" : ""Hawksbill Turtle"", ""count"" : 1}, {""species"" : ""Southern Stingray"", ""count"" : 4}, {""species"" : ""Nassau Grouper"", ""count"" : 2}, {""species"" : ""Tiger Grouper"", ""count"" : 3}, {""species"" : ""Lionfish Alive"", ""count"" : 5}]"
2329,"2025-07-20",3,"Shark Bait","Aaron","Hot Springs",22,29,"[{""species"" : ""Green Turtle"", ""count"" : 6}]"
2331,"2025-07-20",2,"Shark Bait","Lenny","Tent Drift",24,27,"[{""species"" : ""Lettuce Sea Slug"", ""count"" : 15}, {""species"" : ""Green Turtle"", ""count"" : 6}, {""species"" : ""Nurse Shark"", ""count"" : 1}, {""species"" : ""Southern Stingray"", ""count"" : 3}, {""species"" : ""Nassau Grouper"", ""count"" : 2}, {""species"" : ""Lionfish Alive"", ""count"" : 3}]"
2339,"2025-07-21",3,"Shark Bait","Aaron","50 50",22,29,"[{""species"" : ""Yellowfin Grouper"", ""count"" : 1}, {""species"" : ""Green Turtle"", ""count"" : 8}, {""species"" : ""Nurse Shark"", ""count"" : 1}]"
2337,"2025-07-21",2,"Shark Bait","Otto","Big Rock Deep",23,28,"[{""species"" : ""Nurse Shark"", ""count"" : 2}]"
2338,"2025-07-21",1,"Shark Bait","Aaron","Third Encounter",33,29,"[{""species"" : ""Tiger Grouper"", ""count"" : 1}, {""species"" : ""Caribbean Reef Shark"", ""count"" : 2}, {""species"" : ""Nassau Grouper"", ""count"" : 2}, {""species"" : ""Yellowfin Grouper"", ""count"" : 3}]"
2341,"2025-07-22",3,"Shark Bait","Aaron","Torrens Point",15,29,"[{""species"" : ""Green Turtle"", ""count"" : 1}]"
2340,"2025-07-22",1,"Shark Bait","Vicky","Tent Deep",26,29,"[{""species"" : ""Tiger Grouper"", ""count"" : 1}, {""species"" : ""Lettuce Sea Slug"", ""count"" : 3}, {""species"" : ""Lionfish Alive"", ""count"" : 3}, {""species"" : ""Green Turtle"", ""count"" : 4}]"
2343,"2025-07-23",3,"Shark Bait","Lenny","Man of War Shoals",22,27,"[{""species"" : ""Lettuce Sea Slug"", ""count"" : 6}, {""species"" : ""Green Turtle"", ""count"" : 3}, {""species"" : ""Southern Stingray"", ""count"" : 5}, {""species"" : ""Yellowfin Grouper"", ""count"" : 3}, {""species"" : ""Flamingo Tongue"", ""count"" : 2}]"
2344,"2025-07-23",2,"Shark Bait","Aaron","Ladder Drift",23,29,"[{""species"" : ""Hawksbill Turtle"", ""count"" : 1}, {""species"" : ""Green Turtle"", ""count"" : 4}, {""species"" : ""Caribbean Reef Shark"", ""count"" : 3}, {""species"" : ""Nurse Shark"", ""count"" : 2}]"
2342,"2025-07-23",1,"Shark Bait","Lenny","Tent Boulders",32,27,"[{""species"" : ""Tiger Grouper"", ""count"" : 3}, {""species"" : ""Longlure Frogfish"", ""count"" : 1}, {""species"" : ""Lettuce Sea Slug"", ""count"" : 4}, {""species"" : ""Green Turtle"", ""count"" : 3}, {""species"" : ""Hawksbill Turtle"", ""count"" : 1}, {""species"" : ""Caribbean Reef Shark"", ""count"" : 2}, {""species"" : ""Southern Stingray"", ""count"" : 2}]"
2348,"2025-07-25",1,"Fin & Tonic","Donné","Tent Drift",22,27,"[{""species"" : ""White-nosed Pipefish"", ""count"" : 2}, {""species"" : ""Green Turtle"", ""count"" : 2}, {""species"" : ""Hawksbill Turtle"", ""count"" : 1}, {""species"" : ""Caribbean Reef Shark"", ""count"" : 2}, {""species"" : ""Lettuce Sea Slug"", ""count"" : 5}, {""species"" : ""Lionfish Alive"", ""count"" : 1}]"
2346,"2025-07-25",2,"Shark Bait","Otto","Ladder Labyrinth",21,28,"[{""species"" : null, ""count"" : null}]"
2347,"2025-07-25",3,"Shark Bait","Otto","Torrens Point",14,28,"[{""species"" : ""Lionfish Alive"", ""count"" : 1}]"
2350,"2025-07-26",1,"Fin & Tonic","Lenny","Big Rock Deep",23,27,"[{""species"" : ""Nurse Shark"", ""count"" : 2}, {""species"" : ""Nassau Grouper"", ""count"" : 2}, {""species"" : ""Tiger Grouper"", ""count"" : 4}, {""species"" : ""Lettuce Sea Slug"", ""count"" : 16}, {""species"" : ""Lionfish Alive"", ""count"" : 2}, {""species"" : ""Southern Stingray"", ""count"" : 3}]"
2351,"2025-07-26",2,"Fin & Tonic","Lenny","Hot Springs",24,27,"[{""species"" : ""Hawksbill Turtle"", ""count"" : 1}, {""species"" : ""Green Turtle"", ""count"" : 10}, {""species"" : ""Nurse Shark"", ""count"" : 1}, {""species"" : ""Southern Stingray"", ""count"" : 5}, {""species"" : ""Nassau Grouper"", ""count"" : 1}, {""species"" : ""Yellowfin Grouper"", ""count"" : 4}, {""species"" : ""Lettuce Sea Slug"", ""count"" : 6}]"
2349,"2025-07-27",1,"Fin & Tonic","Lenny","Customs House",27,27,"[{""species"" : ""Lionfish Dead"", ""count"" : 1}, {""species"" : ""Green Turtle"", ""count"" : 6}, {""species"" : ""Caribbean Reef Shark"", ""count"" : 1}, {""species"" : ""Southern Stingray"", ""count"" : 4}, {""species"" : ""Nassau Grouper"", ""count"" : 1}, {""species"" : ""Tiger Grouper"", ""count"" : 2}, {""species"" : ""Lettuce Sea Slug"", ""count"" : 2}, {""species"" : ""Lionfish Alive"", ""count"" : 4}]"
2352,"2025-07-27",1,"Fin & Tonic","Aaron","Customs House",33,29,"[{""species"" : ""Caribbean Reef Shark"", ""count"" : 2}, {""species"" : ""Green Turtle"", ""count"" : 3}, {""species"" : ""Yellowfin Grouper"", ""count"" : 2}, {""species"" : ""Leech Head Shield Slug"", ""count"" : 1}]"
2353,"2025-07-28",1,"Fin & Tonic","Aaron","Hole in the Corner",24,29,"[{""species"" : ""Green Turtle"", ""count"" : 2}, {""species"" : ""Caribbean Reef Shark"", ""count"" : 1}, {""species"" : ""Yellowfin Grouper"", ""count"" : 1}, {""species"" : ""Lionfish Alive"", ""count"" : 3}]"
2354,"2025-07-28",2,"Fin & Tonic","Donné ","Tent Drift",19,27,"[{""species"" : null, ""count"" : null}]"
2355,"2025-07-29",1,"Fin & Tonic","Aaron","Third Encounter",33,29,"[{""species"" : ""Nassau Grouper"", ""count"" : 2}, {""species"" : ""Caribbean Reef Shark"", ""count"" : 3}, {""species"" : ""Yellowfin Grouper"", ""count"" : 3}, {""species"" : ""Tiger Grouper"", ""count"" : 1}, {""species"" : ""Lionfish Alive"", ""count"" : 6}]"
2356,"2025-07-29",3,"Fin & Tonic","Aaron","Hot Springs",22,29,"[{""species"" : ""Hawksbill Turtle"", ""count"" : 2}, {""species"" : ""Nurse Shark"", ""count"" : 1}, {""species"" : ""Green Turtle"", ""count"" : 6}]"
2357,"2025-07-30",2,"Fin & Tonic","Aaron","Tent Boulders",12,29,"[{""species"" : ""Longlure Frogfish"", ""count"" : 1}, {""species"" : ""Green Turtle"", ""count"" : 6}]"
2360,"2025-07-31",2,"Fin & Tonic","Donné ","Ladder Labyrinth",22,27,"[{""species"" : null, ""count"" : null}]"
2358,"2025-07-31",1,"Fin & Tonic","Otto","Diamond Rock",25,28,"[{""species"" : ""Caribbean Reef Shark"", ""count"" : 3}, {""species"" : ""Lionfish Alive"", ""count"" : 4}, {""species"" : ""Green Turtle"", ""count"" : 2}]"
2361,"2025-08-01",2,"Shark Bait","Donné ","Ladder Drift",18,28,"[{""species"" : null, ""count"" : null}]"
2368,"2025-08-01",1,"Shark Bait","Lenny","Shark Shoals",32,27,"[{""species"" : ""Lettuce Sea Slug"", ""count"" : 2}, {""species"" : ""Caribbean Reef Shark"", ""count"" : 2}, {""species"" : ""Yellowfin Grouper"", ""count"" : 4}, {""species"" : ""Lionfish Alive"", ""count"" : 2}]"
2362,"2025-08-01",3,"Shark Bait","Donné ","Hot Springs",21,28,"[{""species"" : null, ""count"" : null}]"
2359,"2025-08-02",3,"Shark Bait","Donné","Tent Reef",20,28,"[{""species"" : ""Green Turtle"", ""count"" : 6}, {""species"" : ""Nurse Shark"", ""count"" : 2}, {""species"" : ""Lettuce Sea Slug"", ""count"" : 5}]"
2365,"2025-08-03",3,"Shark Bait","Aaron","Tent Boulders",20,29,"[{""species"" : ""Hawksbill Turtle"", ""count"" : 1}, {""species"" : ""Caribbean Reef Shark"", ""count"" : 1}, {""species"" : ""Green Turtle"", ""count"" : 4}]"
2363,"2025-08-03",1,"Shark Bait","Aaron","50 50",24,29,"[{""species"" : ""Green Turtle"", ""count"" : 8}, {""species"" : ""Nurse Shark"", ""count"" : 2}, {""species"" : ""Yellowfin Grouper"", ""count"" : 1}]"
2364,"2025-08-03",1,"Shark Bait","Lenny","50 50",24,27,"[{""species"" : ""Lettuce Sea Slug"", ""count"" : 6}, {""species"" : ""Green Turtle"", ""count"" : 10}, {""species"" : ""Hawksbill Turtle"", ""count"" : 1}, {""species"" : ""Nurse Shark"", ""count"" : 2}, {""species"" : ""Southern Stingray"", ""count"" : 3}, {""species"" : ""Tiger Grouper"", ""count"" : 3}, {""species"" : ""Lionfish Alive"", ""count"" : 1}]"
2366,"2025-08-03",2,"Shark Bait","Lenny","Man of War Shoals",23,27,"[{""species"" : ""Yellowfin Grouper"", ""count"" : 2}, {""species"" : ""Tiger Grouper"", ""count"" : 1}, {""species"" : ""Flamingo Tongue"", ""count"" : 2}, {""species"" : ""Lettuce Sea Slug"", ""count"" : 7}, {""species"" : ""Green Turtle"", ""count"" : 3}, {""species"" : ""Southern Stingray"", ""count"" : 2}]"
2367,"2025-08-04",1,"Shark Bait","Lenny","Tent Deep",27,27,"[{""species"" : ""Tiger Grouper"", ""count"" : 4}, {""species"" : ""Green Turtle"", ""count"" : 5}, {""species"" : ""Southern Stingray"", ""count"" : 2}, {""species"" : ""Lettuce Sea Slug"", ""count"" : 7}]"
2369,"2025-08-04",2,"Shark Bait","Robins","Hot Springs",24,29,"[{""species"" : ""Lettuce Sea Slug"", ""count"" : 12}, {""species"" : ""Green Turtle"", ""count"" : 8}, {""species"" : ""Southern Stingray"", ""count"" : 6}, {""species"" : ""Yellowfin Grouper"", ""count"" : 2}, {""species"" : ""Leech Head Shield Slug"", ""count"" : 10}]"
2370,"2025-08-04",3,"Shark Bait","Robin","Tent Drift",21,29,"[{""species"" : ""Lettuce Sea Slug"", ""count"" : 50}, {""species"" : ""Leech Head Shield Slug"", ""count"" : 6}, {""species"" : ""Nurse Shark"", ""count"" : 1}, {""species"" : ""Southern Stingray"", ""count"" : 6}, {""species"" : ""Yellowfin Grouper"", ""count"" : 4}, {""species"" : ""Green Turtle"", ""count"" : 6}]"
2371,"2025-08-04",1,"Shark Bait","Aaron","Tent Deep",30,29,"[{""species"" : ""Green Turtle"", ""count"" : 4}]"
2372,"2025-08-04",2,"Shark Bait","Aaron","Hot Springs",22,29,"[{""species"" : ""Yellowfin Grouper"", ""count"" : 1}, {""species"" : ""Nurse Shark"", ""count"" : 1}, {""species"" : ""Green Turtle"", ""count"" : 6}]"
2379,"2025-08-05",1,"Shark Bait","Aaron","Customs House",30,29,"[{""species"" : ""Green Turtle"", ""count"" : 4}, {""species"" : ""Yellowfin Grouper"", ""count"" : 1}, {""species"" : ""Lionfish Alive"", ""count"" : 1}]"
2373,"2025-08-05",1,"Shark Bait","Vicky","Customs House",27,29,"[{""species"" : ""Tiger Grouper"", ""count"" : 1}, {""species"" : ""Leech Head Shield Slug"", ""count"" : 1}, {""species"" : ""Lionfish Alive"", ""count"" : 1}, {""species"" : ""Green Turtle"", ""count"" : 3}, {""species"" : ""Southern Stingray"", ""count"" : 2}, {""species"" : ""Lettuce Sea Slug"", ""count"" : 1}]"
2374,"2025-08-05",2,"Shark Bait","Vicky","Tent Reef",22,29,"[{""species"" : ""Nurse Shark"", ""count"" : 1}, {""species"" : ""Lionfish Alive"", ""count"" : 1}, {""species"" : ""Lettuce Sea Slug"", ""count"" : 1}, {""species"" : ""Green Turtle"", ""count"" : 1}]"
2375,"2025-08-05",2,"Fin & Tonic","Chad","Hot Springs",21,28,"[{""species"" : ""Green Turtle"", ""count"" : 5}, {""species"" : ""Southern Stingray"", ""count"" : 2}]"
2376,"2025-08-05",1,"Fin & Tonic","Donné ","Tent Shallow",22,27,"[{""species"" : null, ""count"" : null}]"
2377,"2025-08-05",1,"Fin & Tonic","Otto","Tent Reef",22,28,"[{""species"" : null, ""count"" : null}]"
2378,"2025-08-05",2,"Fin & Tonic","Donné ","Hot Springs",20,27,"[{""species"" : null, ""count"" : null}]"
2380,"2025-08-05",3,"Shark Bait","Aaron","Ladder Labyrinth",22,29,"[{""species"" : ""Hawksbill Turtle"", ""count"" : 1}, {""species"" : ""Green Turtle"", ""count"" : 3}, {""species"" : ""Nurse Shark"", ""count"" : 1}, {""species"" : ""Lionfish Dead"", ""count"" : 1}]"
2396,"2025-08-05",2,"Shark Bait","Robins ","Tent Shallow",24,29,"[{""species"" : ""Nurse Shark"", ""count"" : 1}, {""species"" : ""Green Turtle"", ""count"" : 6}, {""species"" : ""Southern Stingray"", ""count"" : 5}, {""species"" : ""Yellowfin Grouper"", ""count"" : 6}, {""species"" : ""Lettuce Sea Slug"", ""count"" : 35}, {""species"" : ""Flamingo Tongue"", ""count"" : 4}]"
2383,"2025-08-06",1,"Shark Bait","Vicky","Tent Reef Wall",26,29,"[{""species"" : ""Longlure Frogfish"", ""count"" : 1}, {""species"" : ""Caribbean Reef Shark"", ""count"" : 1}, {""species"" : ""Lionfish Dead"", ""count"" : 2}]"
2384,"2025-08-06",2,"Shark Bait","Vicky","Diamond Rock",24,29,"[{""species"" : ""Green Turtle"", ""count"" : 3}, {""species"" : ""Hawksbill Turtle"", ""count"" : 1}, {""species"" : ""Caribbean Reef Shark"", ""count"" : 3}, {""species"" : ""Tiger Grouper"", ""count"" : 1}, {""species"" : ""Lionfish Alive"", ""count"" : 1}, {""species"" : ""Lionfish Dead"", ""count"" : 2}]"
2382,"2025-08-06",3,"Shark Bait","Aaron","50 50",22,29,"[{""species"" : ""Green Turtle"", ""count"" : 6}, {""species"" : ""Lionfish Alive"", ""count"" : 2}]"
2395,"2025-08-06",2,"Shark Bait","Robins ","Diamond Rock",24,29,"[{""species"" : ""Nurse Shark"", ""count"" : 3}, {""species"" : ""Yellowfin Grouper"", ""count"" : 8}, {""species"" : ""Green Turtle"", ""count"" : 8}, {""species"" : ""Caribbean Reef Shark"", ""count"" : 3}, {""species"" : ""Southern Stingray"", ""count"" : 7}]"
2381,"2025-08-06",1,"Shark Bait","Aaron","Tent Reef Wall",30,29,"[{""species"" : ""Caribbean Reef Shark"", ""count"" : 1}, {""species"" : ""Lionfish Dead"", ""count"" : 2}]"
2387,"2025-08-07",2,"Shark Bait","Vicky","Diamond Rock",22,29,"[{""species"" : ""Caribbean Reef Shark"", ""count"" : 1}, {""species"" : ""Green Turtle"", ""count"" : 4}, {""species"" : ""Southern Stingray"", ""count"" : 1}, {""species"" : ""Yellowfin Grouper"", ""count"" : 1}]"
2388,"2025-08-07",1,"Fin & Tonic","Otto","Tent Reef Wall",27,28,"[{""species"" : null, ""count"" : null}]"
2389,"2025-08-07",2,"Fin & Tonic","Otto","Man of War Shoals",22,28,"[{""species"" : ""Nurse Shark"", ""count"" : 1}, {""species"" : ""Green Turtle"", ""count"" : 2}]"
2390,"2025-08-07",3,"Fin & Tonic","Otto","Tent Reef",21,28,"[{""species"" : ""Green Turtle"", ""count"" : 3}, {""species"" : ""Hawksbill Turtle"", ""count"" : 1}, {""species"" : ""Longspine Sea Urchin"", ""count"" : 5}]"
2391,"2025-08-07",2,"Fin & Tonic","Donné, Otto","Man of War Shoals",21,27,"[{""species"" : ""Nurse Shark"", ""count"" : 1}, {""species"" : ""Tiger Grouper"", ""count"" : 1}, {""species"" : ""Green Turtle"", ""count"" : 1}, {""species"" : ""Caribbean Reef Shark"", ""count"" : 1}, {""species"" : ""Southern Stingray"", ""count"" : 1}]"
2392,"2025-08-07",2,"Shark Bait","Aaron","Diamond Rock",24,29,"[{""species"" : ""Yellowfin Grouper"", ""count"" : 3}, {""species"" : ""Caribbean Reef Shark"", ""count"" : 4}, {""species"" : ""Green Turtle"", ""count"" : 4}]"
2393,"2025-08-07",1,"Shark Bait","Robins","Mt. Michel",22,29,"[{""species"" : ""Lionfish Alive"", ""count"" : 4}, {""species"" : ""Yellowfin Grouper"", ""count"" : 6}, {""species"" : ""Nassau Grouper"", ""count"" : 5}, {""species"" : ""Lettuce Sea Slug"", ""count"" : 16}, {""species"" : ""Flamingo Tongue"", ""count"" : 7}, {""species"" : ""Fingerprint Cyphoma"", ""count"" : 4}, {""species"" : ""Tiger Grouper"", ""count"" : 2}]"
2394,"2025-08-07",3,"Shark Bait","Robins ","Tent Boulders",21,29,"[{""species"" : ""Red-tipped Sea Goddess"", ""count"" : 15}, {""species"" : ""Flamingo Tongue"", ""count"" : 12}, {""species"" : ""Green Turtle"", ""count"" : 8}, {""species"" : ""Southern Stingray"", ""count"" : 2}, {""species"" : ""Nassau Grouper"", ""count"" : 3}, {""species"" : ""Yellowfin Grouper"", ""count"" : 4}, {""species"" : ""Lettuce Sea Slug"", ""count"" : 50}]"
2385,"2025-08-07",1,"Fin & Tonic","Lenny","Tent Boulders",30,27,"[{""species"" : ""Lionfish Alive"", ""count"" : 2}, {""species"" : ""Green Turtle"", ""count"" : 4}, {""species"" : ""Southern Stingray"", ""count"" : 3}, {""species"" : ""Tiger Grouper"", ""count"" : 5}, {""species"" : ""Lettuce Sea Slug"", ""count"" : 8}]"
2386,"2025-08-07",1,"Shark Bait","Vicky","Big Rock Deep",23,29,"[{""species"" : ""Lettuce Sea Slug"", ""count"" : 3}, {""species"" : ""Nurse Shark"", ""count"" : 1}, {""species"" : ""Roughtail Stingray"", ""count"" : 1}, {""species"" : ""Lionfish Alive"", ""count"" : 3}]"
2399,"2025-08-08",2,"Shark Bait","Otto","Tent Reef",21,29,"[{""species"" : ""Green Turtle"", ""count"" : 2}, {""species"" : ""Yellowfin Grouper"", ""count"" : 2}, {""species"" : ""Hawksbill Turtle"", ""count"" : 1}]"
2397,"2025-08-08",1,"Shark Bait","Chad","Customs House",18,29,"[{""species"" : ""Leech Head Shield Slug"", ""count"" : 3}, {""species"" : ""Lionfish Alive"", ""count"" : 1}, {""species"" : ""Green Turtle"", ""count"" : 5}, {""species"" : ""Caribbean Reef Shark"", ""count"" : 1}, {""species"" : ""Southern Stingray"", ""count"" : 5}, {""species"" : ""Lettuce Sea Slug"", ""count"" : 1}]"
2398,"2025-08-08",1,"Shark Bait","Otto","Customs House",27,29,"[{""species"" : ""Southern Stingray"", ""count"" : 2}, {""species"" : ""Caribbean Reef Shark"", ""count"" : 1}, {""species"" : ""Green Turtle"", ""count"" : 3}]"
2400,"2025-08-08",1,"Shark Bait","Donne","Customs House",32,27,"[{""species"" : null, ""count"" : null}]"
2401,"2025-08-08",2,"Shark Bait","Donne","Tent Reef",20,27,"[{""species"" : null, ""count"" : null}]"
2402,"2025-08-08",3,"Shark Bait","Donne","Hot Springs",19,27,"[{""species"" : null, ""count"" : null}]"
2403,"2025-08-09",1,"Fin & Tonic","Donne","Big Rock Deep",24,27,"[{""species"" : null, ""count"" : null}]"
2404,"2025-08-09",2,"Fin & Tonic","Otto","Man of War Shoals",22,29,"[{""species"" : ""Nurse Shark"", ""count"" : 1}, {""species"" : ""Green Turtle"", ""count"" : 3}, {""species"" : ""Southern Stingray"", ""count"" : 2}]"
2405,"2025-08-09",2,"Fin & Tonic","Donne","Tent Boulders",19,27,"[{""species"" : null, ""count"" : null}]"
2406,"2025-08-09",1,"Fin & Tonic","Lenny","Big Rock Deep",24,27,"[{""species"" : ""Southern Stingray"", ""count"" : 3}, {""species"" : ""Green Turtle"", ""count"" : 2}, {""species"" : ""Nurse Shark"", ""count"" : 1}, {""species"" : ""Nassau Grouper"", ""count"" : 3}, {""species"" : ""Tiger Grouper"", ""count"" : 4}, {""species"" : ""Lettuce Sea Slug"", ""count"" : 10}, {""species"" : ""Flamingo Tongue"", ""count"" : 2}, {""species"" : ""Lionfish Alive"", ""count"" : 6}, {""species"" : ""Lionfish Dead"", ""count"" : 5}]"
2407,"2025-08-09",2,"Fin & Tonic","Lenny","Man of War Shoals",22,27,"[{""species"" : ""Southern Stingray"", ""count"" : 4}, {""species"" : ""Tiger Grouper"", ""count"" : 2}, {""species"" : ""Green Turtle"", ""count"" : 3}, {""species"" : ""Lettuce Sea Slug"", ""count"" : 8}]"
2408,"2025-08-12",1,"Fin & Tonic","Vicky","Diamond Rock",24,29,"[{""species"" : ""Green Turtle"", ""count"" : 3}, {""species"" : ""Caribbean Reef Shark"", ""count"" : 1}, {""species"" : ""Roughtail Stingray"", ""count"" : 1}, {""species"" : ""Yellowfin Grouper"", ""count"" : 1}, {""species"" : ""Lionfish Alive"", ""count"" : 1}]"
2409,"2025-08-12",2,"Fin & Tonic","Vicky","Man of War Shoals",22,29,"[{""species"" : ""Green Turtle"", ""count"" : 3}, {""species"" : ""Caribbean Reef Shark"", ""count"" : 1}, {""species"" : ""Southern Stingray"", ""count"" : 2}, {""species"" : ""Yellowfin Grouper"", ""count"" : 1}, {""species"" : ""Lettuce Sea Slug"", ""count"" : 1}]"
2410,"2025-08-12",3,"Fin & Tonic","Aaron","Hot Springs",22,29,"[{""species"" : ""Green Turtle"", ""count"" : 6}, {""species"" : ""Nurse Shark"", ""count"" : 1}, {""species"" : ""Long Snout Seahorse"", ""count"" : 1}]"
2411,"2025-08-13",2,"Fin & Tonic","Aaron","Big Rock Market",22,29,"[{""species"" : ""Nurse Shark"", ""count"" : 1}, {""species"" : ""Green Turtle"", ""count"" : 1}, {""species"" : ""Caribbean Reef Shark"", ""count"" : 1}, {""species"" : ""Lionfish Dead"", ""count"" : 8}]"
2412,"2025-08-13",3,"Fin & Tonic","Aaron","Babylon",22,29,"[{""species"" : ""Green Turtle"", ""count"" : 1}, {""species"" : ""Caribbean Reef Shark"", ""count"" : 3}, {""species"" : ""Nurse Shark"", ""count"" : 3}, {""species"" : ""Lionfish Dead"", ""count"" : 2}]"
2413,"2025-08-14",1,"Fin & Tonic","Otto","Tent Deep",27,29,"[{""species"" : ""Green Turtle"", ""count"" : 4}]"
2414,"2025-08-20",2,"Fin & Tonic","Donné","Tent Shallow",19,27,"[{""species"" : ""Nurse Shark"", ""count"" : 2}, {""species"" : ""Green Turtle"", ""count"" : 2}, {""species"" : ""Lettuce Sea Slug"", ""count"" : 11}, {""species"" : ""Flamingo Tongue"", ""count"" : 2}, {""species"" : ""Lionfish Alive"", ""count"" : 1}]"
2415,"2025-08-21",1,"Fin & Tonic","Otto","Customs House",27,29,"[{""species"" : ""Green Turtle"", ""count"" : 6}, {""species"" : ""Lionfish Alive"", ""count"" : 1}, {""species"" : ""Caribbean Reef Shark"", ""count"" : 1}]"
2416,"2025-08-21",3,"Fin & Tonic","Otto","Hole in the Corner",21,29,"[{""species"" : ""Caribbean Reef Shark"", ""count"" : 1}]"
2417,"2025-08-25",1,"Fin & Tonic","Otto","Tent Boulders",30,28,"[{""species"" : ""Nurse Shark"", ""count"" : 2}, {""species"" : ""Caribbean Reef Shark"", ""count"" : 1}, {""species"" : ""Green Turtle"", ""count"" : 5}]"
2418,"2025-08-25",3,"Fin & Tonic","Otto","Tent Reef",24,28,"[{""species"" : ""Lionfish Alive"", ""count"" : 2}, {""species"" : ""Green Turtle"", ""count"" : 4}, {""species"" : ""Hawksbill Turtle"", ""count"" : 1}]"
2419,"2025-08-26",3,"Fin & Tonic","Otto","Tent Boulders",24,28,"[{""species"" : ""Lionfish Alive"", ""count"" : 3}]"
2420,"2025-08-28",1,"Fin & Tonic","Chad","Shark Shoals",34,27,"[{""species"" : ""Caribbean Reef Shark"", ""count"" : 2}, {""species"" : ""Hawksbill Turtle"", ""count"" : 1}]"
2421,"2025-08-28",3,"Fin & Tonic","Donne","Tent Shallow",15,27,"[{""species"" : ""Lionfish Alive"", ""count"" : 2}, {""species"" : ""Southern Stingray"", ""count"" : 2}, {""species"" : ""Lettuce Sea Slug"", ""count"" : 11}, {""species"" : ""Flamingo Tongue"", ""count"" : 3}, {""species"" : ""Green Turtle"", ""count"" : 7}]"
2422,"2025-08-28",1,"Fin & Tonic","Otto","Shark Shoals",52,28,"[{""species"" : ""Lionfish Alive"", ""count"" : 2}, {""species"" : ""Caribbean Reef Shark"", ""count"" : 2}, {""species"" : ""Hawksbill Turtle"", ""count"" : 1}]"
2423,"2025-08-29",2,"Fin & Tonic","Otto","Green Island",18,28,"[{""species"" : ""Green Turtle"", ""count"" : 1}, {""species"" : ""Lionfish Dead"", ""count"" : 6}, {""species"" : ""Lionfish Alive"", ""count"" : 9}]"
2424,"2025-08-29",1,"Fin & Tonic","Donne","Diamond Rock",25,27,"[{""species"" : null, ""count"" : null}]"
2425,"2025-08-30",1,"Fin & Tonic","Otto","Abraham's Hole",27,28,"[{""species"" : ""Nurse Shark"", ""count"" : 2}, {""species"" : ""Lionfish Dead"", ""count"" : 2}, {""species"" : ""Lionfish Alive"", ""count"" : 4}]"
2426,"2025-08-30",3,"Fin & Tonic","Otto","50 50",24,28,"[{""species"" : ""Southern Stingray"", ""count"" : 3}, {""species"" : ""Lionfish Dead"", ""count"" : 1}, {""species"" : ""Caribbean Reef Shark"", ""count"" : 1}, {""species"" : ""Nurse Shark"", ""count"" : 1}]"
2427,"2025-09-03",2,"Fin & Tonic","Aaron","Hot Springs",24,30,"[{""species"" : ""Yellowfin Grouper"", ""count"" : 1}, {""species"" : ""Southern Stingray"", ""count"" : 4}, {""species"" : ""Long Snout Seahorse"", ""count"" : 2}, {""species"" : ""Green Turtle"", ""count"" : 5}, {""species"" : ""Nurse Shark"", ""count"" : 4}, {""species"" : ""Roughtail Stingray"", ""count"" : 1}]"
2428,"2025-09-03",3,"Fin & Tonic","Donne","Tent Reef",17,30,"[{""species"" : null, ""count"" : null}]"
2429,"2025-09-04",3,"Fin & Tonic","Donne","Ladder Labyrinth",16,30,"[{""species"" : null, ""count"" : null}]"
2430,"2025-09-04",2,"Fin & Tonic","Robins","Tent Drift",24,28,"[{""species"" : ""Nassau Grouper"", ""count"" : 5}, {""species"" : ""Green Turtle"", ""count"" : 12}, {""species"" : ""Nurse Shark"", ""count"" : 2}, {""species"" : ""Yellowfin Grouper"", ""count"" : 8}, {""species"" : ""Red-tipped Sea Goddess"", ""count"" : 16}, {""species"" : ""Lettuce Sea Slug"", ""count"" : 36}, {""species"" : ""Lionfish Alive"", ""count"" : 2}]"
2431,"2025-09-07",1,"Fin & Tonic","Vicky","Tent Deep",26,29,"[{""species"" : ""Green Turtle"", ""count"" : 3}, {""species"" : ""Lettuce Sea Slug"", ""count"" : 1}, {""species"" : ""Longspine Sea Urchin"", ""count"" : 1}, {""species"" : ""Caribbean Reef Shark"", ""count"" : 1}, {""species"" : ""Flamingo Tongue"", ""count"" : 2}, {""species"" : ""Lionfish Alive"", ""count"" : 1}]"
2432,"2025-09-07",2,"Fin & Tonic","Aaron","Hot Springs",22,30,"[{""species"" : ""Long Snout Seahorse"", ""count"" : 1}, {""species"" : ""Green Turtle"", ""count"" : 6}, {""species"" : ""Nurse Shark"", ""count"" : 1}]"
2433,"2025-09-13",1,"Fin & Tonic","Otto","Third Encounter",34,-2,"[{""species"" : ""Nurse Shark"", ""count"" : 2}]"
2434,"2025-09-13",3,"Fin & Tonic","Otto","Hot Springs",21,29,"[{""species"" : null, ""count"" : null}]"
2435,"2025-09-14",2,"Fin & Tonic","Aaron","Hot Springs",23,31,"[{""species"" : ""Caribbean Reef Shark"", ""count"" : 2}, {""species"" : ""Nurse Shark"", ""count"" : 2}, {""species"" : ""Green Turtle"", ""count"" : 3}, {""species"" : ""Southern Stingray"", ""count"" : 1}, {""species"" : ""Long Snout Seahorse"", ""count"" : 1}]"
2436,"2025-09-18",1,"Fin & Tonic","Donne","Tent Reef",20,30,"[{""species"" : ""Nurse Shark"", ""count"" : 2}]"
2437,"2025-09-19",1,"Fin & Tonic","Otto","Tent Boulders",12,29,"[{""species"" : null, ""count"" : null}]"
2438,"2025-09-19",3,"Fin & Tonic","Otto","Torrens Point",12,29,"[{""species"" : null, ""count"" : null}]"
2443,"2025-09-20",3,"Fin & Tonic","Donne","End of the Runway",20,27,"[{""species"" : null, ""count"" : null}]"
2439,"2025-09-20",2,"Fin & Tonic","Otto","Green Island",20,29,"[{""species"" : ""Green Turtle"", ""count"" : 2}, {""species"" : ""Lionfish Alive"", ""count"" : 2}, {""species"" : ""Caribbean Reef Shark"", ""count"" : 1}, {""species"" : ""Yellowfin Grouper"", ""count"" : 1}, {""species"" : ""Nurse Shark"", ""count"" : 2}]"
2442,"2025-09-20",1,"Fin & Tonic","Donne","Abraham's Hole",18,30,"[{""species"" : ""Green Turtle"", ""count"" : 2}, {""species"" : ""Hawksbill Turtle"", ""count"" : 1}]"
2440,"2025-09-21",1,"Fin & Tonic","Lenny","50 50",20,27,"[{""species"" : ""Lettuce Sea Slug"", ""count"" : 5}, {""species"" : ""Nurse Shark"", ""count"" : 2}, {""species"" : ""Green Turtle"", ""count"" : 6}, {""species"" : ""Southern Stingray"", ""count"" : 3}, {""species"" : ""Long Snout Seahorse"", ""count"" : 1}, {""species"" : ""Flamingo Tongue"", ""count"" : 2}, {""species"" : ""Tiger Grouper"", ""count"" : 2}]"
2441,"2025-09-21",2,"Fin & Tonic","Donne","Tent Reef",19,30,"[{""species"" : ""Lionfish Alive"", ""count"" : 2}, {""species"" : ""Roughtail Stingray"", ""count"" : 2}, {""species"" : ""Caribbean Reef Shark"", ""count"" : 1}, {""species"" : ""Hawksbill Turtle"", ""count"" : 1}, {""species"" : ""Green Turtle"", ""count"" : 3}]"
2444,"2025-09-22",1,"Fin & Tonic","Otto","Customs House",24,29,"[{""species"" : ""Caribbean Reef Shark"", ""count"" : 1}, {""species"" : ""Nurse Shark"", ""count"" : 1}]"
2445,"2025-09-22",3,"Fin & Tonic","Otto","Torrens Point",14,29,"[{""species"" : ""Caribbean Reef Shark"", ""count"" : 1}, {""species"" : ""Southern Stingray"", ""count"" : 3}, {""species"" : ""Nurse Shark"", ""count"" : 1}]"
2446,"2025-09-22",2,"Shark Bait","Vicky","Diamond Rock",25,30,"[{""species"" : ""Southern Stingray"", ""count"" : 3}, {""species"" : ""Nurse Shark"", ""count"" : 1}, {""species"" : ""Caribbean Reef Shark"", ""count"" : 2}, {""species"" : ""Green Turtle"", ""count"" : 6}, {""species"" : ""Yellowfin Grouper"", ""count"" : 2}, {""species"" : ""Lionfish Alive"", ""count"" : 1}, {""species"" : ""Lionfish Dead"", ""count"" : 4}]"
2447,"2025-09-23",3,"Shark Bait","Aaron","Tent Reef",22,31,"[{""species"" : ""Yellowfin Grouper"", ""count"" : 2}, {""species"" : ""Green Turtle"", ""count"" : 4}, {""species"" : ""Nurse Shark"", ""count"" : 1}, {""species"" : ""Lionfish Dead"", ""count"" : 4}]"
2448,"2025-09-23",1,"Shark Bait","Otto","Outer Limits",34,29,"[{""species"" : ""Caribbean Reef Shark"", ""count"" : 2}, {""species"" : ""Lionfish Alive"", ""count"" : 3}, {""species"" : ""Lionfish Dead"", ""count"" : 6}]"
2449,"2025-09-24",1,"Fin & Tonic","Aaron","Man of War Shoals",22,31,"[{""species"" : ""Green Turtle"", ""count"" : 2}]"
2450,"2025-09-24",3,"Fin & Tonic","Aaron","Hot Springs",23,31,"[{""species"" : ""Green Turtle"", ""count"" : 8}, {""species"" : ""Long Snout Seahorse"", ""count"" : 2}]"
2451,"2025-09-24",1,"Fin & Tonic","Donne","Man of War Shoals",18,30,"[{""species"" : null, ""count"" : null}]"
